id,title,text,label,category,source_type,author,publication_date,country,language,word_count,has_source,credibility_score,shares,likes,comments
1,Government announces new scholarship program for college students,"According to an update shared by relevant organizations, government announces new scholarship program for college students. The report focuses on the available information and encourages readers to verify details through reliable sources.",REAL,Technology,Official/Reported,Author_7,2026-05-08,USA,English,32,True,0.78,13444,71487,1424
2,Scientists discover a new method to improve solar panel efficiency,"According to an update shared by relevant organizations, scientists discover a new method to improve solar panel efficiency. The report focuses on the available information and encourages readers to verify details through reliable sources.",REAL,Weather,Official/Reported,Author_9,2026-01-03,USA,English,34,True,0.81,78917,3483,9195
3,Local university opens a new artificial intelligence research center,Officials and researchers have reported an update related to local university opens a new artificial intelligence research center. The information is being discussed through formal announcements and available reports. Readers are advised to check the original source for complete details.,REAL,Weather,Official/Reported,Author_57,2026-08-19,UK,English,40,True,0.94,861,20931,11438
4,New public transport route launched to connect rural areas,"A recent report discusses new public transport route launched to connect rural areas. The development has attracted public attention, while further details are expected from relevant authorities and organizations.",REAL,Business,Official/Reported,Author_72,2026-03-07,UK,English,29,True,0.77,49807,12681,5881
5,Researchers publish study on reducing plastic waste in cities,"A recent report discusses researchers publish study on reducing plastic waste in cities. The development has attracted public attention, while further details are expected from relevant authorities and organizations.",REAL,Health,Official/Reported,Author_12,2026-08-18,India,English,29,True,0.98,49625,10333,9044
6,Health department releases updated vaccination schedule,"A recent report discusses health department releases updated vaccination schedule. The development has attracted public attention, while further details are expected from relevant authorities and organizations.",REAL,Business,Official/Reported,Author_148,2026-04-23,India,English,26,True,0.76,29881,37935,1307
7,National bank introduces updated digital payment security guidelines,Officials and researchers have reported an update related to national bank introduces updated digital payment security guidelines. The information is being discussed through formal announcements and available reports. Readers are advised to check the original source for complete details.,REAL,Technology,Official/Reported,Author_98,2026-05-15,UK,English,39,True,0.79,46576,27465,10980
8,Weather department issues rainfall advisory for several regions,"A recent report discusses weather department issues rainfall advisory for several regions. The development has attracted public attention, while further details are expected from relevant authorities and organizations.",REAL,Technology,Official/Reported,Author_44,2026-04-06,Canada,English,28,True,0.84,83896,73005,3598
9,University launches internship program for engineering students,"According to an update shared by relevant organizations, university launches internship program for engineering students. The report focuses on the available information and encourages readers to verify details through reliable sources.",REAL,Business,Official/Reported,Author_15,2026-04-27,India,English,31,True,0.94,52591,35098,1084
10,Technology company releases a software update with security fixes,Officials and researchers have reported an update related to technology company releases a software update with security fixes. The information is being discussed through formal announcements and available reports. Readers are advised to check the original source for complete details.,REAL,Business,Official/Reported,Author_55,2026-08-13,Canada,English,40,True,0.78,18311,32330,12205
11,Celebrity secretly becomes president of the country overnight,"An unverified internet post claims that celebrity secretly becomes president of the country overnight. No dependable evidence is provided in the message, so the information should not be treated as confirmed without further verification.",FAKE,Health,Social Media/Unverified,Author_150,2026-07-19,Canada,English,34,False,0.18,18141,66789,8085
12,Scientists confirm that drinking one glass of water gives superpowers,A viral online claim says that scientists confirm that drinking one glass of water gives superpowers. The post provides dramatic details but does not identify a reliable official source or independent evidence. Readers should verify the claim before sharing it.,FAKE,Politics,Social Media/Unverified,Author_29,2026-03-21,USA,English,40,False,0.33,55343,78177,1040
13,Government announces free smartphones for every citizen tomorrow,Social media users are circulating a story claiming that government announces free smartphones for every citizen tomorrow. The claim appears sensational and should be checked against trustworthy news organizations and official statements.,FAKE,Weather,Social Media/Unverified,Author_120,2026-05-18,India,English,32,False,0.29,15024,70386,12302
14,New app claims it can predict every person's future with 100 percent accuracy,Social media users are circulating a story claiming that new app claims it can predict every person's future with 100 percent accuracy. The claim appears sensational and should be checked against trustworthy news organizations and official statements.,FAKE,Business,Social Media/Unverified,Author_29,2026-05-14,USA,English,37,False,0.21,94656,34527,8201
15,Internet users discover a hidden button that makes phones charge instantly,A viral online claim says that internet users discover a hidden button that makes phones charge instantly. The post provides dramatic details but does not identify a reliable official source or independent evidence. Readers should verify the claim before sharing it.,FAKE,Technology,Social Media/Unverified,Author_77,2026-04-05,UK,English,41,False,0.32,70707,69519,9
16,Researchers prove that humans can survive without sleep for one year,"An unverified internet post claims that researchers prove that humans can survive without sleep for one year. No dependable evidence is provided in the message, so the information should not be treated as confirmed without further verification.",FAKE,Business,Social Media/Unverified,Author_126,2026-01-04,UK,English,37,False,0.36,40316,31390,949
17,Company announces that its laptop can run for ten years without charging,A viral online claim says that company announces that its laptop can run for ten years without charging. The post provides dramatic details but does not identify a reliable official source or independent evidence. Readers should verify the claim before sharing it.,FAKE,Technology,Social Media/Unverified,Author_22,2026-08-27,India,English,42,False,0.39,69832,16488,2103
18,Social media post claims the moon will disappear for seven days,"An unverified internet post claims that social media post claims the moon will disappear for seven days. No dependable evidence is provided in the message, so the information should not be treated as confirmed without further verification.",FAKE,Entertainment,Social Media/Unverified,Author_141,2026-03-09,Australia,English,37,False,0.36,55471,27765,8835
19,Online message says students can receive guaranteed jobs by sharing one post,"An unverified internet post claims that online message says students can receive guaranteed jobs by sharing one post. No dependable evidence is provided in the message, so the information should not be treated as confirmed without further verification.",FAKE,Education,Social Media/Unverified,Author_80,2026-07-22,UK,English,38,False,0.2,67849,59182,1982
20,Viral post claims a common household item can completely cure every disease,A viral online claim says that viral post claims a common household item can completely cure every disease. The post provides dramatic details but does not identify a reliable official source or independent evidence. Readers should verify the claim before sharing it.,FAKE,Education,Social Media/Unverified,Author_17,2026-06-01,Australia,English,42,False,0.24,77138,28869,117
21,Government announces new scholarship program for college students,Officials and researchers have reported an update related to government announces new scholarship program for college students. The information is being discussed through formal announcements and available reports. Readers are advised to check the original source for complete details.,REAL,Politics,Official/Reported,Author_59,2026-02-02,UK,English,39,True,0.77,31205,36505,10960
22,Scientists discover a new method to improve solar panel efficiency,"A recent report discusses scientists discover a new method to improve solar panel efficiency. The development has attracted public attention, while further details are expected from relevant authorities and organizations.",REAL,Education,Official/Reported,Author_139,2026-03-24,Australia,English,30,True,0.89,31860,61998,13230
23,Local university opens a new artificial intelligence research center,"A recent report discusses local university opens a new artificial intelligence research center. The development has attracted public attention, while further details are expected from relevant authorities and organizations.",REAL,Education,Official/Reported,Author_25,2026-02-22,Canada,English,29,True,0.84,53893,61218,14153
24,New public transport route launched to connect rural areas,"According to an update shared by relevant organizations, new public transport route launched to connect rural areas. The report focuses on the available information and encourages readers to verify details through reliable sources.",REAL,Politics,Official/Reported,Author_26,2026-01-13,UK,English,33,True,0.94,14332,32596,3139
25,Researchers publish study on reducing plastic waste in cities,Officials and researchers have reported an update related to researchers publish study on reducing plastic waste in cities. The information is being discussed through formal announcements and available reports. Readers are advised to check the original source for complete details.,REAL,Entertainment,Official/Reported,Author_36,2026-07-06,UK,English,40,True,0.86,9890,58087,13238
26,Health department releases updated vaccination schedule,"According to an update shared by relevant organizations, health department releases updated vaccination schedule. The report focuses on the available information and encourages readers to verify details through reliable sources.",REAL,Technology,Official/Reported,Author_13,2026-01-03,USA,English,30,True,0.79,63663,63097,3502
27,National bank introduces updated digital payment security guidelines,"A recent report discusses national bank introduces updated digital payment security guidelines. The development has attracted public attention, while further details are expected from relevant authorities and organizations.",REAL,Politics,Official/Reported,Author_43,2026-07-01,Canada,English,28,True,0.81,59648,37393,6930
28,Weather department issues rainfall advisory for several regions,"According to an update shared by relevant organizations, weather department issues rainfall advisory for several regions. The report focuses on the available information and encourages readers to verify details through reliable sources.",REAL,Entertainment,Official/Reported,Author_40,2026-04-10,USA,English,32,True,0.98,75924,71071,998
29,University launches internship program for engineering students,"According to an update shared by relevant organizations, university launches internship program for engineering students. The report focuses on the available information and encourages readers to verify details through reliable sources.",REAL,Business,Official/Reported,Author_15,2026-01-19,Canada,English,31,True,0.87,69625,20640,931
30,Technology company releases a software update with security fixes,"According to an update shared by relevant organizations, technology company releases a software update with security fixes. The report focuses on the available information and encourages readers to verify details through reliable sources.",REAL,Technology,Official/Reported,Author_48,2026-02-20,India,English,33,True,0.91,30838,52928,1964
31,Celebrity secretly becomes president of the country overnight,"An unverified internet post claims that celebrity secretly becomes president of the country overnight. No dependable evidence is provided in the message, so the information should not be treated as confirmed without further verification.",FAKE,Education,Social Media/Unverified,Author_149,2026-01-20,India,English,34,False,0.2,76513,74090,8565
32,Scientists confirm that drinking one glass of water gives superpowers,Social media users are circulating a story claiming that scientists confirm that drinking one glass of water gives superpowers. The claim appears sensational and should be checked against trustworthy news organizations and official statements.,FAKE,Health,Social Media/Unverified,Author_53,2026-06-08,UK,English,34,False,0.19,88049,39326,7491
33,Government announces free smartphones for every citizen tomorrow,Social media users are circulating a story claiming that government announces free smartphones for every citizen tomorrow. The claim appears sensational and should be checked against trustworthy news organizations and official statements.,FAKE,Technology,Social Media/Unverified,Author_3,2026-08-20,Australia,English,32,False,0.4,9612,70473,3492
34,New app claims it can predict every person's future with 100 percent accuracy,"An unverified internet post claims that new app claims it can predict every person's future with 100 percent accuracy. No dependable evidence is provided in the message, so the information should not be treated as confirmed without further verification.",FAKE,Health,Social Media/Unverified,Author_34,2026-06-03,USA,English,39,False,0.18,20686,57438,13660
35,Internet users discover a hidden button that makes phones charge instantly,"An unverified internet post claims that internet users discover a hidden button that makes phones charge instantly. No dependable evidence is provided in the message, so the information should not be treated as confirmed without further verification.",FAKE,Health,Social Media/Unverified,Author_136,2026-01-22,Australia,English,37,False,0.15,86961,13582,14387
36,Researchers prove that humans can survive without sleep for one year,A viral online claim says that researchers prove that humans can survive without sleep for one year. The post provides dramatic details but does not identify a reliable official source or independent evidence. Readers should verify the claim before sharing it.,FAKE,Health,Social Media/Unverified,Author_30,2026-02-24,Australia,English,41,False,0.1,36940,79281,3450
37,Company announces that its laptop can run for ten years without charging,"An unverified internet post claims that company announces that its laptop can run for ten years without charging. No dependable evidence is provided in the message, so the information should not be treated as confirmed without further verification.",FAKE,Business,Social Media/Unverified,Author_53,2026-05-17,Canada,English,38,False,0.14,6668,12102,10392
38,Social media post claims the moon will disappear for seven days,Social media users are circulating a story claiming that social media post claims the moon will disappear for seven days. The claim appears sensational and should be checked against trustworthy news organizations and official statements.,FAKE,Health,Social Media/Unverified,Author_12,2026-01-11,USA,English,35,False,0.27,34345,21183,12144
39,Online message says students can receive guaranteed jobs by sharing one post,Social media users are circulating a story claiming that online message says students can receive guaranteed jobs by sharing one post. The claim appears sensational and should be checked against trustworthy news organizations and official statements.,FAKE,Weather,Social Media/Unverified,Author_144,2026-01-04,India,English,36,False,0.38,90583,19541,8938
40,Viral post claims a common household item can completely cure every disease,A viral online claim says that viral post claims a common household item can completely cure every disease. The post provides dramatic details but does not identify a reliable official source or independent evidence. Readers should verify the claim before sharing it.,FAKE,Business,Social Media/Unverified,Author_150,2026-03-14,USA,English,42,False,0.06,47805,5234,14727
41,Government announces new scholarship program for college students,"A recent report discusses government announces new scholarship program for college students. The development has attracted public attention, while further details are expected from relevant authorities and organizations.",REAL,Education,Official/Reported,Author_64,2026-02-12,Australia,English,28,True,0.96,53274,20262,3878
42,Scientists discover a new method to improve solar panel efficiency,Officials and researchers have reported an update related to scientists discover a new method to improve solar panel efficiency. The information is being discussed through formal announcements and available reports. Readers are advised to check the original source for complete details.,REAL,Science,Official/Reported,Author_106,2026-01-06,UK,English,41,True,0.94,53974,32532,4371
43,Local university opens a new artificial intelligence research center,Officials and researchers have reported an update related to local university opens a new artificial intelligence research center. The information is being discussed through formal announcements and available reports. Readers are advised to check the original source for complete details.,REAL,Technology,Official/Reported,Author_98,2026-01-28,Canada,English,40,True,0.8,60342,45835,5000
44,New public transport route launched to connect rural areas,Officials and researchers have reported an update related to new public transport route launched to connect rural areas. The information is being discussed through formal announcements and available reports. Readers are advised to check the original source for complete details.,REAL,Education,Official/Reported,Author_7,2026-04-13,UK,English,40,True,0.82,9109,36590,5753
45,Researchers publish study on reducing plastic waste in cities,"According to an update shared by relevant organizations, researchers publish study on reducing plastic waste in cities. The report focuses on the available information and encourages readers to verify details through reliable sources.",REAL,Weather,Official/Reported,Author_138,2026-06-01,India,English,33,True,0.96,34247,23410,9512
46,Health department releases updated vaccination schedule,"A recent report discusses health department releases updated vaccination schedule. The development has attracted public attention, while further details are expected from relevant authorities and organizations.",REAL,Politics,Official/Reported,Author_28,2026-07-12,UK,English,26,True,0.85,67043,15162,6311
47,National bank introduces updated digital payment security guidelines,"According to an update shared by relevant organizations, national bank introduces updated digital payment security guidelines. The report focuses on the available information and encourages readers to verify details through reliable sources.",REAL,Education,Official/Reported,Author_66,2026-01-23,Canada,English,32,True,0.75,70585,25830,5967
48,Weather department issues rainfall advisory for several regions,"A recent report discusses weather department issues rainfall advisory for several regions. The development has attracted public attention, while further details are expected from relevant authorities and organizations.",REAL,Technology,Official/Reported,Author_85,2026-06-22,India,English,28,True,0.92,39373,66474,5067
49,University launches internship program for engineering students,"According to an update shared by relevant organizations, university launches internship program for engineering students. The report focuses on the available information and encourages readers to verify details through reliable sources.",REAL,Weather,Official/Reported,Author_84,2026-07-23,UK,English,31,True,0.88,25154,55113,10894
50,Technology company releases a software update with security fixes,"A recent report discusses technology company releases a software update with security fixes. The development has attracted public attention, while further details are expected from relevant authorities and organizations.",REAL,Science,Official/Reported,Author_146,2026-05-13,Australia,English,29,True,0.95,39839,37611,3443
51,Celebrity secretly becomes president of the country overnight,Social media users are circulating a story claiming that celebrity secretly becomes president of the country overnight. The claim appears sensational and should be checked against trustworthy news organizations and official statements.,FAKE,Business,Social Media/Unverified,Author_120,2026-08-15,USA,English,32,False,0.23,96473,22246,10794
52,Scientists confirm that drinking one glass of water gives superpowers,A viral online claim says that scientists confirm that drinking one glass of water gives superpowers. The post provides dramatic details but does not identify a reliable official source or independent evidence. Readers should verify the claim before sharing it.,FAKE,Health,Social Media/Unverified,Author_132,2026-06-03,USA,English,40,False,0.29,29454,26105,2414
53,Government announces free smartphones for every citizen tomorrow,A viral online claim says that government announces free smartphones for every citizen tomorrow. The post provides dramatic details but does not identify a reliable official source or independent evidence. Readers should verify the claim before sharing it.,FAKE,Politics,Social Media/Unverified,Author_63,2026-08-20,India,English,38,False,0.21,82554,75459,3185
54,New app claims it can predict every person's future with 100 percent accuracy,"An unverified internet post claims that new app claims it can predict every person's future with 100 percent accuracy. No dependable evidence is provided in the message, so the information should not be treated as confirmed without further verification.",FAKE,Weather,Social Media/Unverified,Author_127,2026-07-08,USA,English,39,False,0.28,736,13975,12753
55,Internet users discover a hidden button that makes phones charge instantly,Social media users are circulating a story claiming that internet users discover a hidden button that makes phones charge instantly. The claim appears sensational and should be checked against trustworthy news organizations and official statements.,FAKE,Education,Social Media/Unverified,Author_46,2026-08-02,Australia,English,35,False,0.14,15916,59834,2184
56,Researchers prove that humans can survive without sleep for one year,Social media users are circulating a story claiming that researchers prove that humans can survive without sleep for one year. The claim appears sensational and should be checked against trustworthy news organizations and official statements.,FAKE,Business,Social Media/Unverified,Author_114,2026-07-27,Australia,English,35,False,0.21,20871,62221,7373
57,Company announces that its laptop can run for ten years without charging,Social media users are circulating a story claiming that company announces that its laptop can run for ten years without charging. The claim appears sensational and should be checked against trustworthy news organizations and official statements.,FAKE,Education,Social Media/Unverified,Author_71,2026-08-21,USA,English,36,False,0.15,10165,37455,3841
58,Social media post claims the moon will disappear for seven days,Social media users are circulating a story claiming that social media post claims the moon will disappear for seven days. The claim appears sensational and should be checked against trustworthy news organizations and official statements.,FAKE,Business,Social Media/Unverified,Author_82,2026-02-05,USA,English,35,False,0.13,90967,20033,11573
59,Online message says students can receive guaranteed jobs by sharing one post,A viral online claim says that online message says students can receive guaranteed jobs by sharing one post. The post provides dramatic details but does not identify a reliable official source or independent evidence. Readers should verify the claim before sharing it.,FAKE,Technology,Social Media/Unverified,Author_107,2026-07-11,Australia,English,42,False,0.21,8171,27115,13646
60,Viral post claims a common household item can completely cure every disease,Social media users are circulating a story claiming that viral post claims a common household item can completely cure every disease. The claim appears sensational and should be checked against trustworthy news organizations and official statements.,FAKE,Weather,Social Media/Unverified,Author_150,2026-01-28,Australia,English,36,False,0.18,782,46110,4892
61,Government announces new scholarship program for college students,"A recent report discusses government announces new scholarship program for college students. The development has attracted public attention, while further details are expected from relevant authorities and organizations.",REAL,Weather,Official/Reported,Author_138,2026-04-16,USA,English,28,True,0.82,63664,3809,6371
62,Scientists discover a new method to improve solar panel efficiency,"A recent report discusses scientists discover a new method to improve solar panel efficiency. The development has attracted public attention, while further details are expected from relevant authorities and organizations.",REAL,Weather,Official/Reported,Author_43,2026-08-05,Australia,English,30,True,0.88,51655,77585,9246
63,Local university opens a new artificial intelligence research center,"According to an update shared by relevant organizations, local university opens a new artificial intelligence research center. The report focuses on the available information and encourages readers to verify details through reliable sources.",REAL,Politics,Official/Reported,Author_22,2026-07-05,Canada,English,33,True,0.79,34109,49694,5363
64,New public transport route launched to connect rural areas,Officials and researchers have reported an update related to new public transport route launched to connect rural areas. The information is being discussed through formal announcements and available reports. Readers are advised to check the original source for complete details.,REAL,Entertainment,Official/Reported,Author_84,2026-06-25,Canada,English,40,True,0.82,55265,33070,13679
65,Researchers publish study on reducing plastic waste in cities,Officials and researchers have reported an update related to researchers publish study on reducing plastic waste in cities. The information is being discussed through formal announcements and available reports. Readers are advised to check the original source for complete details.,REAL,Entertainment,Official/Reported,Author_5,2026-01-12,USA,English,40,True,0.91,85436,5281,12357
66,Health department releases updated vaccination schedule,Officials and researchers have reported an update related to health department releases updated vaccination schedule. The information is being discussed through formal announcements and available reports. Readers are advised to check the original source for complete details.,REAL,Education,Official/Reported,Author_52,2026-01-20,USA,English,37,True,0.81,62080,14998,9240
67,National bank introduces updated digital payment security guidelines,Officials and researchers have reported an update related to national bank introduces updated digital payment security guidelines. The information is being discussed through formal announcements and available reports. Readers are advised to check the original source for complete details.,REAL,Entertainment,Official/Reported,Author_66,2026-06-06,Australia,English,39,True,0.9,98042,15017,12743
68,Weather department issues rainfall advisory for several regions,Officials and researchers have reported an update related to weather department issues rainfall advisory for several regions. The information is being discussed through formal announcements and available reports. Readers are advised to check the original source for complete details.,REAL,Health,Official/Reported,Author_28,2026-01-10,Australia,English,39,True,0.91,49202,51995,11714
69,University launches internship program for engineering students,Officials and researchers have reported an update related to university launches internship program for engineering students. The information is being discussed through formal announcements and available reports. Readers are advised to check the original source for complete details.,REAL,Technology,Official/Reported,Author_63,2026-02-23,UK,English,38,True,0.95,78707,15871,13045
70,Technology company releases a software update with security fixes,"According to an update shared by relevant organizations, technology company releases a software update with security fixes. The report focuses on the available information and encourages readers to verify details through reliable sources.",REAL,Politics,Official/Reported,Author_89,2026-07-22,UK,English,33,True,0.77,84884,44730,207
71,Celebrity secretly becomes president of the country overnight,Social media users are circulating a story claiming that celebrity secretly becomes president of the country overnight. The claim appears sensational and should be checked against trustworthy news organizations and official statements.,FAKE,Entertainment,Social Media/Unverified,Author_28,2026-07-12,Canada,English,32,False,0.3,57090,23091,12022
72,Scientists confirm that drinking one glass of water gives superpowers,"An unverified internet post claims that scientists confirm that drinking one glass of water gives superpowers. No dependable evidence is provided in the message, so the information should not be treated as confirmed without further verification.",FAKE,Health,Social Media/Unverified,Author_138,2026-08-15,Canada,English,36,False,0.34,77666,35184,5280
73,Government announces free smartphones for every citizen tomorrow,A viral online claim says that government announces free smartphones for every citizen tomorrow. The post provides dramatic details but does not identify a reliable official source or independent evidence. Readers should verify the claim before sharing it.,FAKE,Technology,Social Media/Unverified,Author_72,2026-08-08,Canada,English,38,False,0.25,87590,49679,5511
74,New app claims it can predict every person's future with 100 percent accuracy,A viral online claim says that new app claims it can predict every person's future with 100 percent accuracy. The post provides dramatic details but does not identify a reliable official source or independent evidence. Readers should verify the claim before sharing it.,FAKE,Entertainment,Social Media/Unverified,Author_84,2026-03-16,USA,English,43,False,0.17,33872,44613,4581
75,Internet users discover a hidden button that makes phones charge instantly,"An unverified internet post claims that internet users discover a hidden button that makes phones charge instantly. No dependable evidence is provided in the message, so the information should not be treated as confirmed without further verification.",FAKE,Health,Social Media/Unverified,Author_143,2026-01-17,USA,English,37,False,0.08,94391,53276,8004
76,Researchers prove that humans can survive without sleep for one year,"An unverified internet post claims that researchers prove that humans can survive without sleep for one year. No dependable evidence is provided in the message, so the information should not be treated as confirmed without further verification.",FAKE,Education,Social Media/Unverified,Author_122,2026-08-15,India,English,37,False,0.08,29055,53010,11334
77,Company announces that its laptop can run for ten years without charging,A viral online claim says that company announces that its laptop can run for ten years without charging. The post provides dramatic details but does not identify a reliable official source or independent evidence. Readers should verify the claim before sharing it.,FAKE,Health,Social Media/Unverified,Author_149,2026-06-16,Australia,English,42,False,0.24,55781,72145,5419
78,Social media post claims the moon will disappear for seven days,Social media users are circulating a story claiming that social media post claims the moon will disappear for seven days. The claim appears sensational and should be checked against trustworthy news organizations and official statements.,FAKE,Entertainment,Social Media/Unverified,Author_70,2026-05-09,USA,English,35,False,0.09,25252,41364,1958
79,Online message says students can receive guaranteed jobs by sharing one post,"An unverified internet post claims that online message says students can receive guaranteed jobs by sharing one post. No dependable evidence is provided in the message, so the information should not be treated as confirmed without further verification.",FAKE,Science,Social Media/Unverified,Author_50,2026-04-24,Canada,English,38,False,0.15,77288,68770,9777
80,Viral post claims a common household item can completely cure every disease,Social media users are circulating a story claiming that viral post claims a common household item can completely cure every disease. The claim appears sensational and should be checked against trustworthy news organizations and official statements.,FAKE,Technology,Social Media/Unverified,Author_50,2026-05-08,UK,English,36,False,0.11,1864,70015,2073
81,Government announces new scholarship program for college students,"A recent report discusses government announces new scholarship program for college students. The development has attracted public attention, while further details are expected from relevant authorities and organizations.",REAL,Politics,Official/Reported,Author_14,2026-05-23,USA,English,28,True,0.9,98679,64345,1680
82,Scientists discover a new method to improve solar panel efficiency,Officials and researchers have reported an update related to scientists discover a new method to improve solar panel efficiency. The information is being discussed through formal announcements and available reports. Readers are advised to check the original source for complete details.,REAL,Health,Official/Reported,Author_121,2026-08-15,UK,English,41,True,0.79,6744,33097,14118
83,Local university opens a new artificial intelligence research center,"A recent report discusses local university opens a new artificial intelligence research center. The development has attracted public attention, while further details are expected from relevant authorities and organizations.",REAL,Technology,Official/Reported,Author_17,2026-07-16,India,English,29,True,0.89,89984,7031,2485
84,New public transport route launched to connect rural areas,Officials and researchers have reported an update related to new public transport route launched to connect rural areas. The information is being discussed through formal announcements and available reports. Readers are advised to check the original source for complete details.,REAL,Health,Official/Reported,Author_22,2026-04-04,Australia,English,40,True,0.93,79481,78140,12955
85,Researchers publish study on reducing plastic waste in cities,"According to an update shared by relevant organizations, researchers publish study on reducing plastic waste in cities. The report focuses on the available information and encourages readers to verify details through reliable sources.",REAL,Education,Official/Reported,Author_134,2026-07-15,Canada,English,33,True,0.82,77149,56212,5003
86,Health department releases updated vaccination schedule,"According to an update shared by relevant organizations, health department releases updated vaccination schedule. The report focuses on the available information and encourages readers to verify details through reliable sources.",REAL,Politics,Official/Reported,Author_26,2026-04-21,USA,English,30,True,0.81,10651,20590,3929
87,National bank introduces updated digital payment security guidelines,Officials and researchers have reported an update related to national bank introduces updated digital payment security guidelines. The information is being discussed through formal announcements and available reports. Readers are advised to check the original source for complete details.,REAL,Technology,Official/Reported,Author_41,2026-01-14,Canada,English,39,True,0.92,61602,38180,534
88,Weather department issues rainfall advisory for several regions,Officials and researchers have reported an update related to weather department issues rainfall advisory for several regions. The information is being discussed through formal announcements and available reports. Readers are advised to check the original source for complete details.,REAL,Health,Official/Reported,Author_73,2026-08-03,USA,English,39,True,0.97,81937,77309,10832
89,University launches internship program for engineering students,Officials and researchers have reported an update related to university launches internship program for engineering students. The information is being discussed through formal announcements and available reports. Readers are advised to check the original source for complete details.,REAL,Weather,Official/Reported,Author_30,2026-04-21,USA,English,38,True,0.97,18653,9364,977
90,Technology company releases a software update with security fixes,Officials and researchers have reported an update related to technology company releases a software update with security fixes. The information is being discussed through formal announcements and available reports. Readers are advised to check the original source for complete details.,REAL,Health,Official/Reported,Author_146,2026-05-15,India,English,40,True,0.86,39867,52762,4460
91,Celebrity secretly becomes president of the country overnight,"An unverified internet post claims that celebrity secretly becomes president of the country overnight. No dependable evidence is provided in the message, so the information should not be treated as confirmed without further verification.",FAKE,Entertainment,Social Media/Unverified,Author_113,2026-02-20,India,English,34,False,0.36,96286,42252,9891
92,Scientists confirm that drinking one glass of water gives superpowers,Social media users are circulating a story claiming that scientists confirm that drinking one glass of water gives superpowers. The claim appears sensational and should be checked against trustworthy news organizations and official statements.,FAKE,Politics,Social Media/Unverified,Author_24,2026-04-22,Australia,English,34,False,0.26,2729,35330,9441
93,Government announces free smartphones for every citizen tomorrow,A viral online claim says that government announces free smartphones for every citizen tomorrow. The post provides dramatic details but does not identify a reliable official source or independent evidence. Readers should verify the claim before sharing it.,FAKE,Science,Social Media/Unverified,Author_121,2026-08-09,USA,English,38,False,0.4,57142,64456,1494
94,New app claims it can predict every person's future with 100 percent accuracy,Social media users are circulating a story claiming that new app claims it can predict every person's future with 100 percent accuracy. The claim appears sensational and should be checked against trustworthy news organizations and official statements.,FAKE,Business,Social Media/Unverified,Author_105,2026-06-11,India,English,37,False,0.35,43238,53960,11365
95,Internet users discover a hidden button that makes phones charge instantly,Social media users are circulating a story claiming that internet users discover a hidden button that makes phones charge instantly. The claim appears sensational and should be checked against trustworthy news organizations and official statements.,FAKE,Health,Social Media/Unverified,Author_103,2026-01-15,India,English,35,False,0.16,42382,15199,12657
96,Researchers prove that humans can survive without sleep for one year,Social media users are circulating a story claiming that researchers prove that humans can survive without sleep for one year. The claim appears sensational and should be checked against trustworthy news organizations and official statements.,FAKE,Politics,Social Media/Unverified,Author_139,2026-08-14,India,English,35,False,0.12,47429,65343,10246
97,Company announces that its laptop can run for ten years without charging,Social media users are circulating a story claiming that company announces that its laptop can run for ten years without charging. The claim appears sensational and should be checked against trustworthy news organizations and official statements.,FAKE,Politics,Social Media/Unverified,Author_53,2026-05-18,USA,English,36,False,0.37,57434,63537,1989
98,Social media post claims the moon will disappear for seven days,A viral online claim says that social media post claims the moon will disappear for seven days. The post provides dramatic details but does not identify a reliable official source or independent evidence. Readers should verify the claim before sharing it.,FAKE,Education,Social Media/Unverified,Author_41,2026-05-18,India,English,41,False,0.24,12227,29456,13785
99,Online message says students can receive guaranteed jobs by sharing one post,A viral online claim says that online message says students can receive guaranteed jobs by sharing one post. The post provides dramatic details but does not identify a reliable official source or independent evidence. Readers should verify the claim before sharing it.,FAKE,Entertainment,Social Media/Unverified,Author_31,2026-03-16,UK,English,42,False,0.23,35848,54464,13676
100,Viral post claims a common household item can completely cure every disease,Social media users are circulating a story claiming that viral post claims a common household item can completely cure every disease. The claim appears sensational and should be checked against trustworthy news organizations and official statements.,FAKE,Entertainment,Social Media/Unverified,Author_63,2026-08-18,USA,English,36,False,0.18,78571,66621,12227
101,Government announces new scholarship program for college students,Officials and researchers have reported an update related to government announces new scholarship program for college students. The information is being discussed through formal announcements and available reports. Readers are advised to check the original source for complete details.,REAL,Technology,Official/Reported,Author_71,2026-07-11,Australia,English,39,True,0.81,346,37077,11895
102,Scientists discover a new method to improve solar panel efficiency,"A recent report discusses scientists discover a new method to improve solar panel efficiency. The development has attracted public attention, while further details are expected from relevant authorities and organizations.",REAL,Entertainment,Official/Reported,Author_39,2026-08-18,Canada,English,30,True,0.83,72350,71233,6180
103,Local university opens a new artificial intelligence research center,"A recent report discusses local university opens a new artificial intelligence research center. The development has attracted public attention, while further details are expected from relevant authorities and organizations.",REAL,Business,Official/Reported,Author_49,2026-04-19,Canada,English,29,True,0.81,53851,5725,5213
104,New public transport route launched to connect rural areas,"According to an update shared by relevant organizations, new public transport route launched to connect rural areas. The report focuses on the available information and encourages readers to verify details through reliable sources.",REAL,Entertainment,Official/Reported,Author_98,2026-07-22,USA,English,33,True,0.87,4862,16552,8229
105,Researchers publish study on reducing plastic waste in cities,"According to an update shared by relevant organizations, researchers publish study on reducing plastic waste in cities. The report focuses on the available information and encourages readers to verify details through reliable sources.",REAL,Business,Official/Reported,Author_26,2026-08-04,Australia,English,33,True,0.97,2021,18899,6717
106,Health department releases updated vaccination schedule,"According to an update shared by relevant organizations, health department releases updated vaccination schedule. The report focuses on the available information and encourages readers to verify details through reliable sources.",REAL,Science,Official/Reported,Author_20,2026-08-26,UK,English,30,True,0.83,90804,52103,10646
107,National bank introduces updated digital payment security guidelines,Officials and researchers have reported an update related to national bank introduces updated digital payment security guidelines. The information is being discussed through formal announcements and available reports. Readers are advised to check the original source for complete details.,REAL,Business,Official/Reported,Author_137,2026-07-11,Canada,English,39,True,0.96,4715,8973,3846
108,Weather department issues rainfall advisory for several regions,"According to an update shared by relevant organizations, weather department issues rainfall advisory for several regions. The report focuses on the available information and encourages readers to verify details through reliable sources.",REAL,Health,Official/Reported,Author_59,2026-02-14,India,English,32,True,0.93,92270,13178,7269
109,University launches internship program for engineering students,Officials and researchers have reported an update related to university launches internship program for engineering students. The information is being discussed through formal announcements and available reports. Readers are advised to check the original source for complete details.,REAL,Health,Official/Reported,Author_8,2026-01-11,India,English,38,True,0.82,49141,56455,2385
110,Technology company releases a software update with security fixes,Officials and researchers have reported an update related to technology company releases a software update with security fixes. The information is being discussed through formal announcements and available reports. Readers are advised to check the original source for complete details.,REAL,Weather,Official/Reported,Author_145,2026-03-06,USA,English,40,True,0.77,50150,31571,8153
111,Celebrity secretly becomes president of the country overnight,"An unverified internet post claims that celebrity secretly becomes president of the country overnight. No dependable evidence is provided in the message, so the information should not be treated as confirmed without further verification.",FAKE,Science,Social Media/Unverified,Author_60,2026-08-21,UK,English,34,False,0.21,87414,1236,14727
112,Scientists confirm that drinking one glass of water gives superpowers,Social media users are circulating a story claiming that scientists confirm that drinking one glass of water gives superpowers. The claim appears sensational and should be checked against trustworthy news organizations and official statements.,FAKE,Health,Social Media/Unverified,Author_140,2026-03-03,Canada,English,34,False,0.38,77024,39215,10468
113,Government announces free smartphones for every citizen tomorrow,Social media users are circulating a story claiming that government announces free smartphones for every citizen tomorrow. The claim appears sensational and should be checked against trustworthy news organizations and official statements.,FAKE,Health,Social Media/Unverified,Author_117,2026-05-07,Canada,English,32,False,0.35,13989,31096,6248
114,New app claims it can predict every person's future with 100 percent accuracy,"An unverified internet post claims that new app claims it can predict every person's future with 100 percent accuracy. No dependable evidence is provided in the message, so the information should not be treated as confirmed without further verification.",FAKE,Business,Social Media/Unverified,Author_148,2026-05-23,UK,English,39,False,0.06,86285,51884,4497
115,Internet users discover a hidden button that makes phones charge instantly,A viral online claim says that internet users discover a hidden button that makes phones charge instantly. The post provides dramatic details but does not identify a reliable official source or independent evidence. Readers should verify the claim before sharing it.,FAKE,Politics,Social Media/Unverified,Author_128,2026-05-25,USA,English,41,False,0.26,46189,28710,10430
116,Researchers prove that humans can survive without sleep for one year,A viral online claim says that researchers prove that humans can survive without sleep for one year. The post provides dramatic details but does not identify a reliable official source or independent evidence. Readers should verify the claim before sharing it.,FAKE,Health,Social Media/Unverified,Author_36,2026-02-21,India,English,41,False,0.16,57789,4378,9495
117,Company announces that its laptop can run for ten years without charging,Social media users are circulating a story claiming that company announces that its laptop can run for ten years without charging. The claim appears sensational and should be checked against trustworthy news organizations and official statements.,FAKE,Science,Social Media/Unverified,Author_24,2026-05-11,Canada,English,36,False,0.11,17332,70706,14359
118,Social media post claims the moon will disappear for seven days,Social media users are circulating a story claiming that social media post claims the moon will disappear for seven days. The claim appears sensational and should be checked against trustworthy news organizations and official statements.,FAKE,Health,Social Media/Unverified,Author_43,2026-05-27,Canada,English,35,False,0.39,38694,44401,13176
119,Online message says students can receive guaranteed jobs by sharing one post,A viral online claim says that online message says students can receive guaranteed jobs by sharing one post. The post provides dramatic details but does not identify a reliable official source or independent evidence. Readers should verify the claim before sharing it.,FAKE,Entertainment,Social Media/Unverified,Author_20,2026-03-25,USA,English,42,False,0.35,94934,52094,13856
120,Viral post claims a common household item can completely cure every disease,"An unverified internet post claims that viral post claims a common household item can completely cure every disease. No dependable evidence is provided in the message, so the information should not be treated as confirmed without further verification.",FAKE,Business,Social Media/Unverified,Author_24,2026-07-01,UK,English,38,False,0.24,59619,48316,11023
121,Government announces new scholarship program for college students,"According to an update shared by relevant organizations, government announces new scholarship program for college students. The report focuses on the available information and encourages readers to verify details through reliable sources.",REAL,Health,Official/Reported,Author_150,2026-07-27,UK,English,32,True,0.78,30657,61802,410
122,Scientists discover a new method to improve solar panel efficiency,"According to an update shared by relevant organizations, scientists discover a new method to improve solar panel efficiency. The report focuses on the available information and encourages readers to verify details through reliable sources.",REAL,Business,Official/Reported,Author_57,2026-02-21,Canada,English,34,True,0.97,39618,53521,1911
123,Local university opens a new artificial intelligence research center,Officials and researchers have reported an update related to local university opens a new artificial intelligence research center. The information is being discussed through formal announcements and available reports. Readers are advised to check the original source for complete details.,REAL,Politics,Official/Reported,Author_10,2026-05-16,India,English,40,True,0.77,70467,17786,6367
124,New public transport route launched to connect rural areas,"A recent report discusses new public transport route launched to connect rural areas. The development has attracted public attention, while further details are expected from relevant authorities and organizations.",REAL,Business,Official/Reported,Author_139,2026-07-19,USA,English,29,True,0.96,85851,12983,13659
125,Researchers publish study on reducing plastic waste in cities,"A recent report discusses researchers publish study on reducing plastic waste in cities. The development has attracted public attention, while further details are expected from relevant authorities and organizations.",REAL,Weather,Official/Reported,Author_72,2026-01-23,UK,English,29,True,0.8,58297,30952,14015
126,Health department releases updated vaccination schedule,"A recent report discusses health department releases updated vaccination schedule. The development has attracted public attention, while further details are expected from relevant authorities and organizations.",REAL,Technology,Official/Reported,Author_95,2026-06-02,Canada,English,26,True,0.82,16021,59605,1501
127,National bank introduces updated digital payment security guidelines,"According to an update shared by relevant organizations, national bank introduces updated digital payment security guidelines. The report focuses on the available information and encourages readers to verify details through reliable sources.",REAL,Education,Official/Reported,Author_6,2026-01-26,UK,English,32,True,0.81,16515,74005,3362
128,Weather department issues rainfall advisory for several regions,Officials and researchers have reported an update related to weather department issues rainfall advisory for several regions. The information is being discussed through formal announcements and available reports. Readers are advised to check the original source for complete details.,REAL,Education,Official/Reported,Author_56,2026-04-11,USA,English,39,True,0.94,78126,376,4542
129,University launches internship program for engineering students,Officials and researchers have reported an update related to university launches internship program for engineering students. The information is being discussed through formal announcements and available reports. Readers are advised to check the original source for complete details.,REAL,Science,Official/Reported,Author_139,2026-05-26,USA,English,38,True,0.78,3389,17280,243
130,Technology company releases a software update with security fixes,"A recent report discusses technology company releases a software update with security fixes. The development has attracted public attention, while further details are expected from relevant authorities and organizations.",REAL,Education,Official/Reported,Author_83,2026-01-06,UK,English,29,True,0.76,97228,55181,8619
131,Celebrity secretly becomes president of the country overnight,A viral online claim says that celebrity secretly becomes president of the country overnight. The post provides dramatic details but does not identify a reliable official source or independent evidence. Readers should verify the claim before sharing it.,FAKE,Technology,Social Media/Unverified,Author_122,2026-08-25,UK,English,38,False,0.23,14303,59250,8254
132,Scientists confirm that drinking one glass of water gives superpowers,A viral online claim says that scientists confirm that drinking one glass of water gives superpowers. The post provides dramatic details but does not identify a reliable official source or independent evidence. Readers should verify the claim before sharing it.,FAKE,Politics,Social Media/Unverified,Author_134,2026-05-15,India,English,40,False,0.07,62791,52645,6984
133,Government announces free smartphones for every citizen tomorrow,"An unverified internet post claims that government announces free smartphones for every citizen tomorrow. No dependable evidence is provided in the message, so the information should not be treated as confirmed without further verification.",FAKE,Technology,Social Media/Unverified,Author_126,2026-08-03,India,English,34,False,0.16,19452,8614,2067
134,New app claims it can predict every person's future with 100 percent accuracy,Social media users are circulating a story claiming that new app claims it can predict every person's future with 100 percent accuracy. The claim appears sensational and should be checked against trustworthy news organizations and official statements.,FAKE,Business,Social Media/Unverified,Author_98,2026-05-15,Australia,English,37,False,0.26,13009,15001,13972
135,Internet users discover a hidden button that makes phones charge instantly,"An unverified internet post claims that internet users discover a hidden button that makes phones charge instantly. No dependable evidence is provided in the message, so the information should not be treated as confirmed without further verification.",FAKE,Education,Social Media/Unverified,Author_111,2026-08-08,Canada,English,37,False,0.17,59451,52267,6815
136,Researchers prove that humans can survive without sleep for one year,"An unverified internet post claims that researchers prove that humans can survive without sleep for one year. No dependable evidence is provided in the message, so the information should not be treated as confirmed without further verification.",FAKE,Technology,Social Media/Unverified,Author_81,2026-07-11,UK,English,37,False,0.18,20016,62168,1099
137,Company announces that its laptop can run for ten years without charging,A viral online claim says that company announces that its laptop can run for ten years without charging. The post provides dramatic details but does not identify a reliable official source or independent evidence. Readers should verify the claim before sharing it.,FAKE,Technology,Social Media/Unverified,Author_24,2026-07-04,UK,English,42,False,0.33,72934,7866,9608
138,Social media post claims the moon will disappear for seven days,"An unverified internet post claims that social media post claims the moon will disappear for seven days. No dependable evidence is provided in the message, so the information should not be treated as confirmed without further verification.",FAKE,Business,Social Media/Unverified,Author_32,2026-07-12,Canada,English,37,False,0.35,94520,6748,4712
139,Online message says students can receive guaranteed jobs by sharing one post,"An unverified internet post claims that online message says students can receive guaranteed jobs by sharing one post. No dependable evidence is provided in the message, so the information should not be treated as confirmed without further verification.",FAKE,Health,Social Media/Unverified,Author_91,2026-02-19,Australia,English,38,False,0.12,86089,63206,3674
140,Viral post claims a common household item can completely cure every disease,A viral online claim says that viral post claims a common household item can completely cure every disease. The post provides dramatic details but does not identify a reliable official source or independent evidence. Readers should verify the claim before sharing it.,FAKE,Business,Social Media/Unverified,Author_143,2026-06-04,UK,English,42,False,0.25,56254,73531,12573
141,Government announces new scholarship program for college students,"According to an update shared by relevant organizations, government announces new scholarship program for college students. The report focuses on the available information and encourages readers to verify details through reliable sources.",REAL,Politics,Official/Reported,Author_69,2026-01-06,UK,English,32,True,0.92,40509,44546,5751
142,Scientists discover a new method to improve solar panel efficiency,Officials and researchers have reported an update related to scientists discover a new method to improve solar panel efficiency. The information is being discussed through formal announcements and available reports. Readers are advised to check the original source for complete details.,REAL,Science,Official/Reported,Author_37,2026-07-03,USA,English,41,True,0.93,4028,12031,12224
143,Local university opens a new artificial intelligence research center,"According to an update shared by relevant organizations, local university opens a new artificial intelligence research center. The report focuses on the available information and encourages readers to verify details through reliable sources.",REAL,Education,Official/Reported,Author_97,2026-07-15,UK,English,33,True,0.79,40856,42522,12727
144,New public transport route launched to connect rural areas,"According to an update shared by relevant organizations, new public transport route launched to connect rural areas. The report focuses on the available information and encourages readers to verify details through reliable sources.",REAL,Technology,Official/Reported,Author_14,2026-03-06,Australia,English,33,True,0.76,10703,35670,7259
145,Researchers publish study on reducing plastic waste in cities,"According to an update shared by relevant organizations, researchers publish study on reducing plastic waste in cities. The report focuses on the available information and encourages readers to verify details through reliable sources.",REAL,Weather,Official/Reported,Author_125,2026-08-14,UK,English,33,True,0.8,67164,14923,5655
146,Health department releases updated vaccination schedule,"A recent report discusses health department releases updated vaccination schedule. The development has attracted public attention, while further details are expected from relevant authorities and organizations.",REAL,Technology,Official/Reported,Author_73,2026-08-17,UK,English,26,True,0.76,51817,78559,897
147,National bank introduces updated digital payment security guidelines,Officials and researchers have reported an update related to national bank introduces updated digital payment security guidelines. The information is being discussed through formal announcements and available reports. Readers are advised to check the original source for complete details.,REAL,Education,Official/Reported,Author_78,2026-04-25,USA,English,39,True,0.93,37948,43012,1965
148,Weather department issues rainfall advisory for several regions,Officials and researchers have reported an update related to weather department issues rainfall advisory for several regions. The information is being discussed through formal announcements and available reports. Readers are advised to check the original source for complete details.,REAL,Entertainment,Official/Reported,Author_111,2026-03-05,Canada,English,39,True,0.88,30171,65575,9154
149,University launches internship program for engineering students,"According to an update shared by relevant organizations, university launches internship program for engineering students. The report focuses on the available information and encourages readers to verify details through reliable sources.",REAL,Business,Official/Reported,Author_19,2026-07-28,India,English,31,True,0.85,60270,10210,14124
150,Technology company releases a software update with security fixes,"A recent report discusses technology company releases a software update with security fixes. The development has attracted public attention, while further details are expected from relevant authorities and organizations.",REAL,Weather,Official/Reported,Author_147,2026-07-23,Canada,English,29,True,0.82,53098,2738,5321
151,Celebrity secretly becomes president of the country overnight,A viral online claim says that celebrity secretly becomes president of the country overnight. The post provides dramatic details but does not identify a reliable official source or independent evidence. Readers should verify the claim before sharing it.,FAKE,Entertainment,Social Media/Unverified,Author_93,2026-02-14,India,English,38,False,0.14,77194,52492,8584
152,Scientists confirm that drinking one glass of water gives superpowers,A viral online claim says that scientists confirm that drinking one glass of water gives superpowers. The post provides dramatic details but does not identify a reliable official source or independent evidence. Readers should verify the claim before sharing it.,FAKE,Weather,Social Media/Unverified,Author_80,2026-06-08,UK,English,40,False,0.32,10021,66915,10374
153,Government announces free smartphones for every citizen tomorrow,A viral online claim says that government announces free smartphones for every citizen tomorrow. The post provides dramatic details but does not identify a reliable official source or independent evidence. Readers should verify the claim before sharing it.,FAKE,Education,Social Media/Unverified,Author_90,2026-06-24,USA,English,38,False,0.13,19204,33555,3232
154,New app claims it can predict every person's future with 100 percent accuracy,A viral online claim says that new app claims it can predict every person's future with 100 percent accuracy. The post provides dramatic details but does not identify a reliable official source or independent evidence. Readers should verify the claim before sharing it.,FAKE,Science,Social Media/Unverified,Author_20,2026-03-25,Canada,English,43,False,0.21,73899,75957,7354
155,Internet users discover a hidden button that makes phones charge instantly,"An unverified internet post claims that internet users discover a hidden button that makes phones charge instantly. No dependable evidence is provided in the message, so the information should not be treated as confirmed without further verification.",FAKE,Business,Social Media/Unverified,Author_81,2026-03-15,India,English,37,False,0.21,82766,39696,13047
156,Researchers prove that humans can survive without sleep for one year,Social media users are circulating a story claiming that researchers prove that humans can survive without sleep for one year. The claim appears sensational and should be checked against trustworthy news organizations and official statements.,FAKE,Politics,Social Media/Unverified,Author_91,2026-02-10,Canada,English,35,False,0.21,7466,48336,13626
157,Company announces that its laptop can run for ten years without charging,Social media users are circulating a story claiming that company announces that its laptop can run for ten years without charging. The claim appears sensational and should be checked against trustworthy news organizations and official statements.,FAKE,Technology,Social Media/Unverified,Author_24,2026-07-15,Australia,English,36,False,0.24,96861,5381,7368
158,Social media post claims the moon will disappear for seven days,"An unverified internet post claims that social media post claims the moon will disappear for seven days. No dependable evidence is provided in the message, so the information should not be treated as confirmed without further verification.",FAKE,Education,Social Media/Unverified,Author_83,2026-08-17,USA,English,37,False,0.39,59060,13571,13286
159,Online message says students can receive guaranteed jobs by sharing one post,Social media users are circulating a story claiming that online message says students can receive guaranteed jobs by sharing one post. The claim appears sensational and should be checked against trustworthy news organizations and official statements.,FAKE,Technology,Social Media/Unverified,Author_130,2026-03-02,USA,English,36,False,0.3,57605,68695,8564
160,Viral post claims a common household item can completely cure every disease,"An unverified internet post claims that viral post claims a common household item can completely cure every disease. No dependable evidence is provided in the message, so the information should not be treated as confirmed without further verification.",FAKE,Science,Social Media/Unverified,Author_94,2026-06-10,Canada,English,38,False,0.19,44360,78371,857
161,Government announces new scholarship program for college students,"According to an update shared by relevant organizations, government announces new scholarship program for college students. The report focuses on the available information and encourages readers to verify details through reliable sources.",REAL,Business,Official/Reported,Author_17,2026-06-04,Australia,English,32,True,0.91,37253,33034,11857
162,Scientists discover a new method to improve solar panel efficiency,"According to an update shared by relevant organizations, scientists discover a new method to improve solar panel efficiency. The report focuses on the available information and encourages readers to verify details through reliable sources.",REAL,Science,Official/Reported,Author_86,2026-02-19,USA,English,34,True,0.97,40672,51379,2112
163,Local university opens a new artificial intelligence research center,"According to an update shared by relevant organizations, local university opens a new artificial intelligence research center. The report focuses on the available information and encourages readers to verify details through reliable sources.",REAL,Technology,Official/Reported,Author_80,2026-07-21,UK,English,33,True,0.95,87843,69000,1531
164,New public transport route launched to connect rural areas,"According to an update shared by relevant organizations, new public transport route launched to connect rural areas. The report focuses on the available information and encourages readers to verify details through reliable sources.",REAL,Weather,Official/Reported,Author_131,2026-06-01,UK,English,33,True,0.82,28084,44796,12552
165,Researchers publish study on reducing plastic waste in cities,"A recent report discusses researchers publish study on reducing plastic waste in cities. The development has attracted public attention, while further details are expected from relevant authorities and organizations.",REAL,Education,Official/Reported,Author_58,2026-03-05,India,English,29,True,0.82,13266,66548,12630
166,Health department releases updated vaccination schedule,"According to an update shared by relevant organizations, health department releases updated vaccination schedule. The report focuses on the available information and encourages readers to verify details through reliable sources.",REAL,Politics,Official/Reported,Author_87,2026-03-20,Canada,English,30,True,0.79,23713,21702,11815
167,National bank introduces updated digital payment security guidelines,"A recent report discusses national bank introduces updated digital payment security guidelines. The development has attracted public attention, while further details are expected from relevant authorities and organizations.",REAL,Politics,Official/Reported,Author_106,2026-06-22,USA,English,28,True,0.98,80041,37351,12327
168,Weather department issues rainfall advisory for several regions,"According to an update shared by relevant organizations, weather department issues rainfall advisory for several regions. The report focuses on the available information and encourages readers to verify details through reliable sources.",REAL,Entertainment,Official/Reported,Author_60,2026-04-10,Canada,English,32,True,0.97,25440,48218,11113
169,University launches internship program for engineering students,"According to an update shared by relevant organizations, university launches internship program for engineering students. The report focuses on the available information and encourages readers to verify details through reliable sources.",REAL,Entertainment,Official/Reported,Author_119,2026-05-25,Canada,English,31,True,0.87,54884,21246,13383
170,Technology company releases a software update with security fixes,Officials and researchers have reported an update related to technology company releases a software update with security fixes. The information is being discussed through formal announcements and available reports. Readers are advised to check the original source for complete details.,REAL,Science,Official/Reported,Author_65,2026-01-21,Canada,English,40,True,0.96,72694,13451,11655
171,Celebrity secretly becomes president of the country overnight,"An unverified internet post claims that celebrity secretly becomes president of the country overnight. No dependable evidence is provided in the message, so the information should not be treated as confirmed without further verification.",FAKE,Technology,Social Media/Unverified,Author_73,2026-02-25,USA,English,34,False,0.15,67296,19318,13615
172,Scientists confirm that drinking one glass of water gives superpowers,Social media users are circulating a story claiming that scientists confirm that drinking one glass of water gives superpowers. The claim appears sensational and should be checked against trustworthy news organizations and official statements.,FAKE,Technology,Social Media/Unverified,Author_57,2026-08-12,India,English,34,False,0.2,51974,65804,6126
173,Government announces free smartphones for every citizen tomorrow,A viral online claim says that government announces free smartphones for every citizen tomorrow. The post provides dramatic details but does not identify a reliable official source or independent evidence. Readers should verify the claim before sharing it.,FAKE,Weather,Social Media/Unverified,Author_21,2026-06-08,India,English,38,False,0.16,12997,43952,12965
174,New app claims it can predict every person's future with 100 percent accuracy,A viral online claim says that new app claims it can predict every person's future with 100 percent accuracy. The post provides dramatic details but does not identify a reliable official source or independent evidence. Readers should verify the claim before sharing it.,FAKE,Science,Social Media/Unverified,Author_10,2026-05-27,Canada,English,43,False,0.29,18201,61492,7349
175,Internet users discover a hidden button that makes phones charge instantly,"An unverified internet post claims that internet users discover a hidden button that makes phones charge instantly. No dependable evidence is provided in the message, so the information should not be treated as confirmed without further verification.",FAKE,Politics,Social Media/Unverified,Author_21,2026-01-09,USA,English,37,False,0.34,71942,79812,8647
176,Researchers prove that humans can survive without sleep for one year,Social media users are circulating a story claiming that researchers prove that humans can survive without sleep for one year. The claim appears sensational and should be checked against trustworthy news organizations and official statements.,FAKE,Technology,Social Media/Unverified,Author_74,2026-04-10,India,English,35,False,0.07,55037,59919,1029
177,Company announces that its laptop can run for ten years without charging,A viral online claim says that company announces that its laptop can run for ten years without charging. The post provides dramatic details but does not identify a reliable official source or independent evidence. Readers should verify the claim before sharing it.,FAKE,Entertainment,Social Media/Unverified,Author_138,2026-01-21,Australia,English,42,False,0.25,94191,18823,4772
178,Social media post claims the moon will disappear for seven days,Social media users are circulating a story claiming that social media post claims the moon will disappear for seven days. The claim appears sensational and should be checked against trustworthy news organizations and official statements.,FAKE,Politics,Social Media/Unverified,Author_91,2026-04-19,Canada,English,35,False,0.12,87594,11226,8576
179,Online message says students can receive guaranteed jobs by sharing one post,Social media users are circulating a story claiming that online message says students can receive guaranteed jobs by sharing one post. The claim appears sensational and should be checked against trustworthy news organizations and official statements.,FAKE,Technology,Social Media/Unverified,Author_135,2026-01-13,Canada,English,36,False,0.07,50719,48934,4155
180,Viral post claims a common household item can completely cure every disease,"An unverified internet post claims that viral post claims a common household item can completely cure every disease. No dependable evidence is provided in the message, so the information should not be treated as confirmed without further verification.",FAKE,Politics,Social Media/Unverified,Author_92,2026-02-12,USA,English,38,False,0.31,82356,13592,12640
181,Government announces new scholarship program for college students,"According to an update shared by relevant organizations, government announces new scholarship program for college students. The report focuses on the available information and encourages readers to verify details through reliable sources.",REAL,Business,Official/Reported,Author_35,2026-01-12,Australia,English,32,True,0.83,84262,22954,13605
182,Scientists discover a new method to improve solar panel efficiency,"According to an update shared by relevant organizations, scientists discover a new method to improve solar panel efficiency. The report focuses on the available information and encourages readers to verify details through reliable sources.",REAL,Entertainment,Official/Reported,Author_123,2026-03-26,USA,English,34,True,0.77,59998,4852,4807
183,Local university opens a new artificial intelligence research center,Officials and researchers have reported an update related to local university opens a new artificial intelligence research center. The information is being discussed through formal announcements and available reports. Readers are advised to check the original source for complete details.,REAL,Politics,Official/Reported,Author_52,2026-01-11,UK,English,40,True,0.87,71186,62054,4150
184,New public transport route launched to connect rural areas,Officials and researchers have reported an update related to new public transport route launched to connect rural areas. The information is being discussed through formal announcements and available reports. Readers are advised to check the original source for complete details.,REAL,Education,Official/Reported,Author_74,2026-06-28,India,English,40,True,0.96,43516,35816,2039
185,Researchers publish study on reducing plastic waste in cities,"A recent report discusses researchers publish study on reducing plastic waste in cities. The development has attracted public attention, while further details are expected from relevant authorities and organizations.",REAL,Weather,Official/Reported,Author_103,2026-08-13,UK,English,29,True,0.98,65048,65216,6018
186,Health department releases updated vaccination schedule,"According to an update shared by relevant organizations, health department releases updated vaccination schedule. The report focuses on the available information and encourages readers to verify details through reliable sources.",REAL,Health,Official/Reported,Author_22,2026-07-03,Canada,English,30,True,0.89,23662,71501,4813
187,National bank introduces updated digital payment security guidelines,"A recent report discusses national bank introduces updated digital payment security guidelines. The development has attracted public attention, while further details are expected from relevant authorities and organizations.",REAL,Technology,Official/Reported,Author_21,2026-06-22,UK,English,28,True,0.82,78996,55856,2730
188,Weather department issues rainfall advisory for several regions,"According to an update shared by relevant organizations, weather department issues rainfall advisory for several regions. The report focuses on the available information and encourages readers to verify details through reliable sources.",REAL,Entertainment,Official/Reported,Author_90,2026-08-02,UK,English,32,True,0.9,57018,35991,10477
189,University launches internship program for engineering students,Officials and researchers have reported an update related to university launches internship program for engineering students. The information is being discussed through formal announcements and available reports. Readers are advised to check the original source for complete details.,REAL,Technology,Official/Reported,Author_104,2026-06-17,USA,English,38,True,0.98,18724,79640,11109
190,Technology company releases a software update with security fixes,"A recent report discusses technology company releases a software update with security fixes. The development has attracted public attention, while further details are expected from relevant authorities and organizations.",REAL,Politics,Official/Reported,Author_33,2026-02-08,UK,English,29,True,0.84,74359,4249,9913
191,Celebrity secretly becomes president of the country overnight,A viral online claim says that celebrity secretly becomes president of the country overnight. The post provides dramatic details but does not identify a reliable official source or independent evidence. Readers should verify the claim before sharing it.,FAKE,Entertainment,Social Media/Unverified,Author_95,2026-06-15,India,English,38,False,0.25,69407,48101,6521
192,Scientists confirm that drinking one glass of water gives superpowers,Social media users are circulating a story claiming that scientists confirm that drinking one glass of water gives superpowers. The claim appears sensational and should be checked against trustworthy news organizations and official statements.,FAKE,Health,Social Media/Unverified,Author_64,2026-02-01,USA,English,34,False,0.22,50733,73624,1929
193,Government announces free smartphones for every citizen tomorrow,Social media users are circulating a story claiming that government announces free smartphones for every citizen tomorrow. The claim appears sensational and should be checked against trustworthy news organizations and official statements.,FAKE,Health,Social Media/Unverified,Author_115,2026-04-20,UK,English,32,False,0.29,64392,26242,2009
194,New app claims it can predict every person's future with 100 percent accuracy,A viral online claim says that new app claims it can predict every person's future with 100 percent accuracy. The post provides dramatic details but does not identify a reliable official source or independent evidence. Readers should verify the claim before sharing it.,FAKE,Technology,Social Media/Unverified,Author_116,2026-03-23,Canada,English,43,False,0.4,89391,41894,10941
195,Internet users discover a hidden button that makes phones charge instantly,Social media users are circulating a story claiming that internet users discover a hidden button that makes phones charge instantly. The claim appears sensational and should be checked against trustworthy news organizations and official statements.,FAKE,Technology,Social Media/Unverified,Author_141,2026-05-10,USA,English,35,False,0.3,91789,22823,13003
196,Researchers prove that humans can survive without sleep for one year,Social media users are circulating a story claiming that researchers prove that humans can survive without sleep for one year. The claim appears sensational and should be checked against trustworthy news organizations and official statements.,FAKE,Education,Social Media/Unverified,Author_32,2026-04-26,USA,English,35,False,0.13,64762,3450,5912
197,Company announces that its laptop can run for ten years without charging,"An unverified internet post claims that company announces that its laptop can run for ten years without charging. No dependable evidence is provided in the message, so the information should not be treated as confirmed without further verification.",FAKE,Business,Social Media/Unverified,Author_120,2026-03-20,India,English,38,False,0.07,52197,62744,8612
198,Social media post claims the moon will disappear for seven days,Social media users are circulating a story claiming that social media post claims the moon will disappear for seven days. The claim appears sensational and should be checked against trustworthy news organizations and official statements.,FAKE,Weather,Social Media/Unverified,Author_148,2026-02-05,UK,English,35,False,0.27,58989,61062,11142
199,Online message says students can receive guaranteed jobs by sharing one post,"An unverified internet post claims that online message says students can receive guaranteed jobs by sharing one post. No dependable evidence is provided in the message, so the information should not be treated as confirmed without further verification.",FAKE,Business,Social Media/Unverified,Author_33,2026-03-25,USA,English,38,False,0.2,7273,16279,8488
200,Viral post claims a common household item can completely cure every disease,A viral online claim says that viral post claims a common household item can completely cure every disease. The post provides dramatic details but does not identify a reliable official source or independent evidence. Readers should verify the claim before sharing it.,FAKE,Health,Social Media/Unverified,Author_43,2026-03-11,USA,English,42,False,0.17,68022,37235,13859
201,Government announces new scholarship program for college students,Officials and researchers have reported an update related to government announces new scholarship program for college students. The information is being discussed through formal announcements and available reports. Readers are advised to check the original source for complete details.,REAL,Health,Official/Reported,Author_51,2026-05-05,UK,English,39,True,0.9,12255,65878,10501
202,Scientists discover a new method to improve solar panel efficiency,Officials and researchers have reported an update related to scientists discover a new method to improve solar panel efficiency. The information is being discussed through formal announcements and available reports. Readers are advised to check the original source for complete details.,REAL,Science,Official/Reported,Author_44,2026-06-27,Australia,English,41,True,0.76,3728,10651,744
203,Local university opens a new artificial intelligence research center,"According to an update shared by relevant organizations, local university opens a new artificial intelligence research center. The report focuses on the available information and encourages readers to verify details through reliable sources.",REAL,Health,Official/Reported,Author_54,2026-07-20,India,English,33,True,0.87,82213,71514,4745
204,New public transport route launched to connect rural areas,"According to an update shared by relevant organizations, new public transport route launched to connect rural areas. The report focuses on the available information and encourages readers to verify details through reliable sources.",REAL,Health,Official/Reported,Author_124,2026-04-26,Canada,English,33,True,0.82,9574,7857,2589
205,Researchers publish study on reducing plastic waste in cities,"A recent report discusses researchers publish study on reducing plastic waste in cities. The development has attracted public attention, while further details are expected from relevant authorities and organizations.",REAL,Weather,Official/Reported,Author_124,2026-08-07,UK,English,29,True,0.9,40980,41858,12029
206,Health department releases updated vaccination schedule,"A recent report discusses health department releases updated vaccination schedule. The development has attracted public attention, while further details are expected from relevant authorities and organizations.",REAL,Weather,Official/Reported,Author_34,2026-06-17,Australia,English,26,True,0.78,31695,61146,2007
207,National bank introduces updated digital payment security guidelines,"A recent report discusses national bank introduces updated digital payment security guidelines. The development has attracted public attention, while further details are expected from relevant authorities and organizations.",REAL,Entertainment,Official/Reported,Author_64,2026-03-04,India,English,28,True,0.82,50361,54810,4067
208,Weather department issues rainfall advisory for several regions,Officials and researchers have reported an update related to weather department issues rainfall advisory for several regions. The information is being discussed through formal announcements and available reports. Readers are advised to check the original source for complete details.,REAL,Business,Official/Reported,Author_148,2026-06-07,USA,English,39,True,0.87,67476,61191,8171
209,University launches internship program for engineering students,"A recent report discusses university launches internship program for engineering students. The development has attracted public attention, while further details are expected from relevant authorities and organizations.",REAL,Entertainment,Official/Reported,Author_6,2026-02-13,Australia,English,27,True,0.86,31562,28204,9557
210,Technology company releases a software update with security fixes,"A recent report discusses technology company releases a software update with security fixes. The development has attracted public attention, while further details are expected from relevant authorities and organizations.",REAL,Politics,Official/Reported,Author_13,2026-05-16,Australia,English,29,True,0.96,85765,61685,4681
211,Celebrity secretly becomes president of the country overnight,"An unverified internet post claims that celebrity secretly becomes president of the country overnight. No dependable evidence is provided in the message, so the information should not be treated as confirmed without further verification.",FAKE,Politics,Social Media/Unverified,Author_28,2026-07-05,UK,English,34,False,0.3,52865,47969,741
212,Scientists confirm that drinking one glass of water gives superpowers,Social media users are circulating a story claiming that scientists confirm that drinking one glass of water gives superpowers. The claim appears sensational and should be checked against trustworthy news organizations and official statements.,FAKE,Politics,Social Media/Unverified,Author_146,2026-04-12,Australia,English,34,False,0.15,50649,66098,7378
213,Government announces free smartphones for every citizen tomorrow,"An unverified internet post claims that government announces free smartphones for every citizen tomorrow. No dependable evidence is provided in the message, so the information should not be treated as confirmed without further verification.",FAKE,Health,Social Media/Unverified,Author_31,2026-03-04,Canada,English,34,False,0.18,44454,73121,5990
214,New app claims it can predict every person's future with 100 percent accuracy,A viral online claim says that new app claims it can predict every person's future with 100 percent accuracy. The post provides dramatic details but does not identify a reliable official source or independent evidence. Readers should verify the claim before sharing it.,FAKE,Education,Social Media/Unverified,Author_131,2026-07-17,India,English,43,False,0.07,17971,43657,13172
215,Internet users discover a hidden button that makes phones charge instantly,Social media users are circulating a story claiming that internet users discover a hidden button that makes phones charge instantly. The claim appears sensational and should be checked against trustworthy news organizations and official statements.,FAKE,Entertainment,Social Media/Unverified,Author_39,2026-03-11,Australia,English,35,False,0.16,51515,39226,9727
216,Researchers prove that humans can survive without sleep for one year,Social media users are circulating a story claiming that researchers prove that humans can survive without sleep for one year. The claim appears sensational and should be checked against trustworthy news organizations and official statements.,FAKE,Entertainment,Social Media/Unverified,Author_145,2026-05-16,India,English,35,False,0.18,88327,14371,6824
217,Company announces that its laptop can run for ten years without charging,"An unverified internet post claims that company announces that its laptop can run for ten years without charging. No dependable evidence is provided in the message, so the information should not be treated as confirmed without further verification.",FAKE,Health,Social Media/Unverified,Author_7,2026-08-09,Australia,English,38,False,0.25,94565,6736,9560
218,Social media post claims the moon will disappear for seven days,Social media users are circulating a story claiming that social media post claims the moon will disappear for seven days. The claim appears sensational and should be checked against trustworthy news organizations and official statements.,FAKE,Science,Social Media/Unverified,Author_135,2026-07-05,USA,English,35,False,0.06,91828,14409,3125
219,Online message says students can receive guaranteed jobs by sharing one post,A viral online claim says that online message says students can receive guaranteed jobs by sharing one post. The post provides dramatic details but does not identify a reliable official source or independent evidence. Readers should verify the claim before sharing it.,FAKE,Entertainment,Social Media/Unverified,Author_81,2026-07-05,Canada,English,42,False,0.29,53798,65779,12697
220,Viral post claims a common household item can completely cure every disease,"An unverified internet post claims that viral post claims a common household item can completely cure every disease. No dependable evidence is provided in the message, so the information should not be treated as confirmed without further verification.",FAKE,Entertainment,Social Media/Unverified,Author_16,2026-03-17,USA,English,38,False,0.25,86809,62706,8609
221,Government announces new scholarship program for college students,"A recent report discusses government announces new scholarship program for college students. The development has attracted public attention, while further details are expected from relevant authorities and organizations.",REAL,Business,Official/Reported,Author_45,2026-08-18,UK,English,28,True,0.88,88597,34655,9995
222,Scientists discover a new method to improve solar panel efficiency,"A recent report discusses scientists discover a new method to improve solar panel efficiency. The development has attracted public attention, while further details are expected from relevant authorities and organizations.",REAL,Education,Official/Reported,Author_64,2026-05-18,UK,English,30,True,0.8,39018,37885,11549
223,Local university opens a new artificial intelligence research center,Officials and researchers have reported an update related to local university opens a new artificial intelligence research center. The information is being discussed through formal announcements and available reports. Readers are advised to check the original source for complete details.,REAL,Entertainment,Official/Reported,Author_82,2026-08-12,Australia,English,40,True,0.97,94599,35847,4715
224,New public transport route launched to connect rural areas,Officials and researchers have reported an update related to new public transport route launched to connect rural areas. The information is being discussed through formal announcements and available reports. Readers are advised to check the original source for complete details.,REAL,Weather,Official/Reported,Author_102,2026-06-25,USA,English,40,True,0.82,37710,10363,5674
225,Researchers publish study on reducing plastic waste in cities,"A recent report discusses researchers publish study on reducing plastic waste in cities. The development has attracted public attention, while further details are expected from relevant authorities and organizations.",REAL,Health,Official/Reported,Author_123,2026-04-07,Australia,English,29,True,0.82,73674,35606,2249
226,Health department releases updated vaccination schedule,Officials and researchers have reported an update related to health department releases updated vaccination schedule. The information is being discussed through formal announcements and available reports. Readers are advised to check the original source for complete details.,REAL,Education,Official/Reported,Author_63,2026-01-22,Australia,English,37,True,0.8,30528,6885,1641
227,National bank introduces updated digital payment security guidelines,"A recent report discusses national bank introduces updated digital payment security guidelines. The development has attracted public attention, while further details are expected from relevant authorities and organizations.",REAL,Business,Official/Reported,Author_121,2026-02-22,USA,English,28,True,0.75,72145,20706,6666
228,Weather department issues rainfall advisory for several regions,"According to an update shared by relevant organizations, weather department issues rainfall advisory for several regions. The report focuses on the available information and encourages readers to verify details through reliable sources.",REAL,Entertainment,Official/Reported,Author_123,2026-04-25,UK,English,32,True,0.83,84669,7759,14875
229,University launches internship program for engineering students,Officials and researchers have reported an update related to university launches internship program for engineering students. The information is being discussed through formal announcements and available reports. Readers are advised to check the original source for complete details.,REAL,Education,Official/Reported,Author_137,2026-01-06,Canada,English,38,True,0.96,23050,4768,13700
230,Technology company releases a software update with security fixes,"A recent report discusses technology company releases a software update with security fixes. The development has attracted public attention, while further details are expected from relevant authorities and organizations.",REAL,Entertainment,Official/Reported,Author_48,2026-05-02,India,English,29,True,0.82,79017,14069,5489
231,Celebrity secretly becomes president of the country overnight,Social media users are circulating a story claiming that celebrity secretly becomes president of the country overnight. The claim appears sensational and should be checked against trustworthy news organizations and official statements.,FAKE,Entertainment,Social Media/Unverified,Author_140,2026-08-05,Australia,English,32,False,0.21,25282,14769,5417
232,Scientists confirm that drinking one glass of water gives superpowers,A viral online claim says that scientists confirm that drinking one glass of water gives superpowers. The post provides dramatic details but does not identify a reliable official source or independent evidence. Readers should verify the claim before sharing it.,FAKE,Entertainment,Social Media/Unverified,Author_66,2026-03-01,UK,English,40,False,0.33,74430,25323,2875
233,Government announces free smartphones for every citizen tomorrow,"An unverified internet post claims that government announces free smartphones for every citizen tomorrow. No dependable evidence is provided in the message, so the information should not be treated as confirmed without further verification.",FAKE,Weather,Social Media/Unverified,Author_110,2026-06-03,Canada,English,34,False,0.28,24229,18435,7822
234,New app claims it can predict every person's future with 100 percent accuracy,Social media users are circulating a story claiming that new app claims it can predict every person's future with 100 percent accuracy. The claim appears sensational and should be checked against trustworthy news organizations and official statements.,FAKE,Education,Social Media/Unverified,Author_2,2026-05-13,USA,English,37,False,0.21,35005,43209,4947
235,Internet users discover a hidden button that makes phones charge instantly,"An unverified internet post claims that internet users discover a hidden button that makes phones charge instantly. No dependable evidence is provided in the message, so the information should not be treated as confirmed without further verification.",FAKE,Politics,Social Media/Unverified,Author_67,2026-06-23,USA,English,37,False,0.07,15505,61005,5026
236,Researchers prove that humans can survive without sleep for one year,A viral online claim says that researchers prove that humans can survive without sleep for one year. The post provides dramatic details but does not identify a reliable official source or independent evidence. Readers should verify the claim before sharing it.,FAKE,Weather,Social Media/Unverified,Author_129,2026-05-23,India,English,41,False,0.27,38681,48179,10070
237,Company announces that its laptop can run for ten years without charging,A viral online claim says that company announces that its laptop can run for ten years without charging. The post provides dramatic details but does not identify a reliable official source or independent evidence. Readers should verify the claim before sharing it.,FAKE,Education,Social Media/Unverified,Author_35,2026-08-05,Canada,English,42,False,0.31,79405,48976,6813
238,Social media post claims the moon will disappear for seven days,"An unverified internet post claims that social media post claims the moon will disappear for seven days. No dependable evidence is provided in the message, so the information should not be treated as confirmed without further verification.",FAKE,Entertainment,Social Media/Unverified,Author_138,2026-04-25,USA,English,37,False,0.29,78104,10735,8609
239,Online message says students can receive guaranteed jobs by sharing one post,Social media users are circulating a story claiming that online message says students can receive guaranteed jobs by sharing one post. The claim appears sensational and should be checked against trustworthy news organizations and official statements.,FAKE,Business,Social Media/Unverified,Author_20,2026-02-02,Australia,English,36,False,0.37,26507,75070,8792
240,Viral post claims a common household item can completely cure every disease,A viral online claim says that viral post claims a common household item can completely cure every disease. The post provides dramatic details but does not identify a reliable official source or independent evidence. Readers should verify the claim before sharing it.,FAKE,Science,Social Media/Unverified,Author_84,2026-08-04,USA,English,42,False,0.3,64081,11924,14727
241,Government announces new scholarship program for college students,"According to an update shared by relevant organizations, government announces new scholarship program for college students. The report focuses on the available information and encourages readers to verify details through reliable sources.",REAL,Entertainment,Official/Reported,Author_15,2026-08-05,Australia,English,32,True,0.85,73922,7572,9155
242,Scientists discover a new method to improve solar panel efficiency,"A recent report discusses scientists discover a new method to improve solar panel efficiency. The development has attracted public attention, while further details are expected from relevant authorities and organizations.",REAL,Health,Official/Reported,Author_6,2026-07-09,India,English,30,True,0.93,75810,9577,742
243,Local university opens a new artificial intelligence research center,"A recent report discusses local university opens a new artificial intelligence research center. The development has attracted public attention, while further details are expected from relevant authorities and organizations.",REAL,Business,Official/Reported,Author_17,2026-01-03,Canada,English,29,True,0.76,53601,23595,12598
244,New public transport route launched to connect rural areas,Officials and researchers have reported an update related to new public transport route launched to connect rural areas. The information is being discussed through formal announcements and available reports. Readers are advised to check the original source for complete details.,REAL,Weather,Official/Reported,Author_96,2026-07-15,Canada,English,40,True,0.84,89496,70692,2178
245,Researchers publish study on reducing plastic waste in cities,"According to an update shared by relevant organizations, researchers publish study on reducing plastic waste in cities. The report focuses on the available information and encourages readers to verify details through reliable sources.",REAL,Business,Official/Reported,Author_31,2026-03-18,Canada,English,33,True,0.88,95411,29193,13677
246,Health department releases updated vaccination schedule,Officials and researchers have reported an update related to health department releases updated vaccination schedule. The information is being discussed through formal announcements and available reports. Readers are advised to check the original source for complete details.,REAL,Politics,Official/Reported,Author_77,2026-08-22,Australia,English,37,True,0.85,49722,30107,4055
247,National bank introduces updated digital payment security guidelines,"A recent report discusses national bank introduces updated digital payment security guidelines. The development has attracted public attention, while further details are expected from relevant authorities and organizations.",REAL,Business,Official/Reported,Author_40,2026-05-07,India,English,28,True,0.76,86543,54955,10074
248,Weather department issues rainfall advisory for several regions,Officials and researchers have reported an update related to weather department issues rainfall advisory for several regions. The information is being discussed through formal announcements and available reports. Readers are advised to check the original source for complete details.,REAL,Education,Official/Reported,Author_53,2026-02-04,Australia,English,39,True,0.76,78362,6385,4009
249,University launches internship program for engineering students,"According to an update shared by relevant organizations, university launches internship program for engineering students. The report focuses on the available information and encourages readers to verify details through reliable sources.",REAL,Politics,Official/Reported,Author_103,2026-08-08,Australia,English,31,True,0.8,7408,18372,8255
250,Technology company releases a software update with security fixes,"A recent report discusses technology company releases a software update with security fixes. The development has attracted public attention, while further details are expected from relevant authorities and organizations.",REAL,Education,Official/Reported,Author_148,2026-06-19,Australia,English,29,True,0.94,42040,31056,4944
251,Celebrity secretly becomes president of the country overnight,A viral online claim says that celebrity secretly becomes president of the country overnight. The post provides dramatic details but does not identify a reliable official source or independent evidence. Readers should verify the claim before sharing it.,FAKE,Education,Social Media/Unverified,Author_106,2026-05-09,India,English,38,False,0.24,77560,22960,10256
252,Scientists confirm that drinking one glass of water gives superpowers,"An unverified internet post claims that scientists confirm that drinking one glass of water gives superpowers. No dependable evidence is provided in the message, so the information should not be treated as confirmed without further verification.",FAKE,Weather,Social Media/Unverified,Author_143,2026-08-02,UK,English,36,False,0.38,88004,49963,12874
253,Government announces free smartphones for every citizen tomorrow,"An unverified internet post claims that government announces free smartphones for every citizen tomorrow. No dependable evidence is provided in the message, so the information should not be treated as confirmed without further verification.",FAKE,Business,Social Media/Unverified,Author_107,2026-07-05,UK,English,34,False,0.18,98892,70512,7758
254,New app claims it can predict every person's future with 100 percent accuracy,A viral online claim says that new app claims it can predict every person's future with 100 percent accuracy. The post provides dramatic details but does not identify a reliable official source or independent evidence. Readers should verify the claim before sharing it.,FAKE,Education,Social Media/Unverified,Author_77,2026-03-26,Canada,English,43,False,0.37,73723,54095,6824
255,Internet users discover a hidden button that makes phones charge instantly,"An unverified internet post claims that internet users discover a hidden button that makes phones charge instantly. No dependable evidence is provided in the message, so the information should not be treated as confirmed without further verification.",FAKE,Science,Social Media/Unverified,Author_100,2026-04-09,USA,English,37,False,0.17,10373,58959,13879
256,Researchers prove that humans can survive without sleep for one year,Social media users are circulating a story claiming that researchers prove that humans can survive without sleep for one year. The claim appears sensational and should be checked against trustworthy news organizations and official statements.,FAKE,Technology,Social Media/Unverified,Author_138,2026-04-02,UK,English,35,False,0.18,79304,79031,647
257,Company announces that its laptop can run for ten years without charging,A viral online claim says that company announces that its laptop can run for ten years without charging. The post provides dramatic details but does not identify a reliable official source or independent evidence. Readers should verify the claim before sharing it.,FAKE,Education,Social Media/Unverified,Author_144,2026-04-16,USA,English,42,False,0.35,43652,39744,14892
258,Social media post claims the moon will disappear for seven days,A viral online claim says that social media post claims the moon will disappear for seven days. The post provides dramatic details but does not identify a reliable official source or independent evidence. Readers should verify the claim before sharing it.,FAKE,Education,Social Media/Unverified,Author_49,2026-02-24,Canada,English,41,False,0.37,91187,79225,11530
259,Online message says students can receive guaranteed jobs by sharing one post,A viral online claim says that online message says students can receive guaranteed jobs by sharing one post. The post provides dramatic details but does not identify a reliable official source or independent evidence. Readers should verify the claim before sharing it.,FAKE,Weather,Social Media/Unverified,Author_62,2026-06-25,UK,English,42,False,0.18,69956,47093,5053
260,Viral post claims a common household item can completely cure every disease,Social media users are circulating a story claiming that viral post claims a common household item can completely cure every disease. The claim appears sensational and should be checked against trustworthy news organizations and official statements.,FAKE,Business,Social Media/Unverified,Author_132,2026-08-15,India,English,36,False,0.33,94698,61542,12478
261,Government announces new scholarship program for college students,"A recent report discusses government announces new scholarship program for college students. The development has attracted public attention, while further details are expected from relevant authorities and organizations.",REAL,Education,Official/Reported,Author_95,2026-06-14,India,English,28,True,0.89,29012,19131,265
262,Scientists discover a new method to improve solar panel efficiency,"A recent report discusses scientists discover a new method to improve solar panel efficiency. The development has attracted public attention, while further details are expected from relevant authorities and organizations.",REAL,Weather,Official/Reported,Author_76,2026-03-07,UK,English,30,True,0.81,74693,32213,8180
263,Local university opens a new artificial intelligence research center,"According to an update shared by relevant organizations, local university opens a new artificial intelligence research center. The report focuses on the available information and encourages readers to verify details through reliable sources.",REAL,Business,Official/Reported,Author_66,2026-08-24,Canada,English,33,True,0.86,96055,46165,2773
264,New public transport route launched to connect rural areas,Officials and researchers have reported an update related to new public transport route launched to connect rural areas. The information is being discussed through formal announcements and available reports. Readers are advised to check the original source for complete details.,REAL,Entertainment,Official/Reported,Author_48,2026-01-17,India,English,40,True,0.95,9752,6363,12522
265,Researchers publish study on reducing plastic waste in cities,Officials and researchers have reported an update related to researchers publish study on reducing plastic waste in cities. The information is being discussed through formal announcements and available reports. Readers are advised to check the original source for complete details.,REAL,Weather,Official/Reported,Author_36,2026-04-03,USA,English,40,True,0.75,66297,59775,6114
266,Health department releases updated vaccination schedule,Officials and researchers have reported an update related to health department releases updated vaccination schedule. The information is being discussed through formal announcements and available reports. Readers are advised to check the original source for complete details.,REAL,Entertainment,Official/Reported,Author_125,2026-01-01,Australia,English,37,True,0.88,1563,2197,8673
267,National bank introduces updated digital payment security guidelines,"According to an update shared by relevant organizations, national bank introduces updated digital payment security guidelines. The report focuses on the available information and encourages readers to verify details through reliable sources.",REAL,Health,Official/Reported,Author_138,2026-05-01,Australia,English,32,True,0.95,88356,56441,13208
268,Weather department issues rainfall advisory for several regions,Officials and researchers have reported an update related to weather department issues rainfall advisory for several regions. The information is being discussed through formal announcements and available reports. Readers are advised to check the original source for complete details.,REAL,Technology,Official/Reported,Author_25,2026-03-08,USA,English,39,True,0.9,33094,46462,4379
269,University launches internship program for engineering students,"A recent report discusses university launches internship program for engineering students. The development has attracted public attention, while further details are expected from relevant authorities and organizations.",REAL,Technology,Official/Reported,Author_96,2026-07-15,Australia,English,27,True,0.81,91398,29608,4914
270,Technology company releases a software update with security fixes,"According to an update shared by relevant organizations, technology company releases a software update with security fixes. The report focuses on the available information and encourages readers to verify details through reliable sources.",REAL,Technology,Official/Reported,Author_9,2026-02-13,Canada,English,33,True,0.84,62400,7360,10432
271,Celebrity secretly becomes president of the country overnight,A viral online claim says that celebrity secretly becomes president of the country overnight. The post provides dramatic details but does not identify a reliable official source or independent evidence. Readers should verify the claim before sharing it.,FAKE,Science,Social Media/Unverified,Author_22,2026-08-28,Canada,English,38,False,0.28,43430,74172,14056
272,Scientists confirm that drinking one glass of water gives superpowers,A viral online claim says that scientists confirm that drinking one glass of water gives superpowers. The post provides dramatic details but does not identify a reliable official source or independent evidence. Readers should verify the claim before sharing it.,FAKE,Politics,Social Media/Unverified,Author_59,2026-04-28,Australia,English,40,False,0.22,6112,9749,11213
273,Government announces free smartphones for every citizen tomorrow,Social media users are circulating a story claiming that government announces free smartphones for every citizen tomorrow. The claim appears sensational and should be checked against trustworthy news organizations and official statements.,FAKE,Politics,Social Media/Unverified,Author_46,2026-06-01,USA,English,32,False,0.26,98609,52210,1260
274,New app claims it can predict every person's future with 100 percent accuracy,Social media users are circulating a story claiming that new app claims it can predict every person's future with 100 percent accuracy. The claim appears sensational and should be checked against trustworthy news organizations and official statements.,FAKE,Science,Social Media/Unverified,Author_145,2026-04-19,Canada,English,37,False,0.29,70862,43485,6288
275,Internet users discover a hidden button that makes phones charge instantly,"An unverified internet post claims that internet users discover a hidden button that makes phones charge instantly. No dependable evidence is provided in the message, so the information should not be treated as confirmed without further verification.",FAKE,Science,Social Media/Unverified,Author_21,2026-06-02,India,English,37,False,0.2,9973,44647,9915
276,Researchers prove that humans can survive without sleep for one year,"An unverified internet post claims that researchers prove that humans can survive without sleep for one year. No dependable evidence is provided in the message, so the information should not be treated as confirmed without further verification.",FAKE,Weather,Social Media/Unverified,Author_84,2026-01-21,UK,English,37,False,0.32,59064,64309,3737
277,Company announces that its laptop can run for ten years without charging,Social media users are circulating a story claiming that company announces that its laptop can run for ten years without charging. The claim appears sensational and should be checked against trustworthy news organizations and official statements.,FAKE,Weather,Social Media/Unverified,Author_111,2026-03-22,Australia,English,36,False,0.28,11242,38720,13075
278,Social media post claims the moon will disappear for seven days,A viral online claim says that social media post claims the moon will disappear for seven days. The post provides dramatic details but does not identify a reliable official source or independent evidence. Readers should verify the claim before sharing it.,FAKE,Technology,Social Media/Unverified,Author_22,2026-05-05,Canada,English,41,False,0.3,83096,20226,12118
279,Online message says students can receive guaranteed jobs by sharing one post,Social media users are circulating a story claiming that online message says students can receive guaranteed jobs by sharing one post. The claim appears sensational and should be checked against trustworthy news organizations and official statements.,FAKE,Business,Social Media/Unverified,Author_93,2026-02-03,India,English,36,False,0.38,58302,47180,12473
280,Viral post claims a common household item can completely cure every disease,Social media users are circulating a story claiming that viral post claims a common household item can completely cure every disease. The claim appears sensational and should be checked against trustworthy news organizations and official statements.,FAKE,Technology,Social Media/Unverified,Author_34,2026-02-06,Canada,English,36,False,0.21,72720,67171,6685
281,Government announces new scholarship program for college students,Officials and researchers have reported an update related to government announces new scholarship program for college students. The information is being discussed through formal announcements and available reports. Readers are advised to check the original source for complete details.,REAL,Politics,Official/Reported,Author_23,2026-06-18,India,English,39,True,0.89,42533,50498,202
282,Scientists discover a new method to improve solar panel efficiency,"A recent report discusses scientists discover a new method to improve solar panel efficiency. The development has attracted public attention, while further details are expected from relevant authorities and organizations.",REAL,Weather,Official/Reported,Author_100,2026-02-24,Australia,English,30,True,0.97,31826,74972,8537
283,Local university opens a new artificial intelligence research center,Officials and researchers have reported an update related to local university opens a new artificial intelligence research center. The information is being discussed through formal announcements and available reports. Readers are advised to check the original source for complete details.,REAL,Weather,Official/Reported,Author_44,2026-03-09,UK,English,40,True,0.81,19137,8297,2739
284,New public transport route launched to connect rural areas,"A recent report discusses new public transport route launched to connect rural areas. The development has attracted public attention, while further details are expected from relevant authorities and organizations.",REAL,Health,Official/Reported,Author_108,2026-05-16,India,English,29,True,0.84,32331,64990,9728
285,Researchers publish study on reducing plastic waste in cities,"According to an update shared by relevant organizations, researchers publish study on reducing plastic waste in cities. The report focuses on the available information and encourages readers to verify details through reliable sources.",REAL,Education,Official/Reported,Author_118,2026-02-05,UK,English,33,True,0.75,51874,43549,13788
286,Health department releases updated vaccination schedule,"According to an update shared by relevant organizations, health department releases updated vaccination schedule. The report focuses on the available information and encourages readers to verify details through reliable sources.",REAL,Weather,Official/Reported,Author_85,2026-08-11,Canada,English,30,True,0.95,85342,77913,2230
287,National bank introduces updated digital payment security guidelines,"A recent report discusses national bank introduces updated digital payment security guidelines. The development has attracted public attention, while further details are expected from relevant authorities and organizations.",REAL,Business,Official/Reported,Author_52,2026-08-11,USA,English,28,True,0.98,41840,38205,12040
288,Weather department issues rainfall advisory for several regions,"According to an update shared by relevant organizations, weather department issues rainfall advisory for several regions. The report focuses on the available information and encourages readers to verify details through reliable sources.",REAL,Entertainment,Official/Reported,Author_148,2026-04-11,Canada,English,32,True,0.82,51512,47848,1865
289,University launches internship program for engineering students,"According to an update shared by relevant organizations, university launches internship program for engineering students. The report focuses on the available information and encourages readers to verify details through reliable sources.",REAL,Education,Official/Reported,Author_140,2026-03-22,Australia,English,31,True,0.76,95327,60510,11605
290,Technology company releases a software update with security fixes,Officials and researchers have reported an update related to technology company releases a software update with security fixes. The information is being discussed through formal announcements and available reports. Readers are advised to check the original source for complete details.,REAL,Entertainment,Official/Reported,Author_75,2026-02-27,Canada,English,40,True,0.91,18252,39697,3965
291,Celebrity secretly becomes president of the country overnight,Social media users are circulating a story claiming that celebrity secretly becomes president of the country overnight. The claim appears sensational and should be checked against trustworthy news organizations and official statements.,FAKE,Science,Social Media/Unverified,Author_109,2026-07-03,Canada,English,32,False,0.4,62824,76320,6566
292,Scientists confirm that drinking one glass of water gives superpowers,"An unverified internet post claims that scientists confirm that drinking one glass of water gives superpowers. No dependable evidence is provided in the message, so the information should not be treated as confirmed without further verification.",FAKE,Weather,Social Media/Unverified,Author_140,2026-01-26,UK,English,36,False,0.3,70383,77838,10455
293,Government announces free smartphones for every citizen tomorrow,A viral online claim says that government announces free smartphones for every citizen tomorrow. The post provides dramatic details but does not identify a reliable official source or independent evidence. Readers should verify the claim before sharing it.,FAKE,Technology,Social Media/Unverified,Author_64,2026-06-06,Australia,English,38,False,0.07,84555,52383,12331
294,New app claims it can predict every person's future with 100 percent accuracy,Social media users are circulating a story claiming that new app claims it can predict every person's future with 100 percent accuracy. The claim appears sensational and should be checked against trustworthy news organizations and official statements.,FAKE,Weather,Social Media/Unverified,Author_28,2026-01-04,UK,English,37,False,0.13,97901,68004,9142
295,Internet users discover a hidden button that makes phones charge instantly,"An unverified internet post claims that internet users discover a hidden button that makes phones charge instantly. No dependable evidence is provided in the message, so the information should not be treated as confirmed without further verification.",FAKE,Education,Social Media/Unverified,Author_115,2026-06-13,Canada,English,37,False,0.32,77157,65602,2469
296,Researchers prove that humans can survive without sleep for one year,Social media users are circulating a story claiming that researchers prove that humans can survive without sleep for one year. The claim appears sensational and should be checked against trustworthy news organizations and official statements.,FAKE,Politics,Social Media/Unverified,Author_124,2026-02-10,Canada,English,35,False,0.37,11263,15218,13620
297,Company announces that its laptop can run for ten years without charging,"An unverified internet post claims that company announces that its laptop can run for ten years without charging. No dependable evidence is provided in the message, so the information should not be treated as confirmed without further verification.",FAKE,Science,Social Media/Unverified,Author_90,2026-05-11,Canada,English,38,False,0.32,68313,63303,5706
298,Social media post claims the moon will disappear for seven days,Social media users are circulating a story claiming that social media post claims the moon will disappear for seven days. The claim appears sensational and should be checked against trustworthy news organizations and official statements.,FAKE,Technology,Social Media/Unverified,Author_113,2026-08-11,India,English,35,False,0.16,93173,15089,370
299,Online message says students can receive guaranteed jobs by sharing one post,Social media users are circulating a story claiming that online message says students can receive guaranteed jobs by sharing one post. The claim appears sensational and should be checked against trustworthy news organizations and official statements.,FAKE,Technology,Social Media/Unverified,Author_43,2026-04-17,USA,English,36,False,0.24,43393,73385,6985
300,Viral post claims a common household item can completely cure every disease,Social media users are circulating a story claiming that viral post claims a common household item can completely cure every disease. The claim appears sensational and should be checked against trustworthy news organizations and official statements.,FAKE,Education,Social Media/Unverified,Author_104,2026-03-06,Canada,English,36,False,0.19,96660,25868,7365
301,Government announces new scholarship program for college students,"According to an update shared by relevant organizations, government announces new scholarship program for college students. The report focuses on the available information and encourages readers to verify details through reliable sources.",REAL,Weather,Official/Reported,Author_100,2026-01-23,USA,English,32,True,0.8,98618,8205,9459
302,Scientists discover a new method to improve solar panel efficiency,Officials and researchers have reported an update related to scientists discover a new method to improve solar panel efficiency. The information is being discussed through formal announcements and available reports. Readers are advised to check the original source for complete details.,REAL,Science,Official/Reported,Author_94,2026-06-07,Canada,English,41,True,0.78,87920,64162,8646
303,Local university opens a new artificial intelligence research center,"According to an update shared by relevant organizations, local university opens a new artificial intelligence research center. The report focuses on the available information and encourages readers to verify details through reliable sources.",REAL,Business,Official/Reported,Author_100,2026-07-19,India,English,33,True,0.83,60022,22618,13332
304,New public transport route launched to connect rural areas,"According to an update shared by relevant organizations, new public transport route launched to connect rural areas. The report focuses on the available information and encourages readers to verify details through reliable sources.",REAL,Health,Official/Reported,Author_22,2026-03-11,India,English,33,True,0.81,15338,23997,6116
305,Researchers publish study on reducing plastic waste in cities,"According to an update shared by relevant organizations, researchers publish study on reducing plastic waste in cities. The report focuses on the available information and encourages readers to verify details through reliable sources.",REAL,Science,Official/Reported,Author_131,2026-07-14,Australia,English,33,True,0.78,50303,55453,3043
306,Health department releases updated vaccination schedule,"A recent report discusses health department releases updated vaccination schedule. The development has attracted public attention, while further details are expected from relevant authorities and organizations.",REAL,Science,Official/Reported,Author_143,2026-03-16,UK,English,26,True,0.78,41242,59118,10148
307,National bank introduces updated digital payment security guidelines,Officials and researchers have reported an update related to national bank introduces updated digital payment security guidelines. The information is being discussed through formal announcements and available reports. Readers are advised to check the original source for complete details.,REAL,Business,Official/Reported,Author_3,2026-08-05,USA,English,39,True,0.95,73617,66253,10699
308,Weather department issues rainfall advisory for several regions,"A recent report discusses weather department issues rainfall advisory for several regions. The development has attracted public attention, while further details are expected from relevant authorities and organizations.",REAL,Weather,Official/Reported,Author_126,2026-07-23,Canada,English,28,True,0.87,10845,74112,505
309,University launches internship program for engineering students,Officials and researchers have reported an update related to university launches internship program for engineering students. The information is being discussed through formal announcements and available reports. Readers are advised to check the original source for complete details.,REAL,Health,Official/Reported,Author_9,2026-05-08,Australia,English,38,True,0.82,59952,74145,12165
310,Technology company releases a software update with security fixes,"A recent report discusses technology company releases a software update with security fixes. The development has attracted public attention, while further details are expected from relevant authorities and organizations.",REAL,Technology,Official/Reported,Author_147,2026-02-09,Australia,English,29,True,0.95,48095,71051,13477
311,Celebrity secretly becomes president of the country overnight,A viral online claim says that celebrity secretly becomes president of the country overnight. The post provides dramatic details but does not identify a reliable official source or independent evidence. Readers should verify the claim before sharing it.,FAKE,Entertainment,Social Media/Unverified,Author_140,2026-04-14,India,English,38,False,0.31,85688,32449,4877
312,Scientists confirm that drinking one glass of water gives superpowers,A viral online claim says that scientists confirm that drinking one glass of water gives superpowers. The post provides dramatic details but does not identify a reliable official source or independent evidence. Readers should verify the claim before sharing it.,FAKE,Entertainment,Social Media/Unverified,Author_68,2026-06-28,India,English,40,False,0.2,15396,31061,3438
313,Government announces free smartphones for every citizen tomorrow,"An unverified internet post claims that government announces free smartphones for every citizen tomorrow. No dependable evidence is provided in the message, so the information should not be treated as confirmed without further verification.",FAKE,Business,Social Media/Unverified,Author_110,2026-03-20,USA,English,34,False,0.32,27134,7785,9340
314,New app claims it can predict every person's future with 100 percent accuracy,Social media users are circulating a story claiming that new app claims it can predict every person's future with 100 percent accuracy. The claim appears sensational and should be checked against trustworthy news organizations and official statements.,FAKE,Health,Social Media/Unverified,Author_138,2026-03-11,UK,English,37,False,0.15,35051,67430,14748
315,Internet users discover a hidden button that makes phones charge instantly,"An unverified internet post claims that internet users discover a hidden button that makes phones charge instantly. No dependable evidence is provided in the message, so the information should not be treated as confirmed without further verification.",FAKE,Technology,Social Media/Unverified,Author_35,2026-07-02,UK,English,37,False,0.35,16641,17397,4090
316,Researchers prove that humans can survive without sleep for one year,A viral online claim says that researchers prove that humans can survive without sleep for one year. The post provides dramatic details but does not identify a reliable official source or independent evidence. Readers should verify the claim before sharing it.,FAKE,Business,Social Media/Unverified,Author_64,2026-07-16,USA,English,41,False,0.25,35231,54298,6146
317,Company announces that its laptop can run for ten years without charging,Social media users are circulating a story claiming that company announces that its laptop can run for ten years without charging. The claim appears sensational and should be checked against trustworthy news organizations and official statements.,FAKE,Technology,Social Media/Unverified,Author_24,2026-07-17,UK,English,36,False,0.29,48384,59602,7996
318,Social media post claims the moon will disappear for seven days,Social media users are circulating a story claiming that social media post claims the moon will disappear for seven days. The claim appears sensational and should be checked against trustworthy news organizations and official statements.,FAKE,Politics,Social Media/Unverified,Author_24,2026-08-21,UK,English,35,False,0.35,70058,52134,3568
319,Online message says students can receive guaranteed jobs by sharing one post,Social media users are circulating a story claiming that online message says students can receive guaranteed jobs by sharing one post. The claim appears sensational and should be checked against trustworthy news organizations and official statements.,FAKE,Education,Social Media/Unverified,Author_127,2026-05-11,UK,English,36,False,0.17,75760,17122,9275
320,Viral post claims a common household item can completely cure every disease,Social media users are circulating a story claiming that viral post claims a common household item can completely cure every disease. The claim appears sensational and should be checked against trustworthy news organizations and official statements.,FAKE,Business,Social Media/Unverified,Author_13,2026-01-04,Canada,English,36,False,0.06,20717,57845,7479
321,Government announces new scholarship program for college students,Officials and researchers have reported an update related to government announces new scholarship program for college students. The information is being discussed through formal announcements and available reports. Readers are advised to check the original source for complete details.,REAL,Weather,Official/Reported,Author_52,2026-03-21,UK,English,39,True,0.79,35926,12239,10724
322,Scientists discover a new method to improve solar panel efficiency,"A recent report discusses scientists discover a new method to improve solar panel efficiency. The development has attracted public attention, while further details are expected from relevant authorities and organizations.",REAL,Health,Official/Reported,Author_22,2026-06-22,USA,English,30,True,0.76,82009,40048,11894
323,Local university opens a new artificial intelligence research center,"According to an update shared by relevant organizations, local university opens a new artificial intelligence research center. The report focuses on the available information and encourages readers to verify details through reliable sources.",REAL,Education,Official/Reported,Author_110,2026-02-23,India,English,33,True,0.75,62506,10220,2174
324,New public transport route launched to connect rural areas,"According to an update shared by relevant organizations, new public transport route launched to connect rural areas. The report focuses on the available information and encourages readers to verify details through reliable sources.",REAL,Education,Official/Reported,Author_133,2026-08-01,India,English,33,True,0.92,15816,55358,11371
325,Researchers publish study on reducing plastic waste in cities,Officials and researchers have reported an update related to researchers publish study on reducing plastic waste in cities. The information is being discussed through formal announcements and available reports. Readers are advised to check the original source for complete details.,REAL,Entertainment,Official/Reported,Author_19,2026-04-13,India,English,40,True,0.93,13435,13531,5133
326,Health department releases updated vaccination schedule,"A recent report discusses health department releases updated vaccination schedule. The development has attracted public attention, while further details are expected from relevant authorities and organizations.",REAL,Health,Official/Reported,Author_36,2026-07-25,USA,English,26,True,0.9,88763,18729,1120
327,National bank introduces updated digital payment security guidelines,"According to an update shared by relevant organizations, national bank introduces updated digital payment security guidelines. The report focuses on the available information and encourages readers to verify details through reliable sources.",REAL,Politics,Official/Reported,Author_43,2026-08-12,USA,English,32,True,0.9,19850,53968,10093
328,Weather department issues rainfall advisory for several regions,"According to an update shared by relevant organizations, weather department issues rainfall advisory for several regions. The report focuses on the available information and encourages readers to verify details through reliable sources.",REAL,Entertainment,Official/Reported,Author_56,2026-02-04,USA,English,32,True,0.93,77286,50340,5759
329,University launches internship program for engineering students,"A recent report discusses university launches internship program for engineering students. The development has attracted public attention, while further details are expected from relevant authorities and organizations.",REAL,Business,Official/Reported,Author_36,2026-04-09,India,English,27,True,0.81,78784,78649,11815
330,Technology company releases a software update with security fixes,"According to an update shared by relevant organizations, technology company releases a software update with security fixes. The report focuses on the available information and encourages readers to verify details through reliable sources.",REAL,Health,Official/Reported,Author_7,2026-05-07,Australia,English,33,True,0.9,24736,51352,4842
331,Celebrity secretly becomes president of the country overnight,"An unverified internet post claims that celebrity secretly becomes president of the country overnight. No dependable evidence is provided in the message, so the information should not be treated as confirmed without further verification.",FAKE,Politics,Social Media/Unverified,Author_62,2026-08-13,India,English,34,False,0.13,83644,77852,1163
332,Scientists confirm that drinking one glass of water gives superpowers,"An unverified internet post claims that scientists confirm that drinking one glass of water gives superpowers. No dependable evidence is provided in the message, so the information should not be treated as confirmed without further verification.",FAKE,Politics,Social Media/Unverified,Author_93,2026-06-05,Canada,English,36,False,0.35,74508,55168,5986
333,Government announces free smartphones for every citizen tomorrow,"An unverified internet post claims that government announces free smartphones for every citizen tomorrow. No dependable evidence is provided in the message, so the information should not be treated as confirmed without further verification.",FAKE,Science,Social Media/Unverified,Author_121,2026-02-01,Australia,English,34,False,0.07,34375,28282,652
334,New app claims it can predict every person's future with 100 percent accuracy,A viral online claim says that new app claims it can predict every person's future with 100 percent accuracy. The post provides dramatic details but does not identify a reliable official source or independent evidence. Readers should verify the claim before sharing it.,FAKE,Weather,Social Media/Unverified,Author_130,2026-05-21,Australia,English,43,False,0.32,55528,52732,1350
335,Internet users discover a hidden button that makes phones charge instantly,"An unverified internet post claims that internet users discover a hidden button that makes phones charge instantly. No dependable evidence is provided in the message, so the information should not be treated as confirmed without further verification.",FAKE,Science,Social Media/Unverified,Author_72,2026-02-10,India,English,37,False,0.23,26643,20370,8788
336,Researchers prove that humans can survive without sleep for one year,Social media users are circulating a story claiming that researchers prove that humans can survive without sleep for one year. The claim appears sensational and should be checked against trustworthy news organizations and official statements.,FAKE,Weather,Social Media/Unverified,Author_17,2026-05-23,Canada,English,35,False,0.31,31288,7594,4005
337,Company announces that its laptop can run for ten years without charging,A viral online claim says that company announces that its laptop can run for ten years without charging. The post provides dramatic details but does not identify a reliable official source or independent evidence. Readers should verify the claim before sharing it.,FAKE,Weather,Social Media/Unverified,Author_30,2026-08-20,Australia,English,42,False,0.07,87314,23027,1956
338,Social media post claims the moon will disappear for seven days,A viral online claim says that social media post claims the moon will disappear for seven days. The post provides dramatic details but does not identify a reliable official source or independent evidence. Readers should verify the claim before sharing it.,FAKE,Science,Social Media/Unverified,Author_3,2026-03-16,UK,English,41,False,0.23,94482,33985,2735
339,Online message says students can receive guaranteed jobs by sharing one post,Social media users are circulating a story claiming that online message says students can receive guaranteed jobs by sharing one post. The claim appears sensational and should be checked against trustworthy news organizations and official statements.,FAKE,Science,Social Media/Unverified,Author_69,2026-02-25,India,English,36,False,0.17,56282,35654,8582
340,Viral post claims a common household item can completely cure every disease,A viral online claim says that viral post claims a common household item can completely cure every disease. The post provides dramatic details but does not identify a reliable official source or independent evidence. Readers should verify the claim before sharing it.,FAKE,Health,Social Media/Unverified,Author_148,2026-02-16,Canada,English,42,False,0.23,7276,65489,14079
341,Government announces new scholarship program for college students,"According to an update shared by relevant organizations, government announces new scholarship program for college students. The report focuses on the available information and encourages readers to verify details through reliable sources.",REAL,Science,Official/Reported,Author_95,2026-03-09,India,English,32,True,0.96,88368,15122,3742
342,Scientists discover a new method to improve solar panel efficiency,"According to an update shared by relevant organizations, scientists discover a new method to improve solar panel efficiency. The report focuses on the available information and encourages readers to verify details through reliable sources.",REAL,Politics,Official/Reported,Author_12,2026-01-08,India,English,34,True,0.86,50207,19676,2932
343,Local university opens a new artificial intelligence research center,Officials and researchers have reported an update related to local university opens a new artificial intelligence research center. The information is being discussed through formal announcements and available reports. Readers are advised to check the original source for complete details.,REAL,Weather,Official/Reported,Author_58,2026-06-08,Canada,English,40,True,0.97,41944,35559,13533
344,New public transport route launched to connect rural areas,Officials and researchers have reported an update related to new public transport route launched to connect rural areas. The information is being discussed through formal announcements and available reports. Readers are advised to check the original source for complete details.,REAL,Business,Official/Reported,Author_31,2026-01-06,USA,English,40,True,0.94,6029,52555,1129
345,Researchers publish study on reducing plastic waste in cities,"A recent report discusses researchers publish study on reducing plastic waste in cities. The development has attracted public attention, while further details are expected from relevant authorities and organizations.",REAL,Health,Official/Reported,Author_80,2026-06-03,Australia,English,29,True,0.86,48364,26307,4777
346,Health department releases updated vaccination schedule,"According to an update shared by relevant organizations, health department releases updated vaccination schedule. The report focuses on the available information and encourages readers to verify details through reliable sources.",REAL,Health,Official/Reported,Author_63,2026-08-12,Australia,English,30,True,0.98,25624,71643,12459
347,National bank introduces updated digital payment security guidelines,Officials and researchers have reported an update related to national bank introduces updated digital payment security guidelines. The information is being discussed through formal announcements and available reports. Readers are advised to check the original source for complete details.,REAL,Science,Official/Reported,Author_2,2026-07-01,USA,English,39,True,0.88,83364,1262,5488
348,Weather department issues rainfall advisory for several regions,Officials and researchers have reported an update related to weather department issues rainfall advisory for several regions. The information is being discussed through formal announcements and available reports. Readers are advised to check the original source for complete details.,REAL,Weather,Official/Reported,Author_79,2026-02-07,Australia,English,39,True,0.99,55036,64496,981
349,University launches internship program for engineering students,Officials and researchers have reported an update related to university launches internship program for engineering students. The information is being discussed through formal announcements and available reports. Readers are advised to check the original source for complete details.,REAL,Health,Official/Reported,Author_24,2026-01-08,Australia,English,38,True,0.85,48833,60096,12253
350,Technology company releases a software update with security fixes,Officials and researchers have reported an update related to technology company releases a software update with security fixes. The information is being discussed through formal announcements and available reports. Readers are advised to check the original source for complete details.,REAL,Technology,Official/Reported,Author_130,2026-03-21,Canada,English,40,True,0.77,74435,8168,7126
351,Celebrity secretly becomes president of the country overnight,"An unverified internet post claims that celebrity secretly becomes president of the country overnight. No dependable evidence is provided in the message, so the information should not be treated as confirmed without further verification.",FAKE,Science,Social Media/Unverified,Author_61,2026-05-09,UK,English,34,False,0.37,51515,42767,5211
352,Scientists confirm that drinking one glass of water gives superpowers,Social media users are circulating a story claiming that scientists confirm that drinking one glass of water gives superpowers. The claim appears sensational and should be checked against trustworthy news organizations and official statements.,FAKE,Health,Social Media/Unverified,Author_60,2026-02-07,USA,English,34,False,0.32,76648,14288,2546
353,Government announces free smartphones for every citizen tomorrow,A viral online claim says that government announces free smartphones for every citizen tomorrow. The post provides dramatic details but does not identify a reliable official source or independent evidence. Readers should verify the claim before sharing it.,FAKE,Science,Social Media/Unverified,Author_116,2026-08-11,Canada,English,38,False,0.09,46971,27220,7404
354,New app claims it can predict every person's future with 100 percent accuracy,Social media users are circulating a story claiming that new app claims it can predict every person's future with 100 percent accuracy. The claim appears sensational and should be checked against trustworthy news organizations and official statements.,FAKE,Entertainment,Social Media/Unverified,Author_68,2026-02-03,USA,English,37,False,0.33,39884,79081,660
355,Internet users discover a hidden button that makes phones charge instantly,A viral online claim says that internet users discover a hidden button that makes phones charge instantly. The post provides dramatic details but does not identify a reliable official source or independent evidence. Readers should verify the claim before sharing it.,FAKE,Business,Social Media/Unverified,Author_38,2026-02-23,USA,English,41,False,0.39,51946,67305,802
356,Researchers prove that humans can survive without sleep for one year,"An unverified internet post claims that researchers prove that humans can survive without sleep for one year. No dependable evidence is provided in the message, so the information should not be treated as confirmed without further verification.",FAKE,Health,Social Media/Unverified,Author_67,2026-03-01,Canada,English,37,False,0.35,72879,72110,4093
357,Company announces that its laptop can run for ten years without charging,A viral online claim says that company announces that its laptop can run for ten years without charging. The post provides dramatic details but does not identify a reliable official source or independent evidence. Readers should verify the claim before sharing it.,FAKE,Entertainment,Social Media/Unverified,Author_27,2026-03-04,India,English,42,False,0.07,29145,17138,3246
358,Social media post claims the moon will disappear for seven days,Social media users are circulating a story claiming that social media post claims the moon will disappear for seven days. The claim appears sensational and should be checked against trustworthy news organizations and official statements.,FAKE,Business,Social Media/Unverified,Author_22,2026-05-27,India,English,35,False,0.06,8460,25924,14786
359,Online message says students can receive guaranteed jobs by sharing one post,"An unverified internet post claims that online message says students can receive guaranteed jobs by sharing one post. No dependable evidence is provided in the message, so the information should not be treated as confirmed without further verification.",FAKE,Entertainment,Social Media/Unverified,Author_33,2026-02-28,UK,English,38,False,0.09,60433,6642,2752
360,Viral post claims a common household item can completely cure every disease,"An unverified internet post claims that viral post claims a common household item can completely cure every disease. No dependable evidence is provided in the message, so the information should not be treated as confirmed without further verification.",FAKE,Weather,Social Media/Unverified,Author_102,2026-08-01,Canada,English,38,False,0.29,22660,46397,3517
361,Government announces new scholarship program for college students,Officials and researchers have reported an update related to government announces new scholarship program for college students. The information is being discussed through formal announcements and available reports. Readers are advised to check the original source for complete details.,REAL,Health,Official/Reported,Author_72,2026-08-05,India,English,39,True,0.9,80878,32220,10605
362,Scientists discover a new method to improve solar panel efficiency,"A recent report discusses scientists discover a new method to improve solar panel efficiency. The development has attracted public attention, while further details are expected from relevant authorities and organizations.",REAL,Entertainment,Official/Reported,Author_106,2026-08-02,India,English,30,True,0.82,17997,54954,3267
363,Local university opens a new artificial intelligence research center,"According to an update shared by relevant organizations, local university opens a new artificial intelligence research center. The report focuses on the available information and encourages readers to verify details through reliable sources.",REAL,Education,Official/Reported,Author_140,2026-01-13,UK,English,33,True,0.87,63537,45098,14953
364,New public transport route launched to connect rural areas,"According to an update shared by relevant organizations, new public transport route launched to connect rural areas. The report focuses on the available information and encourages readers to verify details through reliable sources.",REAL,Business,Official/Reported,Author_100,2026-05-06,India,English,33,True,0.83,28717,3845,14676
365,Researchers publish study on reducing plastic waste in cities,"A recent report discusses researchers publish study on reducing plastic waste in cities. The development has attracted public attention, while further details are expected from relevant authorities and organizations.",REAL,Politics,Official/Reported,Author_121,2026-06-25,Australia,English,29,True,0.99,20932,13129,4060
366,Health department releases updated vaccination schedule,"According to an update shared by relevant organizations, health department releases updated vaccination schedule. The report focuses on the available information and encourages readers to verify details through reliable sources.",REAL,Education,Official/Reported,Author_69,2026-01-25,USA,English,30,True,0.89,50921,46509,13749
367,National bank introduces updated digital payment security guidelines,Officials and researchers have reported an update related to national bank introduces updated digital payment security guidelines. The information is being discussed through formal announcements and available reports. Readers are advised to check the original source for complete details.,REAL,Science,Official/Reported,Author_61,2026-06-26,UK,English,39,True,0.97,3707,46100,9300
368,Weather department issues rainfall advisory for several regions,"According to an update shared by relevant organizations, weather department issues rainfall advisory for several regions. The report focuses on the available information and encourages readers to verify details through reliable sources.",REAL,Science,Official/Reported,Author_145,2026-04-27,Canada,English,32,True,0.88,23020,64287,621
369,University launches internship program for engineering students,Officials and researchers have reported an update related to university launches internship program for engineering students. The information is being discussed through formal announcements and available reports. Readers are advised to check the original source for complete details.,REAL,Politics,Official/Reported,Author_60,2026-04-01,Australia,English,38,True,0.86,43491,26411,13212
370,Technology company releases a software update with security fixes,Officials and researchers have reported an update related to technology company releases a software update with security fixes. The information is being discussed through formal announcements and available reports. Readers are advised to check the original source for complete details.,REAL,Business,Official/Reported,Author_46,2026-06-02,India,English,40,True,0.79,92375,18571,12687
371,Celebrity secretly becomes president of the country overnight,A viral online claim says that celebrity secretly becomes president of the country overnight. The post provides dramatic details but does not identify a reliable official source or independent evidence. Readers should verify the claim before sharing it.,FAKE,Business,Social Media/Unverified,Author_19,2026-06-23,Canada,English,38,False,0.26,44123,39557,5285
372,Scientists confirm that drinking one glass of water gives superpowers,A viral online claim says that scientists confirm that drinking one glass of water gives superpowers. The post provides dramatic details but does not identify a reliable official source or independent evidence. Readers should verify the claim before sharing it.,FAKE,Science,Social Media/Unverified,Author_112,2026-08-21,UK,English,40,False,0.11,73669,46774,3657
373,Government announces free smartphones for every citizen tomorrow,"An unverified internet post claims that government announces free smartphones for every citizen tomorrow. No dependable evidence is provided in the message, so the information should not be treated as confirmed without further verification.",FAKE,Science,Social Media/Unverified,Author_97,2026-05-24,UK,English,34,False,0.09,95539,240,11501
374,New app claims it can predict every person's future with 100 percent accuracy,"An unverified internet post claims that new app claims it can predict every person's future with 100 percent accuracy. No dependable evidence is provided in the message, so the information should not be treated as confirmed without further verification.",FAKE,Weather,Social Media/Unverified,Author_146,2026-01-06,Australia,English,39,False,0.16,80144,28958,10479
375,Internet users discover a hidden button that makes phones charge instantly,"An unverified internet post claims that internet users discover a hidden button that makes phones charge instantly. No dependable evidence is provided in the message, so the information should not be treated as confirmed without further verification.",FAKE,Technology,Social Media/Unverified,Author_128,2026-03-11,India,English,37,False,0.13,41889,22010,10423
376,Researchers prove that humans can survive without sleep for one year,A viral online claim says that researchers prove that humans can survive without sleep for one year. The post provides dramatic details but does not identify a reliable official source or independent evidence. Readers should verify the claim before sharing it.,FAKE,Business,Social Media/Unverified,Author_115,2026-01-09,USA,English,41,False,0.14,8895,45943,4205
377,Company announces that its laptop can run for ten years without charging,A viral online claim says that company announces that its laptop can run for ten years without charging. The post provides dramatic details but does not identify a reliable official source or independent evidence. Readers should verify the claim before sharing it.,FAKE,Politics,Social Media/Unverified,Author_13,2026-07-15,Canada,English,42,False,0.39,54276,64634,14446
378,Social media post claims the moon will disappear for seven days,Social media users are circulating a story claiming that social media post claims the moon will disappear for seven days. The claim appears sensational and should be checked against trustworthy news organizations and official statements.,FAKE,Business,Social Media/Unverified,Author_140,2026-07-04,Canada,English,35,False,0.33,75776,29572,2664
379,Online message says students can receive guaranteed jobs by sharing one post,Social media users are circulating a story claiming that online message says students can receive guaranteed jobs by sharing one post. The claim appears sensational and should be checked against trustworthy news organizations and official statements.,FAKE,Technology,Social Media/Unverified,Author_9,2026-05-01,UK,English,36,False,0.14,13736,9730,5600
380,Viral post claims a common household item can completely cure every disease,A viral online claim says that viral post claims a common household item can completely cure every disease. The post provides dramatic details but does not identify a reliable official source or independent evidence. Readers should verify the claim before sharing it.,FAKE,Weather,Social Media/Unverified,Author_42,2026-02-18,India,English,42,False,0.17,80441,63278,11542
381,Government announces new scholarship program for college students,Officials and researchers have reported an update related to government announces new scholarship program for college students. The information is being discussed through formal announcements and available reports. Readers are advised to check the original source for complete details.,REAL,Weather,Official/Reported,Author_43,2026-07-06,India,English,39,True,0.77,26951,24906,6705
382,Scientists discover a new method to improve solar panel efficiency,"According to an update shared by relevant organizations, scientists discover a new method to improve solar panel efficiency. The report focuses on the available information and encourages readers to verify details through reliable sources.",REAL,Health,Official/Reported,Author_73,2026-05-08,India,English,34,True,0.76,74953,72050,13760
383,Local university opens a new artificial intelligence research center,"A recent report discusses local university opens a new artificial intelligence research center. The development has attracted public attention, while further details are expected from relevant authorities and organizations.",REAL,Science,Official/Reported,Author_14,2026-06-01,Canada,English,29,True,0.77,86782,78676,7869
384,New public transport route launched to connect rural areas,Officials and researchers have reported an update related to new public transport route launched to connect rural areas. The information is being discussed through formal announcements and available reports. Readers are advised to check the original source for complete details.,REAL,Technology,Official/Reported,Author_7,2026-04-06,UK,English,40,True,0.98,62081,15144,5052
385,Researchers publish study on reducing plastic waste in cities,"A recent report discusses researchers publish study on reducing plastic waste in cities. The development has attracted public attention, while further details are expected from relevant authorities and organizations.",REAL,Entertainment,Official/Reported,Author_126,2026-05-03,Australia,English,29,True,0.84,48640,50001,6052
386,Health department releases updated vaccination schedule,Officials and researchers have reported an update related to health department releases updated vaccination schedule. The information is being discussed through formal announcements and available reports. Readers are advised to check the original source for complete details.,REAL,Entertainment,Official/Reported,Author_12,2026-05-15,Canada,English,37,True,0.81,35210,73961,1009
387,National bank introduces updated digital payment security guidelines,Officials and researchers have reported an update related to national bank introduces updated digital payment security guidelines. The information is being discussed through formal announcements and available reports. Readers are advised to check the original source for complete details.,REAL,Technology,Official/Reported,Author_22,2026-06-26,Australia,English,39,True,0.85,99160,77301,3727
388,Weather department issues rainfall advisory for several regions,"According to an update shared by relevant organizations, weather department issues rainfall advisory for several regions. The report focuses on the available information and encourages readers to verify details through reliable sources.",REAL,Politics,Official/Reported,Author_100,2026-07-18,Canada,English,32,True,0.89,30896,62429,4896
389,University launches internship program for engineering students,Officials and researchers have reported an update related to university launches internship program for engineering students. The information is being discussed through formal announcements and available reports. Readers are advised to check the original source for complete details.,REAL,Weather,Official/Reported,Author_9,2026-03-04,Canada,English,38,True,0.79,21920,27777,13245
390,Technology company releases a software update with security fixes,Officials and researchers have reported an update related to technology company releases a software update with security fixes. The information is being discussed through formal announcements and available reports. Readers are advised to check the original source for complete details.,REAL,Science,Official/Reported,Author_11,2026-07-03,Canada,English,40,True,0.8,82221,19387,13666
391,Celebrity secretly becomes president of the country overnight,"An unverified internet post claims that celebrity secretly becomes president of the country overnight. No dependable evidence is provided in the message, so the information should not be treated as confirmed without further verification.",FAKE,Health,Social Media/Unverified,Author_82,2026-02-03,Canada,English,34,False,0.24,72368,42751,14034
392,Scientists confirm that drinking one glass of water gives superpowers,Social media users are circulating a story claiming that scientists confirm that drinking one glass of water gives superpowers. The claim appears sensational and should be checked against trustworthy news organizations and official statements.,FAKE,Entertainment,Social Media/Unverified,Author_4,2026-07-04,Canada,English,34,False,0.1,74274,77066,9546
393,Government announces free smartphones for every citizen tomorrow,A viral online claim says that government announces free smartphones for every citizen tomorrow. The post provides dramatic details but does not identify a reliable official source or independent evidence. Readers should verify the claim before sharing it.,FAKE,Technology,Social Media/Unverified,Author_145,2026-02-26,UK,English,38,False,0.35,45081,53861,4327
394,New app claims it can predict every person's future with 100 percent accuracy,Social media users are circulating a story claiming that new app claims it can predict every person's future with 100 percent accuracy. The claim appears sensational and should be checked against trustworthy news organizations and official statements.,FAKE,Entertainment,Social Media/Unverified,Author_147,2026-08-02,USA,English,37,False,0.15,18865,79782,11154
395,Internet users discover a hidden button that makes phones charge instantly,"An unverified internet post claims that internet users discover a hidden button that makes phones charge instantly. No dependable evidence is provided in the message, so the information should not be treated as confirmed without further verification.",FAKE,Weather,Social Media/Unverified,Author_10,2026-07-11,USA,English,37,False,0.07,62297,35208,14696
396,Researchers prove that humans can survive without sleep for one year,Social media users are circulating a story claiming that researchers prove that humans can survive without sleep for one year. The claim appears sensational and should be checked against trustworthy news organizations and official statements.,FAKE,Politics,Social Media/Unverified,Author_87,2026-05-10,UK,English,35,False,0.34,91260,12878,14236
397,Company announces that its laptop can run for ten years without charging,A viral online claim says that company announces that its laptop can run for ten years without charging. The post provides dramatic details but does not identify a reliable official source or independent evidence. Readers should verify the claim before sharing it.,FAKE,Science,Social Media/Unverified,Author_77,2026-08-25,UK,English,42,False,0.14,54637,79300,10576
398,Social media post claims the moon will disappear for seven days,A viral online claim says that social media post claims the moon will disappear for seven days. The post provides dramatic details but does not identify a reliable official source or independent evidence. Readers should verify the claim before sharing it.,FAKE,Education,Social Media/Unverified,Author_114,2026-04-27,Canada,English,41,False,0.31,99558,67703,14208
399,Online message says students can receive guaranteed jobs by sharing one post,Social media users are circulating a story claiming that online message says students can receive guaranteed jobs by sharing one post. The claim appears sensational and should be checked against trustworthy news organizations and official statements.,FAKE,Politics,Social Media/Unverified,Author_132,2026-03-03,UK,English,36,False,0.3,52882,17784,12787
400,Viral post claims a common household item can completely cure every disease,"An unverified internet post claims that viral post claims a common household item can completely cure every disease. No dependable evidence is provided in the message, so the information should not be treated as confirmed without further verification.",FAKE,Politics,Social Media/Unverified,Author_45,2026-04-27,USA,English,38,False,0.34,32711,4339,7478
401,Government announces new scholarship program for college students,Officials and researchers have reported an update related to government announces new scholarship program for college students. The information is being discussed through formal announcements and available reports. Readers are advised to check the original source for complete details.,REAL,Business,Official/Reported,Author_51,2026-05-12,Canada,English,39,True,0.87,83294,16241,11160
402,Scientists discover a new method to improve solar panel efficiency,Officials and researchers have reported an update related to scientists discover a new method to improve solar panel efficiency. The information is being discussed through formal announcements and available reports. Readers are advised to check the original source for complete details.,REAL,Education,Official/Reported,Author_96,2026-08-20,Canada,English,41,True,0.79,62214,76928,9033
403,Local university opens a new artificial intelligence research center,"A recent report discusses local university opens a new artificial intelligence research center. The development has attracted public attention, while further details are expected from relevant authorities and organizations.",REAL,Business,Official/Reported,Author_42,2026-05-24,India,English,29,True,0.82,50677,6512,2669
404,New public transport route launched to connect rural areas,"According to an update shared by relevant organizations, new public transport route launched to connect rural areas. The report focuses on the available information and encourages readers to verify details through reliable sources.",REAL,Education,Official/Reported,Author_57,2026-04-22,USA,English,33,True,0.81,53684,67281,328
405,Researchers publish study on reducing plastic waste in cities,"According to an update shared by relevant organizations, researchers publish study on reducing plastic waste in cities. The report focuses on the available information and encourages readers to verify details through reliable sources.",REAL,Politics,Official/Reported,Author_122,2026-03-21,USA,English,33,True,0.89,1119,29334,4135
406,Health department releases updated vaccination schedule,"According to an update shared by relevant organizations, health department releases updated vaccination schedule. The report focuses on the available information and encourages readers to verify details through reliable sources.",REAL,Health,Official/Reported,Author_71,2026-07-13,UK,English,30,True,0.86,28611,61176,4950
407,National bank introduces updated digital payment security guidelines,"According to an update shared by relevant organizations, national bank introduces updated digital payment security guidelines. The report focuses on the available information and encourages readers to verify details through reliable sources.",REAL,Weather,Official/Reported,Author_150,2026-02-01,Australia,English,32,True,0.99,49061,73596,10606
408,Weather department issues rainfall advisory for several regions,"According to an update shared by relevant organizations, weather department issues rainfall advisory for several regions. The report focuses on the available information and encourages readers to verify details through reliable sources.",REAL,Health,Official/Reported,Author_77,2026-02-16,India,English,32,True,0.83,36249,42621,14114
409,University launches internship program for engineering students,"A recent report discusses university launches internship program for engineering students. The development has attracted public attention, while further details are expected from relevant authorities and organizations.",REAL,Health,Official/Reported,Author_77,2026-04-05,Australia,English,27,True,0.93,7451,78652,6620
410,Technology company releases a software update with security fixes,"According to an update shared by relevant organizations, technology company releases a software update with security fixes. The report focuses on the available information and encourages readers to verify details through reliable sources.",REAL,Business,Official/Reported,Author_36,2026-01-21,Canada,English,33,True,0.99,34013,54867,6628
411,Celebrity secretly becomes president of the country overnight,Social media users are circulating a story claiming that celebrity secretly becomes president of the country overnight. The claim appears sensational and should be checked against trustworthy news organizations and official statements.,FAKE,Politics,Social Media/Unverified,Author_150,2026-04-11,USA,English,32,False,0.29,83675,62360,14852
412,Scientists confirm that drinking one glass of water gives superpowers,"An unverified internet post claims that scientists confirm that drinking one glass of water gives superpowers. No dependable evidence is provided in the message, so the information should not be treated as confirmed without further verification.",FAKE,Business,Social Media/Unverified,Author_130,2026-05-28,USA,English,36,False,0.34,73180,23746,4813
413,Government announces free smartphones for every citizen tomorrow,A viral online claim says that government announces free smartphones for every citizen tomorrow. The post provides dramatic details but does not identify a reliable official source or independent evidence. Readers should verify the claim before sharing it.,FAKE,Entertainment,Social Media/Unverified,Author_33,2026-05-24,Australia,English,38,False,0.32,24005,43997,10722
414,New app claims it can predict every person's future with 100 percent accuracy,A viral online claim says that new app claims it can predict every person's future with 100 percent accuracy. The post provides dramatic details but does not identify a reliable official source or independent evidence. Readers should verify the claim before sharing it.,FAKE,Education,Social Media/Unverified,Author_91,2026-04-24,UK,English,43,False,0.2,43436,48722,4269
415,Internet users discover a hidden button that makes phones charge instantly,"An unverified internet post claims that internet users discover a hidden button that makes phones charge instantly. No dependable evidence is provided in the message, so the information should not be treated as confirmed without further verification.",FAKE,Health,Social Media/Unverified,Author_119,2026-02-16,India,English,37,False,0.35,76500,76067,10168
416,Researchers prove that humans can survive without sleep for one year,A viral online claim says that researchers prove that humans can survive without sleep for one year. The post provides dramatic details but does not identify a reliable official source or independent evidence. Readers should verify the claim before sharing it.,FAKE,Entertainment,Social Media/Unverified,Author_50,2026-02-28,Canada,English,41,False,0.24,54156,7091,14267
417,Company announces that its laptop can run for ten years without charging,A viral online claim says that company announces that its laptop can run for ten years without charging. The post provides dramatic details but does not identify a reliable official source or independent evidence. Readers should verify the claim before sharing it.,FAKE,Science,Social Media/Unverified,Author_52,2026-06-14,Australia,English,42,False,0.36,59984,18777,5183
418,Social media post claims the moon will disappear for seven days,"An unverified internet post claims that social media post claims the moon will disappear for seven days. No dependable evidence is provided in the message, so the information should not be treated as confirmed without further verification.",FAKE,Science,Social Media/Unverified,Author_21,2026-08-11,USA,English,37,False,0.16,7613,622,7406
419,Online message says students can receive guaranteed jobs by sharing one post,Social media users are circulating a story claiming that online message says students can receive guaranteed jobs by sharing one post. The claim appears sensational and should be checked against trustworthy news organizations and official statements.,FAKE,Education,Social Media/Unverified,Author_44,2026-03-16,India,English,36,False,0.1,56857,56288,6609
420,Viral post claims a common household item can completely cure every disease,Social media users are circulating a story claiming that viral post claims a common household item can completely cure every disease. The claim appears sensational and should be checked against trustworthy news organizations and official statements.,FAKE,Entertainment,Social Media/Unverified,Author_99,2026-01-02,Australia,English,36,False,0.12,48913,1850,14614
421,Government announces new scholarship program for college students,"A recent report discusses government announces new scholarship program for college students. The development has attracted public attention, while further details are expected from relevant authorities and organizations.",REAL,Education,Official/Reported,Author_5,2026-01-21,USA,English,28,True,0.8,45144,40911,2112
422,Scientists discover a new method to improve solar panel efficiency,Officials and researchers have reported an update related to scientists discover a new method to improve solar panel efficiency. The information is being discussed through formal announcements and available reports. Readers are advised to check the original source for complete details.,REAL,Weather,Official/Reported,Author_129,2026-05-06,India,English,41,True,0.95,39095,38124,7469
423,Local university opens a new artificial intelligence research center,"According to an update shared by relevant organizations, local university opens a new artificial intelligence research center. The report focuses on the available information and encourages readers to verify details through reliable sources.",REAL,Business,Official/Reported,Author_112,2026-03-11,Canada,English,33,True,0.84,24707,21616,14858
424,New public transport route launched to connect rural areas,"A recent report discusses new public transport route launched to connect rural areas. The development has attracted public attention, while further details are expected from relevant authorities and organizations.",REAL,Politics,Official/Reported,Author_59,2026-04-24,USA,English,29,True,0.8,2882,77297,8267
425,Researchers publish study on reducing plastic waste in cities,Officials and researchers have reported an update related to researchers publish study on reducing plastic waste in cities. The information is being discussed through formal announcements and available reports. Readers are advised to check the original source for complete details.,REAL,Technology,Official/Reported,Author_94,2026-01-13,UK,English,40,True,0.94,81685,6373,9730
426,Health department releases updated vaccination schedule,Officials and researchers have reported an update related to health department releases updated vaccination schedule. The information is being discussed through formal announcements and available reports. Readers are advised to check the original source for complete details.,REAL,Technology,Official/Reported,Author_6,2026-01-23,India,English,37,True,0.85,49850,16204,8966
427,National bank introduces updated digital payment security guidelines,"A recent report discusses national bank introduces updated digital payment security guidelines. The development has attracted public attention, while further details are expected from relevant authorities and organizations.",REAL,Entertainment,Official/Reported,Author_40,2026-04-23,India,English,28,True,0.82,86735,13240,10854
428,Weather department issues rainfall advisory for several regions,"According to an update shared by relevant organizations, weather department issues rainfall advisory for several regions. The report focuses on the available information and encourages readers to verify details through reliable sources.",REAL,Health,Official/Reported,Author_36,2026-07-27,India,English,32,True,0.87,80972,15436,4631
429,University launches internship program for engineering students,Officials and researchers have reported an update related to university launches internship program for engineering students. The information is being discussed through formal announcements and available reports. Readers are advised to check the original source for complete details.,REAL,Technology,Official/Reported,Author_128,2026-04-20,USA,English,38,True,0.94,68579,26438,5864
430,Technology company releases a software update with security fixes,"According to an update shared by relevant organizations, technology company releases a software update with security fixes. The report focuses on the available information and encourages readers to verify details through reliable sources.",REAL,Weather,Official/Reported,Author_76,2026-03-02,Australia,English,33,True,0.87,27232,63006,5416
431,Celebrity secretly becomes president of the country overnight,A viral online claim says that celebrity secretly becomes president of the country overnight. The post provides dramatic details but does not identify a reliable official source or independent evidence. Readers should verify the claim before sharing it.,FAKE,Politics,Social Media/Unverified,Author_4,2026-02-04,Australia,English,38,False,0.28,19558,11812,12771
432,Scientists confirm that drinking one glass of water gives superpowers,"An unverified internet post claims that scientists confirm that drinking one glass of water gives superpowers. No dependable evidence is provided in the message, so the information should not be treated as confirmed without further verification.",FAKE,Technology,Social Media/Unverified,Author_26,2026-05-21,USA,English,36,False,0.21,38810,34624,7606
433,Government announces free smartphones for every citizen tomorrow,A viral online claim says that government announces free smartphones for every citizen tomorrow. The post provides dramatic details but does not identify a reliable official source or independent evidence. Readers should verify the claim before sharing it.,FAKE,Technology,Social Media/Unverified,Author_45,2026-01-28,UK,English,38,False,0.18,88715,40992,6979
434,New app claims it can predict every person's future with 100 percent accuracy,"An unverified internet post claims that new app claims it can predict every person's future with 100 percent accuracy. No dependable evidence is provided in the message, so the information should not be treated as confirmed without further verification.",FAKE,Technology,Social Media/Unverified,Author_25,2026-01-01,USA,English,39,False,0.28,22359,43083,5857
435,Internet users discover a hidden button that makes phones charge instantly,Social media users are circulating a story claiming that internet users discover a hidden button that makes phones charge instantly. The claim appears sensational and should be checked against trustworthy news organizations and official statements.,FAKE,Health,Social Media/Unverified,Author_24,2026-06-27,UK,English,35,False,0.11,52540,52466,7479
436,Researchers prove that humans can survive without sleep for one year,Social media users are circulating a story claiming that researchers prove that humans can survive without sleep for one year. The claim appears sensational and should be checked against trustworthy news organizations and official statements.,FAKE,Weather,Social Media/Unverified,Author_123,2026-07-21,USA,English,35,False,0.09,91258,7691,13833
437,Company announces that its laptop can run for ten years without charging,A viral online claim says that company announces that its laptop can run for ten years without charging. The post provides dramatic details but does not identify a reliable official source or independent evidence. Readers should verify the claim before sharing it.,FAKE,Technology,Social Media/Unverified,Author_107,2026-08-26,Australia,English,42,False,0.29,23768,49779,12765
438,Social media post claims the moon will disappear for seven days,Social media users are circulating a story claiming that social media post claims the moon will disappear for seven days. The claim appears sensational and should be checked against trustworthy news organizations and official statements.,FAKE,Politics,Social Media/Unverified,Author_34,2026-08-16,India,English,35,False,0.36,57771,6030,1037
439,Online message says students can receive guaranteed jobs by sharing one post,Social media users are circulating a story claiming that online message says students can receive guaranteed jobs by sharing one post. The claim appears sensational and should be checked against trustworthy news organizations and official statements.,FAKE,Business,Social Media/Unverified,Author_4,2026-04-22,UK,English,36,False,0.23,90219,12488,7091
440,Viral post claims a common household item can completely cure every disease,"An unverified internet post claims that viral post claims a common household item can completely cure every disease. No dependable evidence is provided in the message, so the information should not be treated as confirmed without further verification.",FAKE,Education,Social Media/Unverified,Author_124,2026-06-22,Canada,English,38,False,0.1,73193,7157,190
441,Government announces new scholarship program for college students,"According to an update shared by relevant organizations, government announces new scholarship program for college students. The report focuses on the available information and encourages readers to verify details through reliable sources.",REAL,Science,Official/Reported,Author_130,2026-08-28,Canada,English,32,True,0.96,9822,64446,5253
442,Scientists discover a new method to improve solar panel efficiency,Officials and researchers have reported an update related to scientists discover a new method to improve solar panel efficiency. The information is being discussed through formal announcements and available reports. Readers are advised to check the original source for complete details.,REAL,Business,Official/Reported,Author_72,2026-01-17,USA,English,41,True,0.88,49638,52863,13387
443,Local university opens a new artificial intelligence research center,Officials and researchers have reported an update related to local university opens a new artificial intelligence research center. The information is being discussed through formal announcements and available reports. Readers are advised to check the original source for complete details.,REAL,Technology,Official/Reported,Author_118,2026-08-26,Australia,English,40,True,0.86,65343,58603,5178
444,New public transport route launched to connect rural areas,Officials and researchers have reported an update related to new public transport route launched to connect rural areas. The information is being discussed through formal announcements and available reports. Readers are advised to check the original source for complete details.,REAL,Entertainment,Official/Reported,Author_5,2026-02-13,Canada,English,40,True,0.76,71981,27,13531
445,Researchers publish study on reducing plastic waste in cities,Officials and researchers have reported an update related to researchers publish study on reducing plastic waste in cities. The information is being discussed through formal announcements and available reports. Readers are advised to check the original source for complete details.,REAL,Health,Official/Reported,Author_131,2026-04-21,Canada,English,40,True,0.98,47634,7118,13378
446,Health department releases updated vaccination schedule,Officials and researchers have reported an update related to health department releases updated vaccination schedule. The information is being discussed through formal announcements and available reports. Readers are advised to check the original source for complete details.,REAL,Entertainment,Official/Reported,Author_85,2026-08-23,UK,English,37,True,0.92,14955,12776,12440
447,National bank introduces updated digital payment security guidelines,"According to an update shared by relevant organizations, national bank introduces updated digital payment security guidelines. The report focuses on the available information and encourages readers to verify details through reliable sources.",REAL,Education,Official/Reported,Author_1,2026-06-12,UK,English,32,True,0.88,49016,13940,750
448,Weather department issues rainfall advisory for several regions,Officials and researchers have reported an update related to weather department issues rainfall advisory for several regions. The information is being discussed through formal announcements and available reports. Readers are advised to check the original source for complete details.,REAL,Entertainment,Official/Reported,Author_36,2026-07-04,UK,English,39,True,0.9,24591,15831,13962
449,University launches internship program for engineering students,"A recent report discusses university launches internship program for engineering students. The development has attracted public attention, while further details are expected from relevant authorities and organizations.",REAL,Education,Official/Reported,Author_118,2026-04-23,UK,English,27,True,0.78,54335,6099,10375
450,Technology company releases a software update with security fixes,"According to an update shared by relevant organizations, technology company releases a software update with security fixes. The report focuses on the available information and encourages readers to verify details through reliable sources.",REAL,Technology,Official/Reported,Author_116,2026-08-22,Australia,English,33,True,0.98,17657,65387,71
451,Celebrity secretly becomes president of the country overnight,"An unverified internet post claims that celebrity secretly becomes president of the country overnight. No dependable evidence is provided in the message, so the information should not be treated as confirmed without further verification.",FAKE,Politics,Social Media/Unverified,Author_142,2026-07-27,Australia,English,34,False,0.22,66638,23231,11334
452,Scientists confirm that drinking one glass of water gives superpowers,"An unverified internet post claims that scientists confirm that drinking one glass of water gives superpowers. No dependable evidence is provided in the message, so the information should not be treated as confirmed without further verification.",FAKE,Science,Social Media/Unverified,Author_33,2026-02-13,Australia,English,36,False,0.26,42194,66079,14440
453,Government announces free smartphones for every citizen tomorrow,Social media users are circulating a story claiming that government announces free smartphones for every citizen tomorrow. The claim appears sensational and should be checked against trustworthy news organizations and official statements.,FAKE,Weather,Social Media/Unverified,Author_64,2026-05-13,UK,English,32,False,0.39,59365,17486,2263
454,New app claims it can predict every person's future with 100 percent accuracy,Social media users are circulating a story claiming that new app claims it can predict every person's future with 100 percent accuracy. The claim appears sensational and should be checked against trustworthy news organizations and official statements.,FAKE,Health,Social Media/Unverified,Author_141,2026-06-23,Australia,English,37,False,0.27,26340,27492,10226
455,Internet users discover a hidden button that makes phones charge instantly,"An unverified internet post claims that internet users discover a hidden button that makes phones charge instantly. No dependable evidence is provided in the message, so the information should not be treated as confirmed without further verification.",FAKE,Health,Social Media/Unverified,Author_89,2026-03-23,USA,English,37,False,0.23,91014,42260,11638
456,Researchers prove that humans can survive without sleep for one year,A viral online claim says that researchers prove that humans can survive without sleep for one year. The post provides dramatic details but does not identify a reliable official source or independent evidence. Readers should verify the claim before sharing it.,FAKE,Business,Social Media/Unverified,Author_144,2026-08-19,Australia,English,41,False,0.38,93087,54724,11046
457,Company announces that its laptop can run for ten years without charging,"An unverified internet post claims that company announces that its laptop can run for ten years without charging. No dependable evidence is provided in the message, so the information should not be treated as confirmed without further verification.",FAKE,Health,Social Media/Unverified,Author_109,2026-01-17,India,English,38,False,0.06,19058,6960,10981
458,Social media post claims the moon will disappear for seven days,A viral online claim says that social media post claims the moon will disappear for seven days. The post provides dramatic details but does not identify a reliable official source or independent evidence. Readers should verify the claim before sharing it.,FAKE,Education,Social Media/Unverified,Author_69,2026-03-10,UK,English,41,False,0.1,8140,38689,3342
459,Online message says students can receive guaranteed jobs by sharing one post,"An unverified internet post claims that online message says students can receive guaranteed jobs by sharing one post. No dependable evidence is provided in the message, so the information should not be treated as confirmed without further verification.",FAKE,Politics,Social Media/Unverified,Author_92,2026-08-04,Australia,English,38,False,0.35,96936,73652,14169
460,Viral post claims a common household item can completely cure every disease,A viral online claim says that viral post claims a common household item can completely cure every disease. The post provides dramatic details but does not identify a reliable official source or independent evidence. Readers should verify the claim before sharing it.,FAKE,Weather,Social Media/Unverified,Author_61,2026-05-23,India,English,42,False,0.37,50807,54605,12912
461,Government announces new scholarship program for college students,"According to an update shared by relevant organizations, government announces new scholarship program for college students. The report focuses on the available information and encourages readers to verify details through reliable sources.",REAL,Business,Official/Reported,Author_142,2026-01-01,UK,English,32,True,0.8,58083,29568,14933
462,Scientists discover a new method to improve solar panel efficiency,"According to an update shared by relevant organizations, scientists discover a new method to improve solar panel efficiency. The report focuses on the available information and encourages readers to verify details through reliable sources.",REAL,Business,Official/Reported,Author_140,2026-04-25,USA,English,34,True,0.82,23265,9765,3063
463,Local university opens a new artificial intelligence research center,Officials and researchers have reported an update related to local university opens a new artificial intelligence research center. The information is being discussed through formal announcements and available reports. Readers are advised to check the original source for complete details.,REAL,Technology,Official/Reported,Author_97,2026-01-14,UK,English,40,True,0.88,17058,21098,9568
464,New public transport route launched to connect rural areas,"A recent report discusses new public transport route launched to connect rural areas. The development has attracted public attention, while further details are expected from relevant authorities and organizations.",REAL,Politics,Official/Reported,Author_85,2026-08-23,USA,English,29,True,0.76,42297,78239,833
465,Researchers publish study on reducing plastic waste in cities,"According to an update shared by relevant organizations, researchers publish study on reducing plastic waste in cities. The report focuses on the available information and encourages readers to verify details through reliable sources.",REAL,Health,Official/Reported,Author_126,2026-06-03,UK,English,33,True,0.88,24110,68241,1117
466,Health department releases updated vaccination schedule,"According to an update shared by relevant organizations, health department releases updated vaccination schedule. The report focuses on the available information and encourages readers to verify details through reliable sources.",REAL,Science,Official/Reported,Author_107,2026-07-03,UK,English,30,True,0.8,27974,43505,5424
467,National bank introduces updated digital payment security guidelines,"A recent report discusses national bank introduces updated digital payment security guidelines. The development has attracted public attention, while further details are expected from relevant authorities and organizations.",REAL,Health,Official/Reported,Author_56,2026-08-18,India,English,28,True,0.78,45361,58419,3937
468,Weather department issues rainfall advisory for several regions,"According to an update shared by relevant organizations, weather department issues rainfall advisory for several regions. The report focuses on the available information and encourages readers to verify details through reliable sources.",REAL,Education,Official/Reported,Author_11,2026-06-13,India,English,32,True,0.84,70819,37075,404
469,University launches internship program for engineering students,"According to an update shared by relevant organizations, university launches internship program for engineering students. The report focuses on the available information and encourages readers to verify details through reliable sources.",REAL,Business,Official/Reported,Author_132,2026-08-16,India,English,31,True,0.82,85407,25237,5248
470,Technology company releases a software update with security fixes,"According to an update shared by relevant organizations, technology company releases a software update with security fixes. The report focuses on the available information and encourages readers to verify details through reliable sources.",REAL,Technology,Official/Reported,Author_25,2026-03-25,Australia,English,33,True,0.88,82183,8586,3453
471,Celebrity secretly becomes president of the country overnight,"An unverified internet post claims that celebrity secretly becomes president of the country overnight. No dependable evidence is provided in the message, so the information should not be treated as confirmed without further verification.",FAKE,Education,Social Media/Unverified,Author_109,2026-02-07,Australia,English,34,False,0.34,97183,57052,10593
472,Scientists confirm that drinking one glass of water gives superpowers,A viral online claim says that scientists confirm that drinking one glass of water gives superpowers. The post provides dramatic details but does not identify a reliable official source or independent evidence. Readers should verify the claim before sharing it.,FAKE,Science,Social Media/Unverified,Author_7,2026-08-23,UK,English,40,False,0.06,9610,7118,2916
473,Government announces free smartphones for every citizen tomorrow,Social media users are circulating a story claiming that government announces free smartphones for every citizen tomorrow. The claim appears sensational and should be checked against trustworthy news organizations and official statements.,FAKE,Technology,Social Media/Unverified,Author_148,2026-04-09,Canada,English,32,False,0.19,82613,53016,7094
474,New app claims it can predict every person's future with 100 percent accuracy,Social media users are circulating a story claiming that new app claims it can predict every person's future with 100 percent accuracy. The claim appears sensational and should be checked against trustworthy news organizations and official statements.,FAKE,Politics,Social Media/Unverified,Author_100,2026-02-18,India,English,37,False,0.27,81058,8293,12385
475,Internet users discover a hidden button that makes phones charge instantly,"An unverified internet post claims that internet users discover a hidden button that makes phones charge instantly. No dependable evidence is provided in the message, so the information should not be treated as confirmed without further verification.",FAKE,Politics,Social Media/Unverified,Author_19,2026-06-17,India,English,37,False,0.15,89909,39503,9937
476,Researchers prove that humans can survive without sleep for one year,A viral online claim says that researchers prove that humans can survive without sleep for one year. The post provides dramatic details but does not identify a reliable official source or independent evidence. Readers should verify the claim before sharing it.,FAKE,Health,Social Media/Unverified,Author_113,2026-07-13,India,English,41,False,0.22,69932,28823,2234
477,Company announces that its laptop can run for ten years without charging,"An unverified internet post claims that company announces that its laptop can run for ten years without charging. No dependable evidence is provided in the message, so the information should not be treated as confirmed without further verification.",FAKE,Weather,Social Media/Unverified,Author_140,2026-05-21,USA,English,38,False,0.15,95604,48911,182
478,Social media post claims the moon will disappear for seven days,"An unverified internet post claims that social media post claims the moon will disappear for seven days. No dependable evidence is provided in the message, so the information should not be treated as confirmed without further verification.",FAKE,Science,Social Media/Unverified,Author_32,2026-01-01,Australia,English,37,False,0.26,70415,71770,1394
479,Online message says students can receive guaranteed jobs by sharing one post,Social media users are circulating a story claiming that online message says students can receive guaranteed jobs by sharing one post. The claim appears sensational and should be checked against trustworthy news organizations and official statements.,FAKE,Education,Social Media/Unverified,Author_89,2026-04-14,Australia,English,36,False,0.1,24126,28944,10107
480,Viral post claims a common household item can completely cure every disease,Social media users are circulating a story claiming that viral post claims a common household item can completely cure every disease. The claim appears sensational and should be checked against trustworthy news organizations and official statements.,FAKE,Education,Social Media/Unverified,Author_30,2026-03-22,Australia,English,36,False,0.35,98450,71944,7557
481,Government announces new scholarship program for college students,"According to an update shared by relevant organizations, government announces new scholarship program for college students. The report focuses on the available information and encourages readers to verify details through reliable sources.",REAL,Technology,Official/Reported,Author_75,2026-02-09,India,English,32,True,0.8,76109,63862,5420
482,Scientists discover a new method to improve solar panel efficiency,"A recent report discusses scientists discover a new method to improve solar panel efficiency. The development has attracted public attention, while further details are expected from relevant authorities and organizations.",REAL,Science,Official/Reported,Author_61,2026-02-10,Australia,English,30,True,0.77,25372,41657,7960
483,Local university opens a new artificial intelligence research center,"A recent report discusses local university opens a new artificial intelligence research center. The development has attracted public attention, while further details are expected from relevant authorities and organizations.",REAL,Business,Official/Reported,Author_79,2026-03-19,Australia,English,29,True,0.84,41472,56144,2762
484,New public transport route launched to connect rural areas,Officials and researchers have reported an update related to new public transport route launched to connect rural areas. The information is being discussed through formal announcements and available reports. Readers are advised to check the original source for complete details.,REAL,Business,Official/Reported,Author_64,2026-04-23,Canada,English,40,True,0.82,47128,17608,11134
485,Researchers publish study on reducing plastic waste in cities,"According to an update shared by relevant organizations, researchers publish study on reducing plastic waste in cities. The report focuses on the available information and encourages readers to verify details through reliable sources.",REAL,Business,Official/Reported,Author_123,2026-08-15,UK,English,33,True,0.94,63838,72313,1783
486,Health department releases updated vaccination schedule,Officials and researchers have reported an update related to health department releases updated vaccination schedule. The information is being discussed through formal announcements and available reports. Readers are advised to check the original source for complete details.,REAL,Technology,Official/Reported,Author_72,2026-03-18,USA,English,37,True,0.81,82142,10027,11918
487,National bank introduces updated digital payment security guidelines,Officials and researchers have reported an update related to national bank introduces updated digital payment security guidelines. The information is being discussed through formal announcements and available reports. Readers are advised to check the original source for complete details.,REAL,Politics,Official/Reported,Author_130,2026-01-27,Australia,English,39,True,0.89,77347,27891,14848
488,Weather department issues rainfall advisory for several regions,Officials and researchers have reported an update related to weather department issues rainfall advisory for several regions. The information is being discussed through formal announcements and available reports. Readers are advised to check the original source for complete details.,REAL,Health,Official/Reported,Author_140,2026-08-21,USA,English,39,True,0.84,29279,77285,12013
489,University launches internship program for engineering students,"A recent report discusses university launches internship program for engineering students. The development has attracted public attention, while further details are expected from relevant authorities and organizations.",REAL,Science,Official/Reported,Author_119,2026-02-13,UK,English,27,True,0.87,86868,31315,13893
490,Technology company releases a software update with security fixes,"According to an update shared by relevant organizations, technology company releases a software update with security fixes. The report focuses on the available information and encourages readers to verify details through reliable sources.",REAL,Science,Official/Reported,Author_132,2026-03-15,USA,English,33,True,0.79,74172,19167,12057
491,Celebrity secretly becomes president of the country overnight,"An unverified internet post claims that celebrity secretly becomes president of the country overnight. No dependable evidence is provided in the message, so the information should not be treated as confirmed without further verification.",FAKE,Entertainment,Social Media/Unverified,Author_92,2026-01-08,Canada,English,34,False,0.13,34659,48427,3834
492,Scientists confirm that drinking one glass of water gives superpowers,A viral online claim says that scientists confirm that drinking one glass of water gives superpowers. The post provides dramatic details but does not identify a reliable official source or independent evidence. Readers should verify the claim before sharing it.,FAKE,Education,Social Media/Unverified,Author_133,2026-06-13,Canada,English,40,False,0.37,6096,5235,10625
493,Government announces free smartphones for every citizen tomorrow,Social media users are circulating a story claiming that government announces free smartphones for every citizen tomorrow. The claim appears sensational and should be checked against trustworthy news organizations and official statements.,FAKE,Technology,Social Media/Unverified,Author_134,2026-05-27,UK,English,32,False,0.25,74742,22791,6171
494,New app claims it can predict every person's future with 100 percent accuracy,"An unverified internet post claims that new app claims it can predict every person's future with 100 percent accuracy. No dependable evidence is provided in the message, so the information should not be treated as confirmed without further verification.",FAKE,Weather,Social Media/Unverified,Author_94,2026-02-17,UK,English,39,False,0.18,29225,67686,6649
495,Internet users discover a hidden button that makes phones charge instantly,Social media users are circulating a story claiming that internet users discover a hidden button that makes phones charge instantly. The claim appears sensational and should be checked against trustworthy news organizations and official statements.,FAKE,Business,Social Media/Unverified,Author_125,2026-08-20,India,English,35,False,0.23,18224,57663,2713
496,Researchers prove that humans can survive without sleep for one year,A viral online claim says that researchers prove that humans can survive without sleep for one year. The post provides dramatic details but does not identify a reliable official source or independent evidence. Readers should verify the claim before sharing it.,FAKE,Technology,Social Media/Unverified,Author_132,2026-05-07,USA,English,41,False,0.12,47487,78913,11752
497,Company announces that its laptop can run for ten years without charging,A viral online claim says that company announces that its laptop can run for ten years without charging. The post provides dramatic details but does not identify a reliable official source or independent evidence. Readers should verify the claim before sharing it.,FAKE,Education,Social Media/Unverified,Author_107,2026-06-24,India,English,42,False,0.22,62769,62791,3452
498,Social media post claims the moon will disappear for seven days,"An unverified internet post claims that social media post claims the moon will disappear for seven days. No dependable evidence is provided in the message, so the information should not be treated as confirmed without further verification.",FAKE,Science,Social Media/Unverified,Author_106,2026-01-08,India,English,37,False,0.09,77650,21124,2207
499,Online message says students can receive guaranteed jobs by sharing one post,"An unverified internet post claims that online message says students can receive guaranteed jobs by sharing one post. No dependable evidence is provided in the message, so the information should not be treated as confirmed without further verification.",FAKE,Politics,Social Media/Unverified,Author_147,2026-03-02,USA,English,38,False,0.14,23607,67722,6642
500,Viral post claims a common household item can completely cure every disease,"An unverified internet post claims that viral post claims a common household item can completely cure every disease. No dependable evidence is provided in the message, so the information should not be treated as confirmed without further verification.",FAKE,Politics,Social Media/Unverified,Author_73,2026-02-07,Canada,English,38,False,0.26,61799,63138,2794
501,Government announces new scholarship program for college students,Officials and researchers have reported an update related to government announces new scholarship program for college students. The information is being discussed through formal announcements and available reports. Readers are advised to check the original source for complete details.,REAL,Weather,Official/Reported,Author_37,2026-03-20,Australia,English,39,True,0.81,94930,44919,7429
502,Scientists discover a new method to improve solar panel efficiency,"According to an update shared by relevant organizations, scientists discover a new method to improve solar panel efficiency. The report focuses on the available information and encourages readers to verify details through reliable sources.",REAL,Technology,Official/Reported,Author_59,2026-07-13,USA,English,34,True,0.78,26532,68517,14083
503,Local university opens a new artificial intelligence research center,"According to an update shared by relevant organizations, local university opens a new artificial intelligence research center. The report focuses on the available information and encourages readers to verify details through reliable sources.",REAL,Weather,Official/Reported,Author_39,2026-02-06,Canada,English,33,True,0.97,78628,5121,14381
504,New public transport route launched to connect rural areas,"According to an update shared by relevant organizations, new public transport route launched to connect rural areas. The report focuses on the available information and encourages readers to verify details through reliable sources.",REAL,Technology,Official/Reported,Author_24,2026-08-22,USA,English,33,True,0.97,70695,162,14695
505,Researchers publish study on reducing plastic waste in cities,"According to an update shared by relevant organizations, researchers publish study on reducing plastic waste in cities. The report focuses on the available information and encourages readers to verify details through reliable sources.",REAL,Weather,Official/Reported,Author_134,2026-07-12,India,English,33,True,0.92,56234,30084,13144
506,Health department releases updated vaccination schedule,"A recent report discusses health department releases updated vaccination schedule. The development has attracted public attention, while further details are expected from relevant authorities and organizations.",REAL,Weather,Official/Reported,Author_90,2026-02-14,USA,English,26,True,0.81,30485,10991,4641
507,National bank introduces updated digital payment security guidelines,"According to an update shared by relevant organizations, national bank introduces updated digital payment security guidelines. The report focuses on the available information and encourages readers to verify details through reliable sources.",REAL,Weather,Official/Reported,Author_66,2026-04-01,India,English,32,True,0.89,15454,68131,117
508,Weather department issues rainfall advisory for several regions,"A recent report discusses weather department issues rainfall advisory for several regions. The development has attracted public attention, while further details are expected from relevant authorities and organizations.",REAL,Education,Official/Reported,Author_81,2026-07-12,India,English,28,True,0.79,85413,76730,4155
509,University launches internship program for engineering students,"A recent report discusses university launches internship program for engineering students. The development has attracted public attention, while further details are expected from relevant authorities and organizations.",REAL,Weather,Official/Reported,Author_145,2026-06-20,UK,English,27,True,0.99,52105,26703,6770
510,Technology company releases a software update with security fixes,"According to an update shared by relevant organizations, technology company releases a software update with security fixes. The report focuses on the available information and encourages readers to verify details through reliable sources.",REAL,Entertainment,Official/Reported,Author_46,2026-06-18,Australia,English,33,True,0.87,40203,75718,5641
511,Celebrity secretly becomes president of the country overnight,"An unverified internet post claims that celebrity secretly becomes president of the country overnight. No dependable evidence is provided in the message, so the information should not be treated as confirmed without further verification.",FAKE,Weather,Social Media/Unverified,Author_36,2026-02-24,USA,English,34,False,0.21,91670,21211,1642
512,Scientists confirm that drinking one glass of water gives superpowers,A viral online claim says that scientists confirm that drinking one glass of water gives superpowers. The post provides dramatic details but does not identify a reliable official source or independent evidence. Readers should verify the claim before sharing it.,FAKE,Weather,Social Media/Unverified,Author_87,2026-01-06,Canada,English,40,False,0.39,703,11944,13488
513,Government announces free smartphones for every citizen tomorrow,A viral online claim says that government announces free smartphones for every citizen tomorrow. The post provides dramatic details but does not identify a reliable official source or independent evidence. Readers should verify the claim before sharing it.,FAKE,Entertainment,Social Media/Unverified,Author_112,2026-02-03,UK,English,38,False,0.13,10500,79831,618
514,New app claims it can predict every person's future with 100 percent accuracy,"An unverified internet post claims that new app claims it can predict every person's future with 100 percent accuracy. No dependable evidence is provided in the message, so the information should not be treated as confirmed without further verification.",FAKE,Weather,Social Media/Unverified,Author_103,2026-05-23,Australia,English,39,False,0.07,22983,64802,7192
515,Internet users discover a hidden button that makes phones charge instantly,A viral online claim says that internet users discover a hidden button that makes phones charge instantly. The post provides dramatic details but does not identify a reliable official source or independent evidence. Readers should verify the claim before sharing it.,FAKE,Education,Social Media/Unverified,Author_133,2026-05-07,India,English,41,False,0.32,66928,67613,11443
516,Researchers prove that humans can survive without sleep for one year,A viral online claim says that researchers prove that humans can survive without sleep for one year. The post provides dramatic details but does not identify a reliable official source or independent evidence. Readers should verify the claim before sharing it.,FAKE,Science,Social Media/Unverified,Author_10,2026-06-08,India,English,41,False,0.39,11392,36172,12774
517,Company announces that its laptop can run for ten years without charging,Social media users are circulating a story claiming that company announces that its laptop can run for ten years without charging. The claim appears sensational and should be checked against trustworthy news organizations and official statements.,FAKE,Business,Social Media/Unverified,Author_102,2026-07-19,USA,English,36,False,0.23,96600,8998,1477
518,Social media post claims the moon will disappear for seven days,"An unverified internet post claims that social media post claims the moon will disappear for seven days. No dependable evidence is provided in the message, so the information should not be treated as confirmed without further verification.",FAKE,Health,Social Media/Unverified,Author_144,2026-06-12,UK,English,37,False,0.13,25506,59611,6618
519,Online message says students can receive guaranteed jobs by sharing one post,"An unverified internet post claims that online message says students can receive guaranteed jobs by sharing one post. No dependable evidence is provided in the message, so the information should not be treated as confirmed without further verification.",FAKE,Politics,Social Media/Unverified,Author_67,2026-03-14,Australia,English,38,False,0.09,9497,65956,4821
520,Viral post claims a common household item can completely cure every disease,Social media users are circulating a story claiming that viral post claims a common household item can completely cure every disease. The claim appears sensational and should be checked against trustworthy news organizations and official statements.,FAKE,Technology,Social Media/Unverified,Author_132,2026-05-18,Australia,English,36,False,0.14,58044,49429,9226
521,Government announces new scholarship program for college students,"A recent report discusses government announces new scholarship program for college students. The development has attracted public attention, while further details are expected from relevant authorities and organizations.",REAL,Education,Official/Reported,Author_87,2026-08-22,Canada,English,28,True,0.97,3594,63177,1904
522,Scientists discover a new method to improve solar panel efficiency,"A recent report discusses scientists discover a new method to improve solar panel efficiency. The development has attracted public attention, while further details are expected from relevant authorities and organizations.",REAL,Technology,Official/Reported,Author_98,2026-04-22,USA,English,30,True,0.94,54067,46286,8462
523,Local university opens a new artificial intelligence research center,"According to an update shared by relevant organizations, local university opens a new artificial intelligence research center. The report focuses on the available information and encourages readers to verify details through reliable sources.",REAL,Politics,Official/Reported,Author_68,2026-04-10,India,English,33,True,0.85,98155,44830,1245
524,New public transport route launched to connect rural areas,"According to an update shared by relevant organizations, new public transport route launched to connect rural areas. The report focuses on the available information and encourages readers to verify details through reliable sources.",REAL,Science,Official/Reported,Author_122,2026-06-12,USA,English,33,True,0.96,35278,23962,12225
525,Researchers publish study on reducing plastic waste in cities,"According to an update shared by relevant organizations, researchers publish study on reducing plastic waste in cities. The report focuses on the available information and encourages readers to verify details through reliable sources.",REAL,Education,Official/Reported,Author_128,2026-04-08,USA,English,33,True,0.96,27112,30047,3322
526,Health department releases updated vaccination schedule,Officials and researchers have reported an update related to health department releases updated vaccination schedule. The information is being discussed through formal announcements and available reports. Readers are advised to check the original source for complete details.,REAL,Business,Official/Reported,Author_40,2026-02-04,India,English,37,True,0.91,86966,64579,10056
527,National bank introduces updated digital payment security guidelines,Officials and researchers have reported an update related to national bank introduces updated digital payment security guidelines. The information is being discussed through formal announcements and available reports. Readers are advised to check the original source for complete details.,REAL,Politics,Official/Reported,Author_124,2026-06-20,UK,English,39,True,0.87,75313,36014,8041
528,Weather department issues rainfall advisory for several regions,Officials and researchers have reported an update related to weather department issues rainfall advisory for several regions. The information is being discussed through formal announcements and available reports. Readers are advised to check the original source for complete details.,REAL,Health,Official/Reported,Author_102,2026-04-25,Australia,English,39,True,0.78,68919,55471,7836
529,University launches internship program for engineering students,"According to an update shared by relevant organizations, university launches internship program for engineering students. The report focuses on the available information and encourages readers to verify details through reliable sources.",REAL,Politics,Official/Reported,Author_129,2026-06-13,USA,English,31,True,0.86,15786,67927,7537
530,Technology company releases a software update with security fixes,"A recent report discusses technology company releases a software update with security fixes. The development has attracted public attention, while further details are expected from relevant authorities and organizations.",REAL,Politics,Official/Reported,Author_4,2026-04-13,Australia,English,29,True,0.77,47405,34044,3066
531,Celebrity secretly becomes president of the country overnight,"An unverified internet post claims that celebrity secretly becomes president of the country overnight. No dependable evidence is provided in the message, so the information should not be treated as confirmed without further verification.",FAKE,Health,Social Media/Unverified,Author_61,2026-05-16,Australia,English,34,False,0.17,24115,65379,6945
532,Scientists confirm that drinking one glass of water gives superpowers,A viral online claim says that scientists confirm that drinking one glass of water gives superpowers. The post provides dramatic details but does not identify a reliable official source or independent evidence. Readers should verify the claim before sharing it.,FAKE,Weather,Social Media/Unverified,Author_96,2026-06-28,Canada,English,40,False,0.15,23588,74900,2148
533,Government announces free smartphones for every citizen tomorrow,"An unverified internet post claims that government announces free smartphones for every citizen tomorrow. No dependable evidence is provided in the message, so the information should not be treated as confirmed without further verification.",FAKE,Education,Social Media/Unverified,Author_26,2026-05-26,USA,English,34,False,0.24,49933,25703,2389
534,New app claims it can predict every person's future with 100 percent accuracy,"An unverified internet post claims that new app claims it can predict every person's future with 100 percent accuracy. No dependable evidence is provided in the message, so the information should not be treated as confirmed without further verification.",FAKE,Science,Social Media/Unverified,Author_122,2026-01-06,Canada,English,39,False,0.22,82670,67770,8748
535,Internet users discover a hidden button that makes phones charge instantly,"An unverified internet post claims that internet users discover a hidden button that makes phones charge instantly. No dependable evidence is provided in the message, so the information should not be treated as confirmed without further verification.",FAKE,Business,Social Media/Unverified,Author_125,2026-05-09,Australia,English,37,False,0.35,6263,52224,1621
536,Researchers prove that humans can survive without sleep for one year,"An unverified internet post claims that researchers prove that humans can survive without sleep for one year. No dependable evidence is provided in the message, so the information should not be treated as confirmed without further verification.",FAKE,Science,Social Media/Unverified,Author_16,2026-04-27,UK,English,37,False,0.22,82567,12627,7370
537,Company announces that its laptop can run for ten years without charging,"An unverified internet post claims that company announces that its laptop can run for ten years without charging. No dependable evidence is provided in the message, so the information should not be treated as confirmed without further verification.",FAKE,Business,Social Media/Unverified,Author_67,2026-06-12,Australia,English,38,False,0.25,33789,45112,324
538,Social media post claims the moon will disappear for seven days,Social media users are circulating a story claiming that social media post claims the moon will disappear for seven days. The claim appears sensational and should be checked against trustworthy news organizations and official statements.,FAKE,Technology,Social Media/Unverified,Author_90,2026-04-19,Australia,English,35,False,0.28,70584,22882,12784
539,Online message says students can receive guaranteed jobs by sharing one post,Social media users are circulating a story claiming that online message says students can receive guaranteed jobs by sharing one post. The claim appears sensational and should be checked against trustworthy news organizations and official statements.,FAKE,Business,Social Media/Unverified,Author_84,2026-08-25,Canada,English,36,False,0.36,49957,37560,7598
540,Viral post claims a common household item can completely cure every disease,"An unverified internet post claims that viral post claims a common household item can completely cure every disease. No dependable evidence is provided in the message, so the information should not be treated as confirmed without further verification.",FAKE,Science,Social Media/Unverified,Author_43,2026-06-14,Australia,English,38,False,0.25,9361,10374,2654
541,Government announces new scholarship program for college students,"A recent report discusses government announces new scholarship program for college students. The development has attracted public attention, while further details are expected from relevant authorities and organizations.",REAL,Education,Official/Reported,Author_81,2026-06-21,UK,English,28,True,0.92,79359,51838,4444
542,Scientists discover a new method to improve solar panel efficiency,"A recent report discusses scientists discover a new method to improve solar panel efficiency. The development has attracted public attention, while further details are expected from relevant authorities and organizations.",REAL,Business,Official/Reported,Author_134,2026-08-14,USA,English,30,True,0.79,3037,16394,11923
543,Local university opens a new artificial intelligence research center,Officials and researchers have reported an update related to local university opens a new artificial intelligence research center. The information is being discussed through formal announcements and available reports. Readers are advised to check the original source for complete details.,REAL,Health,Official/Reported,Author_21,2026-04-06,Canada,English,40,True,0.77,8371,62026,8985
544,New public transport route launched to connect rural areas,Officials and researchers have reported an update related to new public transport route launched to connect rural areas. The information is being discussed through formal announcements and available reports. Readers are advised to check the original source for complete details.,REAL,Politics,Official/Reported,Author_102,2026-02-04,UK,English,40,True,0.9,11060,51102,5068
545,Researchers publish study on reducing plastic waste in cities,Officials and researchers have reported an update related to researchers publish study on reducing plastic waste in cities. The information is being discussed through formal announcements and available reports. Readers are advised to check the original source for complete details.,REAL,Education,Official/Reported,Author_73,2026-08-21,USA,English,40,True,0.78,22371,3749,575
546,Health department releases updated vaccination schedule,"According to an update shared by relevant organizations, health department releases updated vaccination schedule. The report focuses on the available information and encourages readers to verify details through reliable sources.",REAL,Business,Official/Reported,Author_84,2026-08-15,Australia,English,30,True,0.97,71908,58311,2213
547,National bank introduces updated digital payment security guidelines,"According to an update shared by relevant organizations, national bank introduces updated digital payment security guidelines. The report focuses on the available information and encourages readers to verify details through reliable sources.",REAL,Science,Official/Reported,Author_117,2026-07-17,Australia,English,32,True,0.82,45514,63136,8841
548,Weather department issues rainfall advisory for several regions,Officials and researchers have reported an update related to weather department issues rainfall advisory for several regions. The information is being discussed through formal announcements and available reports. Readers are advised to check the original source for complete details.,REAL,Technology,Official/Reported,Author_114,2026-05-12,Canada,English,39,True,0.81,39799,1388,1
549,University launches internship program for engineering students,"According to an update shared by relevant organizations, university launches internship program for engineering students. The report focuses on the available information and encourages readers to verify details through reliable sources.",REAL,Science,Official/Reported,Author_89,2026-05-16,Australia,English,31,True,0.75,64488,62535,4908
550,Technology company releases a software update with security fixes,Officials and researchers have reported an update related to technology company releases a software update with security fixes. The information is being discussed through formal announcements and available reports. Readers are advised to check the original source for complete details.,REAL,Weather,Official/Reported,Author_75,2026-04-26,India,English,40,True,0.88,24726,53972,14453
551,Celebrity secretly becomes president of the country overnight,"An unverified internet post claims that celebrity secretly becomes president of the country overnight. No dependable evidence is provided in the message, so the information should not be treated as confirmed without further verification.",FAKE,Weather,Social Media/Unverified,Author_102,2026-04-06,Canada,English,34,False,0.34,28923,34474,1297
552,Scientists confirm that drinking one glass of water gives superpowers,Social media users are circulating a story claiming that scientists confirm that drinking one glass of water gives superpowers. The claim appears sensational and should be checked against trustworthy news organizations and official statements.,FAKE,Education,Social Media/Unverified,Author_133,2026-05-10,Australia,English,34,False,0.33,54130,24646,13983
553,Government announces free smartphones for every citizen tomorrow,A viral online claim says that government announces free smartphones for every citizen tomorrow. The post provides dramatic details but does not identify a reliable official source or independent evidence. Readers should verify the claim before sharing it.,FAKE,Science,Social Media/Unverified,Author_35,2026-05-04,Canada,English,38,False,0.27,35679,64491,3076
554,New app claims it can predict every person's future with 100 percent accuracy,Social media users are circulating a story claiming that new app claims it can predict every person's future with 100 percent accuracy. The claim appears sensational and should be checked against trustworthy news organizations and official statements.,FAKE,Politics,Social Media/Unverified,Author_39,2026-01-18,India,English,37,False,0.12,13415,36982,4410
555,Internet users discover a hidden button that makes phones charge instantly,A viral online claim says that internet users discover a hidden button that makes phones charge instantly. The post provides dramatic details but does not identify a reliable official source or independent evidence. Readers should verify the claim before sharing it.,FAKE,Entertainment,Social Media/Unverified,Author_3,2026-04-03,USA,English,41,False,0.06,28477,44820,6885
556,Researchers prove that humans can survive without sleep for one year,Social media users are circulating a story claiming that researchers prove that humans can survive without sleep for one year. The claim appears sensational and should be checked against trustworthy news organizations and official statements.,FAKE,Entertainment,Social Media/Unverified,Author_96,2026-08-23,India,English,35,False,0.17,98388,19153,918
557,Company announces that its laptop can run for ten years without charging,Social media users are circulating a story claiming that company announces that its laptop can run for ten years without charging. The claim appears sensational and should be checked against trustworthy news organizations and official statements.,FAKE,Weather,Social Media/Unverified,Author_19,2026-08-06,USA,English,36,False,0.36,32788,50019,13570
558,Social media post claims the moon will disappear for seven days,A viral online claim says that social media post claims the moon will disappear for seven days. The post provides dramatic details but does not identify a reliable official source or independent evidence. Readers should verify the claim before sharing it.,FAKE,Technology,Social Media/Unverified,Author_64,2026-07-25,Canada,English,41,False,0.14,4402,26111,7550
559,Online message says students can receive guaranteed jobs by sharing one post,"An unverified internet post claims that online message says students can receive guaranteed jobs by sharing one post. No dependable evidence is provided in the message, so the information should not be treated as confirmed without further verification.",FAKE,Technology,Social Media/Unverified,Author_134,2026-04-16,Canada,English,38,False,0.29,40918,42349,2598
560,Viral post claims a common household item can completely cure every disease,"An unverified internet post claims that viral post claims a common household item can completely cure every disease. No dependable evidence is provided in the message, so the information should not be treated as confirmed without further verification.",FAKE,Politics,Social Media/Unverified,Author_141,2026-02-09,Canada,English,38,False,0.27,26057,47246,14541
561,Government announces new scholarship program for college students,Officials and researchers have reported an update related to government announces new scholarship program for college students. The information is being discussed through formal announcements and available reports. Readers are advised to check the original source for complete details.,REAL,Education,Official/Reported,Author_29,2026-04-21,Canada,English,39,True,0.83,21946,36193,9579
562,Scientists discover a new method to improve solar panel efficiency,Officials and researchers have reported an update related to scientists discover a new method to improve solar panel efficiency. The information is being discussed through formal announcements and available reports. Readers are advised to check the original source for complete details.,REAL,Weather,Official/Reported,Author_63,2026-01-02,Australia,English,41,True,0.94,62304,78151,2539
563,Local university opens a new artificial intelligence research center,"A recent report discusses local university opens a new artificial intelligence research center. The development has attracted public attention, while further details are expected from relevant authorities and organizations.",REAL,Technology,Official/Reported,Author_64,2026-03-16,India,English,29,True,0.91,44367,7876,979
564,New public transport route launched to connect rural areas,"A recent report discusses new public transport route launched to connect rural areas. The development has attracted public attention, while further details are expected from relevant authorities and organizations.",REAL,Science,Official/Reported,Author_138,2026-02-05,Canada,English,29,True,0.81,73194,45528,13197
565,Researchers publish study on reducing plastic waste in cities,"A recent report discusses researchers publish study on reducing plastic waste in cities. The development has attracted public attention, while further details are expected from relevant authorities and organizations.",REAL,Education,Official/Reported,Author_6,2026-07-12,USA,English,29,True,0.81,5185,63614,11577
566,Health department releases updated vaccination schedule,"A recent report discusses health department releases updated vaccination schedule. The development has attracted public attention, while further details are expected from relevant authorities and organizations.",REAL,Health,Official/Reported,Author_139,2026-08-07,Australia,English,26,True,0.79,45579,42430,11999
567,National bank introduces updated digital payment security guidelines,"A recent report discusses national bank introduces updated digital payment security guidelines. The development has attracted public attention, while further details are expected from relevant authorities and organizations.",REAL,Health,Official/Reported,Author_142,2026-03-03,Australia,English,28,True,0.79,38764,34522,8873
568,Weather department issues rainfall advisory for several regions,"A recent report discusses weather department issues rainfall advisory for several regions. The development has attracted public attention, while further details are expected from relevant authorities and organizations.",REAL,Entertainment,Official/Reported,Author_1,2026-07-24,USA,English,28,True,0.96,81239,47725,12714
569,University launches internship program for engineering students,"According to an update shared by relevant organizations, university launches internship program for engineering students. The report focuses on the available information and encourages readers to verify details through reliable sources.",REAL,Education,Official/Reported,Author_83,2026-02-22,Australia,English,31,True,0.95,24896,68695,11193
570,Technology company releases a software update with security fixes,"A recent report discusses technology company releases a software update with security fixes. The development has attracted public attention, while further details are expected from relevant authorities and organizations.",REAL,Science,Official/Reported,Author_73,2026-06-14,UK,English,29,True,0.78,68586,8744,717
571,Celebrity secretly becomes president of the country overnight,A viral online claim says that celebrity secretly becomes president of the country overnight. The post provides dramatic details but does not identify a reliable official source or independent evidence. Readers should verify the claim before sharing it.,FAKE,Science,Social Media/Unverified,Author_9,2026-04-04,Canada,English,38,False,0.12,4180,74848,10514
572,Scientists confirm that drinking one glass of water gives superpowers,Social media users are circulating a story claiming that scientists confirm that drinking one glass of water gives superpowers. The claim appears sensational and should be checked against trustworthy news organizations and official statements.,FAKE,Entertainment,Social Media/Unverified,Author_135,2026-05-02,UK,English,34,False,0.13,94099,9294,214
573,Government announces free smartphones for every citizen tomorrow,A viral online claim says that government announces free smartphones for every citizen tomorrow. The post provides dramatic details but does not identify a reliable official source or independent evidence. Readers should verify the claim before sharing it.,FAKE,Entertainment,Social Media/Unverified,Author_21,2026-08-26,India,English,38,False,0.18,97459,54524,13468
574,New app claims it can predict every person's future with 100 percent accuracy,Social media users are circulating a story claiming that new app claims it can predict every person's future with 100 percent accuracy. The claim appears sensational and should be checked against trustworthy news organizations and official statements.,FAKE,Politics,Social Media/Unverified,Author_69,2026-01-24,India,English,37,False,0.34,10225,28303,8511
575,Internet users discover a hidden button that makes phones charge instantly,A viral online claim says that internet users discover a hidden button that makes phones charge instantly. The post provides dramatic details but does not identify a reliable official source or independent evidence. Readers should verify the claim before sharing it.,FAKE,Technology,Social Media/Unverified,Author_60,2026-07-07,USA,English,41,False,0.23,32615,74719,10245
576,Researchers prove that humans can survive without sleep for one year,A viral online claim says that researchers prove that humans can survive without sleep for one year. The post provides dramatic details but does not identify a reliable official source or independent evidence. Readers should verify the claim before sharing it.,FAKE,Weather,Social Media/Unverified,Author_28,2026-06-22,Canada,English,41,False,0.3,55987,13649,2733
577,Company announces that its laptop can run for ten years without charging,A viral online claim says that company announces that its laptop can run for ten years without charging. The post provides dramatic details but does not identify a reliable official source or independent evidence. Readers should verify the claim before sharing it.,FAKE,Weather,Social Media/Unverified,Author_130,2026-06-22,USA,English,42,False,0.24,78642,58071,5772
578,Social media post claims the moon will disappear for seven days,Social media users are circulating a story claiming that social media post claims the moon will disappear for seven days. The claim appears sensational and should be checked against trustworthy news organizations and official statements.,FAKE,Business,Social Media/Unverified,Author_96,2026-07-25,Canada,English,35,False,0.34,42405,79750,3943
579,Online message says students can receive guaranteed jobs by sharing one post,"An unverified internet post claims that online message says students can receive guaranteed jobs by sharing one post. No dependable evidence is provided in the message, so the information should not be treated as confirmed without further verification.",FAKE,Education,Social Media/Unverified,Author_97,2026-05-12,Canada,English,38,False,0.21,52057,30,11899
580,Viral post claims a common household item can completely cure every disease,A viral online claim says that viral post claims a common household item can completely cure every disease. The post provides dramatic details but does not identify a reliable official source or independent evidence. Readers should verify the claim before sharing it.,FAKE,Health,Social Media/Unverified,Author_5,2026-03-10,India,English,42,False,0.16,29093,28162,14020
581,Government announces new scholarship program for college students,"A recent report discusses government announces new scholarship program for college students. The development has attracted public attention, while further details are expected from relevant authorities and organizations.",REAL,Politics,Official/Reported,Author_71,2026-03-04,India,English,28,True,0.86,20471,18146,4341
582,Scientists discover a new method to improve solar panel efficiency,"A recent report discusses scientists discover a new method to improve solar panel efficiency. The development has attracted public attention, while further details are expected from relevant authorities and organizations.",REAL,Education,Official/Reported,Author_60,2026-05-26,UK,English,30,True,0.77,52412,74593,3562
583,Local university opens a new artificial intelligence research center,"According to an update shared by relevant organizations, local university opens a new artificial intelligence research center. The report focuses on the available information and encourages readers to verify details through reliable sources.",REAL,Technology,Official/Reported,Author_84,2026-08-06,Canada,English,33,True,0.95,90396,75532,13426
584,New public transport route launched to connect rural areas,Officials and researchers have reported an update related to new public transport route launched to connect rural areas. The information is being discussed through formal announcements and available reports. Readers are advised to check the original source for complete details.,REAL,Health,Official/Reported,Author_10,2026-07-03,India,English,40,True,0.97,43839,45608,14414
585,Researchers publish study on reducing plastic waste in cities,"A recent report discusses researchers publish study on reducing plastic waste in cities. The development has attracted public attention, while further details are expected from relevant authorities and organizations.",REAL,Weather,Official/Reported,Author_31,2026-04-24,Australia,English,29,True,0.97,83094,50138,886
586,Health department releases updated vaccination schedule,"A recent report discusses health department releases updated vaccination schedule. The development has attracted public attention, while further details are expected from relevant authorities and organizations.",REAL,Politics,Official/Reported,Author_82,2026-03-11,Australia,English,26,True,0.92,20089,6626,11036
587,National bank introduces updated digital payment security guidelines,"According to an update shared by relevant organizations, national bank introduces updated digital payment security guidelines. The report focuses on the available information and encourages readers to verify details through reliable sources.",REAL,Weather,Official/Reported,Author_115,2026-02-08,Canada,English,32,True,0.82,51694,19405,2165
588,Weather department issues rainfall advisory for several regions,"A recent report discusses weather department issues rainfall advisory for several regions. The development has attracted public attention, while further details are expected from relevant authorities and organizations.",REAL,Technology,Official/Reported,Author_122,2026-01-18,Canada,English,28,True,0.81,52245,65779,7118
589,University launches internship program for engineering students,"According to an update shared by relevant organizations, university launches internship program for engineering students. The report focuses on the available information and encourages readers to verify details through reliable sources.",REAL,Science,Official/Reported,Author_35,2026-08-18,USA,English,31,True,0.87,85501,74890,3212
590,Technology company releases a software update with security fixes,"According to an update shared by relevant organizations, technology company releases a software update with security fixes. The report focuses on the available information and encourages readers to verify details through reliable sources.",REAL,Education,Official/Reported,Author_63,2026-02-09,Canada,English,33,True,0.83,75509,11748,1843
591,Celebrity secretly becomes president of the country overnight,"An unverified internet post claims that celebrity secretly becomes president of the country overnight. No dependable evidence is provided in the message, so the information should not be treated as confirmed without further verification.",FAKE,Weather,Social Media/Unverified,Author_109,2026-06-12,USA,English,34,False,0.16,77850,3177,12610
592,Scientists confirm that drinking one glass of water gives superpowers,Social media users are circulating a story claiming that scientists confirm that drinking one glass of water gives superpowers. The claim appears sensational and should be checked against trustworthy news organizations and official statements.,FAKE,Science,Social Media/Unverified,Author_90,2026-08-20,USA,English,34,False,0.2,30613,26178,11228
593,Government announces free smartphones for every citizen tomorrow,Social media users are circulating a story claiming that government announces free smartphones for every citizen tomorrow. The claim appears sensational and should be checked against trustworthy news organizations and official statements.,FAKE,Science,Social Media/Unverified,Author_22,2026-02-24,India,English,32,False,0.14,81406,19361,14233
594,New app claims it can predict every person's future with 100 percent accuracy,Social media users are circulating a story claiming that new app claims it can predict every person's future with 100 percent accuracy. The claim appears sensational and should be checked against trustworthy news organizations and official statements.,FAKE,Politics,Social Media/Unverified,Author_88,2026-02-10,Canada,English,37,False,0.21,43509,27400,12124
595,Internet users discover a hidden button that makes phones charge instantly,"An unverified internet post claims that internet users discover a hidden button that makes phones charge instantly. No dependable evidence is provided in the message, so the information should not be treated as confirmed without further verification.",FAKE,Education,Social Media/Unverified,Author_53,2026-05-18,Canada,English,37,False,0.27,18536,2415,6170
596,Researchers prove that humans can survive without sleep for one year,"An unverified internet post claims that researchers prove that humans can survive without sleep for one year. No dependable evidence is provided in the message, so the information should not be treated as confirmed without further verification.",FAKE,Politics,Social Media/Unverified,Author_66,2026-03-02,UK,English,37,False,0.12,91305,35562,869
597,Company announces that its laptop can run for ten years without charging,Social media users are circulating a story claiming that company announces that its laptop can run for ten years without charging. The claim appears sensational and should be checked against trustworthy news organizations and official statements.,FAKE,Politics,Social Media/Unverified,Author_18,2026-07-22,UK,English,36,False,0.28,86530,47219,14160
598,Social media post claims the moon will disappear for seven days,A viral online claim says that social media post claims the moon will disappear for seven days. The post provides dramatic details but does not identify a reliable official source or independent evidence. Readers should verify the claim before sharing it.,FAKE,Politics,Social Media/Unverified,Author_75,2026-07-08,Canada,English,41,False,0.23,93030,13060,14809
599,Online message says students can receive guaranteed jobs by sharing one post,Social media users are circulating a story claiming that online message says students can receive guaranteed jobs by sharing one post. The claim appears sensational and should be checked against trustworthy news organizations and official statements.,FAKE,Entertainment,Social Media/Unverified,Author_137,2026-02-06,USA,English,36,False,0.23,60039,73495,11673
600,Viral post claims a common household item can completely cure every disease,A viral online claim says that viral post claims a common household item can completely cure every disease. The post provides dramatic details but does not identify a reliable official source or independent evidence. Readers should verify the claim before sharing it.,FAKE,Politics,Social Media/Unverified,Author_64,2026-05-11,Canada,English,42,False,0.19,20588,2413,5681
601,Government announces new scholarship program for college students,"According to an update shared by relevant organizations, government announces new scholarship program for college students. The report focuses on the available information and encourages readers to verify details through reliable sources.",REAL,Business,Official/Reported,Author_91,2026-05-08,Australia,English,32,True,0.82,8137,33779,14396
602,Scientists discover a new method to improve solar panel efficiency,"A recent report discusses scientists discover a new method to improve solar panel efficiency. The development has attracted public attention, while further details are expected from relevant authorities and organizations.",REAL,Politics,Official/Reported,Author_143,2026-05-08,USA,English,30,True,0.83,51501,17996,1438
603,Local university opens a new artificial intelligence research center,"According to an update shared by relevant organizations, local university opens a new artificial intelligence research center. The report focuses on the available information and encourages readers to verify details through reliable sources.",REAL,Weather,Official/Reported,Author_134,2026-04-14,USA,English,33,True,0.89,55907,40949,14905
604,New public transport route launched to connect rural areas,"According to an update shared by relevant organizations, new public transport route launched to connect rural areas. The report focuses on the available information and encourages readers to verify details through reliable sources.",REAL,Business,Official/Reported,Author_115,2026-03-07,USA,English,33,True,0.89,89669,26522,14132
605,Researchers publish study on reducing plastic waste in cities,Officials and researchers have reported an update related to researchers publish study on reducing plastic waste in cities. The information is being discussed through formal announcements and available reports. Readers are advised to check the original source for complete details.,REAL,Health,Official/Reported,Author_135,2026-03-14,USA,English,40,True,0.91,74045,20720,5201
606,Health department releases updated vaccination schedule,Officials and researchers have reported an update related to health department releases updated vaccination schedule. The information is being discussed through formal announcements and available reports. Readers are advised to check the original source for complete details.,REAL,Technology,Official/Reported,Author_48,2026-06-27,USA,English,37,True,0.92,41781,54274,6737
607,National bank introduces updated digital payment security guidelines,"A recent report discusses national bank introduces updated digital payment security guidelines. The development has attracted public attention, while further details are expected from relevant authorities and organizations.",REAL,Entertainment,Official/Reported,Author_71,2026-03-25,USA,English,28,True,0.78,24225,3438,12491
608,Weather department issues rainfall advisory for several regions,"According to an update shared by relevant organizations, weather department issues rainfall advisory for several regions. The report focuses on the available information and encourages readers to verify details through reliable sources.",REAL,Health,Official/Reported,Author_146,2026-04-20,USA,English,32,True,0.81,3428,47094,1302
609,University launches internship program for engineering students,"According to an update shared by relevant organizations, university launches internship program for engineering students. The report focuses on the available information and encourages readers to verify details through reliable sources.",REAL,Entertainment,Official/Reported,Author_35,2026-08-23,UK,English,31,True,0.79,50795,64419,7763
610,Technology company releases a software update with security fixes,Officials and researchers have reported an update related to technology company releases a software update with security fixes. The information is being discussed through formal announcements and available reports. Readers are advised to check the original source for complete details.,REAL,Science,Official/Reported,Author_50,2026-04-02,Canada,English,40,True,0.93,1977,35375,6767
611,Celebrity secretly becomes president of the country overnight,A viral online claim says that celebrity secretly becomes president of the country overnight. The post provides dramatic details but does not identify a reliable official source or independent evidence. Readers should verify the claim before sharing it.,FAKE,Education,Social Media/Unverified,Author_53,2026-02-06,Canada,English,38,False,0.35,64227,42589,14201
612,Scientists confirm that drinking one glass of water gives superpowers,Social media users are circulating a story claiming that scientists confirm that drinking one glass of water gives superpowers. The claim appears sensational and should be checked against trustworthy news organizations and official statements.,FAKE,Education,Social Media/Unverified,Author_110,2026-07-25,India,English,34,False,0.26,49866,41017,6457
613,Government announces free smartphones for every citizen tomorrow,"An unverified internet post claims that government announces free smartphones for every citizen tomorrow. No dependable evidence is provided in the message, so the information should not be treated as confirmed without further verification.",FAKE,Politics,Social Media/Unverified,Author_134,2026-02-15,Canada,English,34,False,0.34,5569,32212,8498
614,New app claims it can predict every person's future with 100 percent accuracy,"An unverified internet post claims that new app claims it can predict every person's future with 100 percent accuracy. No dependable evidence is provided in the message, so the information should not be treated as confirmed without further verification.",FAKE,Weather,Social Media/Unverified,Author_11,2026-07-17,India,English,39,False,0.12,57623,52176,14489
615,Internet users discover a hidden button that makes phones charge instantly,Social media users are circulating a story claiming that internet users discover a hidden button that makes phones charge instantly. The claim appears sensational and should be checked against trustworthy news organizations and official statements.,FAKE,Health,Social Media/Unverified,Author_119,2026-03-14,UK,English,35,False,0.26,7159,67765,14805
616,Researchers prove that humans can survive without sleep for one year,A viral online claim says that researchers prove that humans can survive without sleep for one year. The post provides dramatic details but does not identify a reliable official source or independent evidence. Readers should verify the claim before sharing it.,FAKE,Entertainment,Social Media/Unverified,Author_116,2026-02-24,Australia,English,41,False,0.09,76745,71623,2216
617,Company announces that its laptop can run for ten years without charging,Social media users are circulating a story claiming that company announces that its laptop can run for ten years without charging. The claim appears sensational and should be checked against trustworthy news organizations and official statements.,FAKE,Weather,Social Media/Unverified,Author_83,2026-08-01,USA,English,36,False,0.21,93416,26472,14459
618,Social media post claims the moon will disappear for seven days,Social media users are circulating a story claiming that social media post claims the moon will disappear for seven days. The claim appears sensational and should be checked against trustworthy news organizations and official statements.,FAKE,Technology,Social Media/Unverified,Author_65,2026-06-23,USA,English,35,False,0.3,16203,11957,1870
619,Online message says students can receive guaranteed jobs by sharing one post,"An unverified internet post claims that online message says students can receive guaranteed jobs by sharing one post. No dependable evidence is provided in the message, so the information should not be treated as confirmed without further verification.",FAKE,Entertainment,Social Media/Unverified,Author_93,2026-02-17,Canada,English,38,False,0.3,67075,20963,6204
620,Viral post claims a common household item can completely cure every disease,"An unverified internet post claims that viral post claims a common household item can completely cure every disease. No dependable evidence is provided in the message, so the information should not be treated as confirmed without further verification.",FAKE,Weather,Social Media/Unverified,Author_12,2026-03-11,Australia,English,38,False,0.35,19682,21254,14234
621,Government announces new scholarship program for college students,Officials and researchers have reported an update related to government announces new scholarship program for college students. The information is being discussed through formal announcements and available reports. Readers are advised to check the original source for complete details.,REAL,Science,Official/Reported,Author_14,2026-07-10,UK,English,39,True,0.93,58501,37856,10263
622,Scientists discover a new method to improve solar panel efficiency,Officials and researchers have reported an update related to scientists discover a new method to improve solar panel efficiency. The information is being discussed through formal announcements and available reports. Readers are advised to check the original source for complete details.,REAL,Technology,Official/Reported,Author_34,2026-04-01,Australia,English,41,True,0.93,1610,60120,8153
623,Local university opens a new artificial intelligence research center,"A recent report discusses local university opens a new artificial intelligence research center. The development has attracted public attention, while further details are expected from relevant authorities and organizations.",REAL,Politics,Official/Reported,Author_127,2026-04-07,Australia,English,29,True,0.91,59482,53764,7239
624,New public transport route launched to connect rural areas,Officials and researchers have reported an update related to new public transport route launched to connect rural areas. The information is being discussed through formal announcements and available reports. Readers are advised to check the original source for complete details.,REAL,Politics,Official/Reported,Author_63,2026-05-20,Australia,English,40,True,0.95,27225,6416,3028
625,Researchers publish study on reducing plastic waste in cities,Officials and researchers have reported an update related to researchers publish study on reducing plastic waste in cities. The information is being discussed through formal announcements and available reports. Readers are advised to check the original source for complete details.,REAL,Politics,Official/Reported,Author_90,2026-01-05,India,English,40,True,0.91,79083,39122,5424
626,Health department releases updated vaccination schedule,Officials and researchers have reported an update related to health department releases updated vaccination schedule. The information is being discussed through formal announcements and available reports. Readers are advised to check the original source for complete details.,REAL,Politics,Official/Reported,Author_28,2026-07-06,USA,English,37,True,0.91,80106,77988,9376
627,National bank introduces updated digital payment security guidelines,"According to an update shared by relevant organizations, national bank introduces updated digital payment security guidelines. The report focuses on the available information and encourages readers to verify details through reliable sources.",REAL,Science,Official/Reported,Author_117,2026-06-02,India,English,32,True,0.93,42322,48314,14705
628,Weather department issues rainfall advisory for several regions,"A recent report discusses weather department issues rainfall advisory for several regions. The development has attracted public attention, while further details are expected from relevant authorities and organizations.",REAL,Technology,Official/Reported,Author_110,2026-02-10,Canada,English,28,True,0.78,91055,35973,5393
629,University launches internship program for engineering students,"According to an update shared by relevant organizations, university launches internship program for engineering students. The report focuses on the available information and encourages readers to verify details through reliable sources.",REAL,Weather,Official/Reported,Author_135,2026-04-23,USA,English,31,True,0.9,14336,74895,11955
630,Technology company releases a software update with security fixes,"According to an update shared by relevant organizations, technology company releases a software update with security fixes. The report focuses on the available information and encourages readers to verify details through reliable sources.",REAL,Technology,Official/Reported,Author_124,2026-05-14,Australia,English,33,True,0.95,34044,68869,9423
631,Celebrity secretly becomes president of the country overnight,"An unverified internet post claims that celebrity secretly becomes president of the country overnight. No dependable evidence is provided in the message, so the information should not be treated as confirmed without further verification.",FAKE,Business,Social Media/Unverified,Author_34,2026-08-17,Canada,English,34,False,0.22,23590,79881,3812
632,Scientists confirm that drinking one glass of water gives superpowers,"An unverified internet post claims that scientists confirm that drinking one glass of water gives superpowers. No dependable evidence is provided in the message, so the information should not be treated as confirmed without further verification.",FAKE,Health,Social Media/Unverified,Author_50,2026-01-04,India,English,36,False,0.21,15466,27180,13100
633,Government announces free smartphones for every citizen tomorrow,"An unverified internet post claims that government announces free smartphones for every citizen tomorrow. No dependable evidence is provided in the message, so the information should not be treated as confirmed without further verification.",FAKE,Weather,Social Media/Unverified,Author_106,2026-01-11,UK,English,34,False,0.25,83568,27836,185
634,New app claims it can predict every person's future with 100 percent accuracy,"An unverified internet post claims that new app claims it can predict every person's future with 100 percent accuracy. No dependable evidence is provided in the message, so the information should not be treated as confirmed without further verification.",FAKE,Education,Social Media/Unverified,Author_73,2026-05-26,India,English,39,False,0.16,66422,72093,5307
635,Internet users discover a hidden button that makes phones charge instantly,A viral online claim says that internet users discover a hidden button that makes phones charge instantly. The post provides dramatic details but does not identify a reliable official source or independent evidence. Readers should verify the claim before sharing it.,FAKE,Technology,Social Media/Unverified,Author_86,2026-06-13,Australia,English,41,False,0.27,3826,23025,3178
636,Researchers prove that humans can survive without sleep for one year,Social media users are circulating a story claiming that researchers prove that humans can survive without sleep for one year. The claim appears sensational and should be checked against trustworthy news organizations and official statements.,FAKE,Business,Social Media/Unverified,Author_123,2026-08-26,India,English,35,False,0.28,63120,20371,10276
637,Company announces that its laptop can run for ten years without charging,Social media users are circulating a story claiming that company announces that its laptop can run for ten years without charging. The claim appears sensational and should be checked against trustworthy news organizations and official statements.,FAKE,Business,Social Media/Unverified,Author_119,2026-07-24,India,English,36,False,0.34,39245,74053,11877
638,Social media post claims the moon will disappear for seven days,"An unverified internet post claims that social media post claims the moon will disappear for seven days. No dependable evidence is provided in the message, so the information should not be treated as confirmed without further verification.",FAKE,Business,Social Media/Unverified,Author_143,2026-01-07,Australia,English,37,False,0.29,46356,8683,2446
639,Online message says students can receive guaranteed jobs by sharing one post,Social media users are circulating a story claiming that online message says students can receive guaranteed jobs by sharing one post. The claim appears sensational and should be checked against trustworthy news organizations and official statements.,FAKE,Politics,Social Media/Unverified,Author_87,2026-07-21,Australia,English,36,False,0.34,74849,79393,6382
640,Viral post claims a common household item can completely cure every disease,A viral online claim says that viral post claims a common household item can completely cure every disease. The post provides dramatic details but does not identify a reliable official source or independent evidence. Readers should verify the claim before sharing it.,FAKE,Technology,Social Media/Unverified,Author_79,2026-06-23,India,English,42,False,0.15,11386,65154,14369
641,Government announces new scholarship program for college students,Officials and researchers have reported an update related to government announces new scholarship program for college students. The information is being discussed through formal announcements and available reports. Readers are advised to check the original source for complete details.,REAL,Business,Official/Reported,Author_116,2026-05-07,Australia,English,39,True,0.82,14720,49054,12860
642,Scientists discover a new method to improve solar panel efficiency,Officials and researchers have reported an update related to scientists discover a new method to improve solar panel efficiency. The information is being discussed through formal announcements and available reports. Readers are advised to check the original source for complete details.,REAL,Education,Official/Reported,Author_24,2026-08-17,India,English,41,True,0.94,65553,20200,3116
643,Local university opens a new artificial intelligence research center,"A recent report discusses local university opens a new artificial intelligence research center. The development has attracted public attention, while further details are expected from relevant authorities and organizations.",REAL,Entertainment,Official/Reported,Author_135,2026-05-25,UK,English,29,True,0.78,12888,67657,11087
644,New public transport route launched to connect rural areas,Officials and researchers have reported an update related to new public transport route launched to connect rural areas. The information is being discussed through formal announcements and available reports. Readers are advised to check the original source for complete details.,REAL,Education,Official/Reported,Author_10,2026-08-13,Australia,English,40,True,0.78,40770,5776,11256
645,Researchers publish study on reducing plastic waste in cities,"According to an update shared by relevant organizations, researchers publish study on reducing plastic waste in cities. The report focuses on the available information and encourages readers to verify details through reliable sources.",REAL,Technology,Official/Reported,Author_86,2026-08-02,India,English,33,True,0.87,86384,40962,368
646,Health department releases updated vaccination schedule,"According to an update shared by relevant organizations, health department releases updated vaccination schedule. The report focuses on the available information and encourages readers to verify details through reliable sources.",REAL,Health,Official/Reported,Author_54,2026-06-07,USA,English,30,True,0.82,69776,41836,12661
647,National bank introduces updated digital payment security guidelines,"A recent report discusses national bank introduces updated digital payment security guidelines. The development has attracted public attention, while further details are expected from relevant authorities and organizations.",REAL,Technology,Official/Reported,Author_70,2026-03-06,UK,English,28,True,0.78,81660,73356,8422
648,Weather department issues rainfall advisory for several regions,Officials and researchers have reported an update related to weather department issues rainfall advisory for several regions. The information is being discussed through formal announcements and available reports. Readers are advised to check the original source for complete details.,REAL,Education,Official/Reported,Author_139,2026-06-18,UK,English,39,True,0.82,92331,37133,9405
649,University launches internship program for engineering students,Officials and researchers have reported an update related to university launches internship program for engineering students. The information is being discussed through formal announcements and available reports. Readers are advised to check the original source for complete details.,REAL,Science,Official/Reported,Author_19,2026-05-20,UK,English,38,True,0.88,6658,17054,475
650,Technology company releases a software update with security fixes,"A recent report discusses technology company releases a software update with security fixes. The development has attracted public attention, while further details are expected from relevant authorities and organizations.",REAL,Politics,Official/Reported,Author_28,2026-07-02,India,English,29,True,0.85,23469,78139,14602
651,Celebrity secretly becomes president of the country overnight,"An unverified internet post claims that celebrity secretly becomes president of the country overnight. No dependable evidence is provided in the message, so the information should not be treated as confirmed without further verification.",FAKE,Entertainment,Social Media/Unverified,Author_92,2026-05-11,USA,English,34,False,0.3,87942,69929,1286
652,Scientists confirm that drinking one glass of water gives superpowers,Social media users are circulating a story claiming that scientists confirm that drinking one glass of water gives superpowers. The claim appears sensational and should be checked against trustworthy news organizations and official statements.,FAKE,Science,Social Media/Unverified,Author_24,2026-08-04,Canada,English,34,False,0.16,84475,61005,7709
653,Government announces free smartphones for every citizen tomorrow,A viral online claim says that government announces free smartphones for every citizen tomorrow. The post provides dramatic details but does not identify a reliable official source or independent evidence. Readers should verify the claim before sharing it.,FAKE,Education,Social Media/Unverified,Author_37,2026-05-12,Canada,English,38,False,0.11,87196,43301,12923
654,New app claims it can predict every person's future with 100 percent accuracy,Social media users are circulating a story claiming that new app claims it can predict every person's future with 100 percent accuracy. The claim appears sensational and should be checked against trustworthy news organizations and official statements.,FAKE,Entertainment,Social Media/Unverified,Author_125,2026-01-03,Canada,English,37,False,0.09,62747,60460,13857
655,Internet users discover a hidden button that makes phones charge instantly,A viral online claim says that internet users discover a hidden button that makes phones charge instantly. The post provides dramatic details but does not identify a reliable official source or independent evidence. Readers should verify the claim before sharing it.,FAKE,Health,Social Media/Unverified,Author_90,2026-03-17,India,English,41,False,0.19,93631,14027,5339
656,Researchers prove that humans can survive without sleep for one year,"An unverified internet post claims that researchers prove that humans can survive without sleep for one year. No dependable evidence is provided in the message, so the information should not be treated as confirmed without further verification.",FAKE,Technology,Social Media/Unverified,Author_78,2026-08-13,Australia,English,37,False,0.19,81389,31946,8977
657,Company announces that its laptop can run for ten years without charging,A viral online claim says that company announces that its laptop can run for ten years without charging. The post provides dramatic details but does not identify a reliable official source or independent evidence. Readers should verify the claim before sharing it.,FAKE,Entertainment,Social Media/Unverified,Author_99,2026-02-11,USA,English,42,False,0.33,77469,56516,12850
658,Social media post claims the moon will disappear for seven days,Social media users are circulating a story claiming that social media post claims the moon will disappear for seven days. The claim appears sensational and should be checked against trustworthy news organizations and official statements.,FAKE,Business,Social Media/Unverified,Author_140,2026-04-06,India,English,35,False,0.31,93321,75265,13709
659,Online message says students can receive guaranteed jobs by sharing one post,Social media users are circulating a story claiming that online message says students can receive guaranteed jobs by sharing one post. The claim appears sensational and should be checked against trustworthy news organizations and official statements.,FAKE,Technology,Social Media/Unverified,Author_119,2026-06-18,India,English,36,False,0.34,23101,40379,6648
660,Viral post claims a common household item can completely cure every disease,A viral online claim says that viral post claims a common household item can completely cure every disease. The post provides dramatic details but does not identify a reliable official source or independent evidence. Readers should verify the claim before sharing it.,FAKE,Technology,Social Media/Unverified,Author_98,2026-06-16,India,English,42,False,0.08,18218,76127,14798
661,Government announces new scholarship program for college students,"According to an update shared by relevant organizations, government announces new scholarship program for college students. The report focuses on the available information and encourages readers to verify details through reliable sources.",REAL,Politics,Official/Reported,Author_38,2026-03-15,Australia,English,32,True,0.82,80694,75755,7326
662,Scientists discover a new method to improve solar panel efficiency,Officials and researchers have reported an update related to scientists discover a new method to improve solar panel efficiency. The information is being discussed through formal announcements and available reports. Readers are advised to check the original source for complete details.,REAL,Education,Official/Reported,Author_82,2026-05-19,UK,English,41,True,0.97,56990,45128,1462
663,Local university opens a new artificial intelligence research center,"According to an update shared by relevant organizations, local university opens a new artificial intelligence research center. The report focuses on the available information and encourages readers to verify details through reliable sources.",REAL,Politics,Official/Reported,Author_131,2026-07-28,USA,English,33,True,0.95,8190,48399,14763
664,New public transport route launched to connect rural areas,"According to an update shared by relevant organizations, new public transport route launched to connect rural areas. The report focuses on the available information and encourages readers to verify details through reliable sources.",REAL,Politics,Official/Reported,Author_1,2026-06-04,UK,English,33,True,0.96,30843,56590,11505
665,Researchers publish study on reducing plastic waste in cities,"According to an update shared by relevant organizations, researchers publish study on reducing plastic waste in cities. The report focuses on the available information and encourages readers to verify details through reliable sources.",REAL,Weather,Official/Reported,Author_82,2026-07-13,Canada,English,33,True,0.85,27694,22734,7780
666,Health department releases updated vaccination schedule,Officials and researchers have reported an update related to health department releases updated vaccination schedule. The information is being discussed through formal announcements and available reports. Readers are advised to check the original source for complete details.,REAL,Education,Official/Reported,Author_143,2026-07-27,UK,English,37,True,0.95,20230,37815,14298
667,National bank introduces updated digital payment security guidelines,"According to an update shared by relevant organizations, national bank introduces updated digital payment security guidelines. The report focuses on the available information and encourages readers to verify details through reliable sources.",REAL,Science,Official/Reported,Author_35,2026-01-03,India,English,32,True,0.78,63802,57248,2224
668,Weather department issues rainfall advisory for several regions,Officials and researchers have reported an update related to weather department issues rainfall advisory for several regions. The information is being discussed through formal announcements and available reports. Readers are advised to check the original source for complete details.,REAL,Science,Official/Reported,Author_107,2026-08-26,Australia,English,39,True,0.97,81700,23571,7444
669,University launches internship program for engineering students,"According to an update shared by relevant organizations, university launches internship program for engineering students. The report focuses on the available information and encourages readers to verify details through reliable sources.",REAL,Weather,Official/Reported,Author_142,2026-08-13,UK,English,31,True,0.8,55685,79247,121
670,Technology company releases a software update with security fixes,"According to an update shared by relevant organizations, technology company releases a software update with security fixes. The report focuses on the available information and encourages readers to verify details through reliable sources.",REAL,Entertainment,Official/Reported,Author_61,2026-05-14,Australia,English,33,True,0.89,4395,4968,9308
671,Celebrity secretly becomes president of the country overnight,Social media users are circulating a story claiming that celebrity secretly becomes president of the country overnight. The claim appears sensational and should be checked against trustworthy news organizations and official statements.,FAKE,Business,Social Media/Unverified,Author_29,2026-08-23,India,English,32,False,0.1,95862,69002,14079
672,Scientists confirm that drinking one glass of water gives superpowers,Social media users are circulating a story claiming that scientists confirm that drinking one glass of water gives superpowers. The claim appears sensational and should be checked against trustworthy news organizations and official statements.,FAKE,Entertainment,Social Media/Unverified,Author_133,2026-02-17,Australia,English,34,False,0.08,61935,10239,11207
673,Government announces free smartphones for every citizen tomorrow,"An unverified internet post claims that government announces free smartphones for every citizen tomorrow. No dependable evidence is provided in the message, so the information should not be treated as confirmed without further verification.",FAKE,Health,Social Media/Unverified,Author_14,2026-06-18,India,English,34,False,0.21,67205,61508,9403
674,New app claims it can predict every person's future with 100 percent accuracy,"An unverified internet post claims that new app claims it can predict every person's future with 100 percent accuracy. No dependable evidence is provided in the message, so the information should not be treated as confirmed without further verification.",FAKE,Business,Social Media/Unverified,Author_108,2026-06-26,UK,English,39,False,0.15,4640,78338,12278
675,Internet users discover a hidden button that makes phones charge instantly,Social media users are circulating a story claiming that internet users discover a hidden button that makes phones charge instantly. The claim appears sensational and should be checked against trustworthy news organizations and official statements.,FAKE,Health,Social Media/Unverified,Author_16,2026-08-19,USA,English,35,False,0.25,86035,38245,13252
676,Researchers prove that humans can survive without sleep for one year,"An unverified internet post claims that researchers prove that humans can survive without sleep for one year. No dependable evidence is provided in the message, so the information should not be treated as confirmed without further verification.",FAKE,Politics,Social Media/Unverified,Author_74,2026-08-03,USA,English,37,False,0.23,36428,33041,2171
677,Company announces that its laptop can run for ten years without charging,"An unverified internet post claims that company announces that its laptop can run for ten years without charging. No dependable evidence is provided in the message, so the information should not be treated as confirmed without further verification.",FAKE,Health,Social Media/Unverified,Author_71,2026-05-01,India,English,38,False,0.26,77574,19814,10799
678,Social media post claims the moon will disappear for seven days,Social media users are circulating a story claiming that social media post claims the moon will disappear for seven days. The claim appears sensational and should be checked against trustworthy news organizations and official statements.,FAKE,Business,Social Media/Unverified,Author_45,2026-05-26,USA,English,35,False,0.22,69135,4342,5617
679,Online message says students can receive guaranteed jobs by sharing one post,A viral online claim says that online message says students can receive guaranteed jobs by sharing one post. The post provides dramatic details but does not identify a reliable official source or independent evidence. Readers should verify the claim before sharing it.,FAKE,Science,Social Media/Unverified,Author_40,2026-08-25,Canada,English,42,False,0.32,31198,57700,11894
680,Viral post claims a common household item can completely cure every disease,"An unverified internet post claims that viral post claims a common household item can completely cure every disease. No dependable evidence is provided in the message, so the information should not be treated as confirmed without further verification.",FAKE,Science,Social Media/Unverified,Author_54,2026-06-02,UK,English,38,False,0.31,15213,6889,2745
681,Government announces new scholarship program for college students,"A recent report discusses government announces new scholarship program for college students. The development has attracted public attention, while further details are expected from relevant authorities and organizations.",REAL,Weather,Official/Reported,Author_122,2026-05-16,Australia,English,28,True,0.81,89599,51132,7775
682,Scientists discover a new method to improve solar panel efficiency,"A recent report discusses scientists discover a new method to improve solar panel efficiency. The development has attracted public attention, while further details are expected from relevant authorities and organizations.",REAL,Science,Official/Reported,Author_136,2026-07-01,UK,English,30,True,0.97,58837,50075,11116
683,Local university opens a new artificial intelligence research center,"A recent report discusses local university opens a new artificial intelligence research center. The development has attracted public attention, while further details are expected from relevant authorities and organizations.",REAL,Politics,Official/Reported,Author_25,2026-06-28,Canada,English,29,True,0.9,85477,35733,5488
684,New public transport route launched to connect rural areas,"A recent report discusses new public transport route launched to connect rural areas. The development has attracted public attention, while further details are expected from relevant authorities and organizations.",REAL,Health,Official/Reported,Author_26,2026-05-21,Australia,English,29,True,0.84,88521,31697,12030
685,Researchers publish study on reducing plastic waste in cities,"According to an update shared by relevant organizations, researchers publish study on reducing plastic waste in cities. The report focuses on the available information and encourages readers to verify details through reliable sources.",REAL,Education,Official/Reported,Author_134,2026-06-22,USA,English,33,True,0.83,1396,1115,13626
686,Health department releases updated vaccination schedule,Officials and researchers have reported an update related to health department releases updated vaccination schedule. The information is being discussed through formal announcements and available reports. Readers are advised to check the original source for complete details.,REAL,Politics,Official/Reported,Author_106,2026-02-17,India,English,37,True,0.91,46083,28764,11882
687,National bank introduces updated digital payment security guidelines,"A recent report discusses national bank introduces updated digital payment security guidelines. The development has attracted public attention, while further details are expected from relevant authorities and organizations.",REAL,Health,Official/Reported,Author_50,2026-01-01,Australia,English,28,True,0.77,77884,28424,9820
688,Weather department issues rainfall advisory for several regions,"According to an update shared by relevant organizations, weather department issues rainfall advisory for several regions. The report focuses on the available information and encourages readers to verify details through reliable sources.",REAL,Technology,Official/Reported,Author_31,2026-02-28,Australia,English,32,True,0.78,86044,74200,13159
689,University launches internship program for engineering students,Officials and researchers have reported an update related to university launches internship program for engineering students. The information is being discussed through formal announcements and available reports. Readers are advised to check the original source for complete details.,REAL,Technology,Official/Reported,Author_48,2026-05-10,Canada,English,38,True,0.91,9934,59438,4528
690,Technology company releases a software update with security fixes,"A recent report discusses technology company releases a software update with security fixes. The development has attracted public attention, while further details are expected from relevant authorities and organizations.",REAL,Business,Official/Reported,Author_66,2026-03-25,India,English,29,True,0.82,8187,50179,6366
691,Celebrity secretly becomes president of the country overnight,Social media users are circulating a story claiming that celebrity secretly becomes president of the country overnight. The claim appears sensational and should be checked against trustworthy news organizations and official statements.,FAKE,Politics,Social Media/Unverified,Author_67,2026-05-06,Canada,English,32,False,0.07,26312,79998,6432
692,Scientists confirm that drinking one glass of water gives superpowers,A viral online claim says that scientists confirm that drinking one glass of water gives superpowers. The post provides dramatic details but does not identify a reliable official source or independent evidence. Readers should verify the claim before sharing it.,FAKE,Entertainment,Social Media/Unverified,Author_28,2026-03-18,Canada,English,40,False,0.13,84333,13931,14952
693,Government announces free smartphones for every citizen tomorrow,Social media users are circulating a story claiming that government announces free smartphones for every citizen tomorrow. The claim appears sensational and should be checked against trustworthy news organizations and official statements.,FAKE,Health,Social Media/Unverified,Author_27,2026-01-03,India,English,32,False,0.25,32856,58447,307
694,New app claims it can predict every person's future with 100 percent accuracy,Social media users are circulating a story claiming that new app claims it can predict every person's future with 100 percent accuracy. The claim appears sensational and should be checked against trustworthy news organizations and official statements.,FAKE,Science,Social Media/Unverified,Author_1,2026-01-22,Canada,English,37,False,0.14,91767,43236,14821
695,Internet users discover a hidden button that makes phones charge instantly,Social media users are circulating a story claiming that internet users discover a hidden button that makes phones charge instantly. The claim appears sensational and should be checked against trustworthy news organizations and official statements.,FAKE,Politics,Social Media/Unverified,Author_132,2026-08-16,Canada,English,35,False,0.19,95399,9193,8849
696,Researchers prove that humans can survive without sleep for one year,A viral online claim says that researchers prove that humans can survive without sleep for one year. The post provides dramatic details but does not identify a reliable official source or independent evidence. Readers should verify the claim before sharing it.,FAKE,Politics,Social Media/Unverified,Author_99,2026-08-04,Australia,English,41,False,0.24,47054,43709,11171
697,Company announces that its laptop can run for ten years without charging,Social media users are circulating a story claiming that company announces that its laptop can run for ten years without charging. The claim appears sensational and should be checked against trustworthy news organizations and official statements.,FAKE,Weather,Social Media/Unverified,Author_15,2026-02-12,Australia,English,36,False,0.35,44582,10550,13781
698,Social media post claims the moon will disappear for seven days,Social media users are circulating a story claiming that social media post claims the moon will disappear for seven days. The claim appears sensational and should be checked against trustworthy news organizations and official statements.,FAKE,Health,Social Media/Unverified,Author_52,2026-03-18,India,English,35,False,0.39,86613,25040,4896
699,Online message says students can receive guaranteed jobs by sharing one post,"An unverified internet post claims that online message says students can receive guaranteed jobs by sharing one post. No dependable evidence is provided in the message, so the information should not be treated as confirmed without further verification.",FAKE,Weather,Social Media/Unverified,Author_28,2026-06-16,India,English,38,False,0.36,57417,24838,2292
700,Viral post claims a common household item can completely cure every disease,A viral online claim says that viral post claims a common household item can completely cure every disease. The post provides dramatic details but does not identify a reliable official source or independent evidence. Readers should verify the claim before sharing it.,FAKE,Education,Social Media/Unverified,Author_7,2026-04-16,Canada,English,42,False,0.07,70861,40339,8186
701,Government announces new scholarship program for college students,"According to an update shared by relevant organizations, government announces new scholarship program for college students. The report focuses on the available information and encourages readers to verify details through reliable sources.",REAL,Entertainment,Official/Reported,Author_5,2026-01-11,India,English,32,True,0.83,94514,5616,6643
702,Scientists discover a new method to improve solar panel efficiency,Officials and researchers have reported an update related to scientists discover a new method to improve solar panel efficiency. The information is being discussed through formal announcements and available reports. Readers are advised to check the original source for complete details.,REAL,Education,Official/Reported,Author_134,2026-08-22,Australia,English,41,True,0.79,75946,30542,1180
703,Local university opens a new artificial intelligence research center,Officials and researchers have reported an update related to local university opens a new artificial intelligence research center. The information is being discussed through formal announcements and available reports. Readers are advised to check the original source for complete details.,REAL,Science,Official/Reported,Author_126,2026-01-16,Australia,English,40,True,0.76,91930,17114,235
704,New public transport route launched to connect rural areas,Officials and researchers have reported an update related to new public transport route launched to connect rural areas. The information is being discussed through formal announcements and available reports. Readers are advised to check the original source for complete details.,REAL,Politics,Official/Reported,Author_79,2026-02-15,Australia,English,40,True,0.79,77479,8388,13398
705,Researchers publish study on reducing plastic waste in cities,Officials and researchers have reported an update related to researchers publish study on reducing plastic waste in cities. The information is being discussed through formal announcements and available reports. Readers are advised to check the original source for complete details.,REAL,Technology,Official/Reported,Author_128,2026-04-03,USA,English,40,True,0.85,96731,52697,5312
706,Health department releases updated vaccination schedule,Officials and researchers have reported an update related to health department releases updated vaccination schedule. The information is being discussed through formal announcements and available reports. Readers are advised to check the original source for complete details.,REAL,Science,Official/Reported,Author_83,2026-04-25,India,English,37,True,0.89,43985,8291,1978
707,National bank introduces updated digital payment security guidelines,"A recent report discusses national bank introduces updated digital payment security guidelines. The development has attracted public attention, while further details are expected from relevant authorities and organizations.",REAL,Science,Official/Reported,Author_107,2026-03-23,UK,English,28,True,0.88,57506,31939,9535
708,Weather department issues rainfall advisory for several regions,Officials and researchers have reported an update related to weather department issues rainfall advisory for several regions. The information is being discussed through formal announcements and available reports. Readers are advised to check the original source for complete details.,REAL,Science,Official/Reported,Author_26,2026-07-25,USA,English,39,True,0.75,63837,10585,104
709,University launches internship program for engineering students,Officials and researchers have reported an update related to university launches internship program for engineering students. The information is being discussed through formal announcements and available reports. Readers are advised to check the original source for complete details.,REAL,Science,Official/Reported,Author_23,2026-05-14,Canada,English,38,True,0.92,27031,18759,10482
710,Technology company releases a software update with security fixes,"A recent report discusses technology company releases a software update with security fixes. The development has attracted public attention, while further details are expected from relevant authorities and organizations.",REAL,Entertainment,Official/Reported,Author_106,2026-04-06,Australia,English,29,True,0.92,78164,23598,11750
711,Celebrity secretly becomes president of the country overnight,Social media users are circulating a story claiming that celebrity secretly becomes president of the country overnight. The claim appears sensational and should be checked against trustworthy news organizations and official statements.,FAKE,Technology,Social Media/Unverified,Author_78,2026-06-14,India,English,32,False,0.25,25163,15406,8686
712,Scientists confirm that drinking one glass of water gives superpowers,A viral online claim says that scientists confirm that drinking one glass of water gives superpowers. The post provides dramatic details but does not identify a reliable official source or independent evidence. Readers should verify the claim before sharing it.,FAKE,Business,Social Media/Unverified,Author_139,2026-04-15,USA,English,40,False,0.15,25401,14774,13051
713,Government announces free smartphones for every citizen tomorrow,A viral online claim says that government announces free smartphones for every citizen tomorrow. The post provides dramatic details but does not identify a reliable official source or independent evidence. Readers should verify the claim before sharing it.,FAKE,Entertainment,Social Media/Unverified,Author_128,2026-03-06,India,English,38,False,0.07,47745,37368,3433
714,New app claims it can predict every person's future with 100 percent accuracy,Social media users are circulating a story claiming that new app claims it can predict every person's future with 100 percent accuracy. The claim appears sensational and should be checked against trustworthy news organizations and official statements.,FAKE,Health,Social Media/Unverified,Author_86,2026-08-02,India,English,37,False,0.31,70442,23058,2589
715,Internet users discover a hidden button that makes phones charge instantly,A viral online claim says that internet users discover a hidden button that makes phones charge instantly. The post provides dramatic details but does not identify a reliable official source or independent evidence. Readers should verify the claim before sharing it.,FAKE,Entertainment,Social Media/Unverified,Author_132,2026-02-03,USA,English,41,False,0.3,77697,75995,5340
716,Researchers prove that humans can survive without sleep for one year,Social media users are circulating a story claiming that researchers prove that humans can survive without sleep for one year. The claim appears sensational and should be checked against trustworthy news organizations and official statements.,FAKE,Education,Social Media/Unverified,Author_84,2026-04-25,India,English,35,False,0.16,12863,31084,12087
717,Company announces that its laptop can run for ten years without charging,Social media users are circulating a story claiming that company announces that its laptop can run for ten years without charging. The claim appears sensational and should be checked against trustworthy news organizations and official statements.,FAKE,Education,Social Media/Unverified,Author_97,2026-04-03,Canada,English,36,False,0.25,7132,57134,2374
718,Social media post claims the moon will disappear for seven days,A viral online claim says that social media post claims the moon will disappear for seven days. The post provides dramatic details but does not identify a reliable official source or independent evidence. Readers should verify the claim before sharing it.,FAKE,Entertainment,Social Media/Unverified,Author_46,2026-07-12,USA,English,41,False,0.21,25458,47006,4418
719,Online message says students can receive guaranteed jobs by sharing one post,A viral online claim says that online message says students can receive guaranteed jobs by sharing one post. The post provides dramatic details but does not identify a reliable official source or independent evidence. Readers should verify the claim before sharing it.,FAKE,Business,Social Media/Unverified,Author_33,2026-01-23,Australia,English,42,False,0.07,17901,14568,13953
720,Viral post claims a common household item can completely cure every disease,Social media users are circulating a story claiming that viral post claims a common household item can completely cure every disease. The claim appears sensational and should be checked against trustworthy news organizations and official statements.,FAKE,Entertainment,Social Media/Unverified,Author_108,2026-03-25,UK,English,36,False,0.13,38697,79124,2568
721,Government announces new scholarship program for college students,"According to an update shared by relevant organizations, government announces new scholarship program for college students. The report focuses on the available information and encourages readers to verify details through reliable sources.",REAL,Science,Official/Reported,Author_148,2026-04-03,Canada,English,32,True,0.96,64132,28374,9692
722,Scientists discover a new method to improve solar panel efficiency,"A recent report discusses scientists discover a new method to improve solar panel efficiency. The development has attracted public attention, while further details are expected from relevant authorities and organizations.",REAL,Entertainment,Official/Reported,Author_72,2026-01-24,Canada,English,30,True,0.93,32339,32488,5362
723,Local university opens a new artificial intelligence research center,"A recent report discusses local university opens a new artificial intelligence research center. The development has attracted public attention, while further details are expected from relevant authorities and organizations.",REAL,Education,Official/Reported,Author_39,2026-01-14,India,English,29,True,0.76,61699,66093,550
724,New public transport route launched to connect rural areas,"A recent report discusses new public transport route launched to connect rural areas. The development has attracted public attention, while further details are expected from relevant authorities and organizations.",REAL,Weather,Official/Reported,Author_123,2026-02-15,Canada,English,29,True,0.81,73212,1633,11356
725,Researchers publish study on reducing plastic waste in cities,"According to an update shared by relevant organizations, researchers publish study on reducing plastic waste in cities. The report focuses on the available information and encourages readers to verify details through reliable sources.",REAL,Weather,Official/Reported,Author_56,2026-03-12,UK,English,33,True,0.81,11902,2092,7860
726,Health department releases updated vaccination schedule,"According to an update shared by relevant organizations, health department releases updated vaccination schedule. The report focuses on the available information and encourages readers to verify details through reliable sources.",REAL,Health,Official/Reported,Author_42,2026-08-28,Australia,English,30,True,0.93,3209,59621,7598
727,National bank introduces updated digital payment security guidelines,Officials and researchers have reported an update related to national bank introduces updated digital payment security guidelines. The information is being discussed through formal announcements and available reports. Readers are advised to check the original source for complete details.,REAL,Weather,Official/Reported,Author_48,2026-06-21,Canada,English,39,True,0.92,188,9271,6305
728,Weather department issues rainfall advisory for several regions,"According to an update shared by relevant organizations, weather department issues rainfall advisory for several regions. The report focuses on the available information and encourages readers to verify details through reliable sources.",REAL,Business,Official/Reported,Author_136,2026-01-10,Canada,English,32,True,0.93,91505,71103,9424
729,University launches internship program for engineering students,Officials and researchers have reported an update related to university launches internship program for engineering students. The information is being discussed through formal announcements and available reports. Readers are advised to check the original source for complete details.,REAL,Technology,Official/Reported,Author_86,2026-01-17,UK,English,38,True,0.96,14554,50199,5989
730,Technology company releases a software update with security fixes,"A recent report discusses technology company releases a software update with security fixes. The development has attracted public attention, while further details are expected from relevant authorities and organizations.",REAL,Politics,Official/Reported,Author_94,2026-06-06,Australia,English,29,True,0.92,73509,26837,2267
731,Celebrity secretly becomes president of the country overnight,Social media users are circulating a story claiming that celebrity secretly becomes president of the country overnight. The claim appears sensational and should be checked against trustworthy news organizations and official statements.,FAKE,Education,Social Media/Unverified,Author_139,2026-02-21,Canada,English,32,False,0.31,98612,76042,14272
732,Scientists confirm that drinking one glass of water gives superpowers,"An unverified internet post claims that scientists confirm that drinking one glass of water gives superpowers. No dependable evidence is provided in the message, so the information should not be treated as confirmed without further verification.",FAKE,Education,Social Media/Unverified,Author_58,2026-06-12,UK,English,36,False,0.23,55444,36330,892
733,Government announces free smartphones for every citizen tomorrow,A viral online claim says that government announces free smartphones for every citizen tomorrow. The post provides dramatic details but does not identify a reliable official source or independent evidence. Readers should verify the claim before sharing it.,FAKE,Business,Social Media/Unverified,Author_89,2026-08-16,Australia,English,38,False,0.23,16093,61630,11629
734,New app claims it can predict every person's future with 100 percent accuracy,"An unverified internet post claims that new app claims it can predict every person's future with 100 percent accuracy. No dependable evidence is provided in the message, so the information should not be treated as confirmed without further verification.",FAKE,Health,Social Media/Unverified,Author_116,2026-06-26,India,English,39,False,0.12,60024,11448,1313
735,Internet users discover a hidden button that makes phones charge instantly,Social media users are circulating a story claiming that internet users discover a hidden button that makes phones charge instantly. The claim appears sensational and should be checked against trustworthy news organizations and official statements.,FAKE,Science,Social Media/Unverified,Author_74,2026-02-04,USA,English,35,False,0.15,91377,19397,8131
736,Researchers prove that humans can survive without sleep for one year,A viral online claim says that researchers prove that humans can survive without sleep for one year. The post provides dramatic details but does not identify a reliable official source or independent evidence. Readers should verify the claim before sharing it.,FAKE,Education,Social Media/Unverified,Author_134,2026-01-10,Canada,English,41,False,0.39,70976,17310,7764
737,Company announces that its laptop can run for ten years without charging,Social media users are circulating a story claiming that company announces that its laptop can run for ten years without charging. The claim appears sensational and should be checked against trustworthy news organizations and official statements.,FAKE,Weather,Social Media/Unverified,Author_114,2026-01-10,USA,English,36,False,0.07,30461,68112,10562
738,Social media post claims the moon will disappear for seven days,Social media users are circulating a story claiming that social media post claims the moon will disappear for seven days. The claim appears sensational and should be checked against trustworthy news organizations and official statements.,FAKE,Weather,Social Media/Unverified,Author_149,2026-06-21,UK,English,35,False,0.22,87284,69494,13793
739,Online message says students can receive guaranteed jobs by sharing one post,"An unverified internet post claims that online message says students can receive guaranteed jobs by sharing one post. No dependable evidence is provided in the message, so the information should not be treated as confirmed without further verification.",FAKE,Entertainment,Social Media/Unverified,Author_118,2026-05-19,USA,English,38,False,0.36,40182,22514,12931
740,Viral post claims a common household item can completely cure every disease,Social media users are circulating a story claiming that viral post claims a common household item can completely cure every disease. The claim appears sensational and should be checked against trustworthy news organizations and official statements.,FAKE,Education,Social Media/Unverified,Author_124,2026-06-10,India,English,36,False,0.1,37284,59764,2725
741,Government announces new scholarship program for college students,"According to an update shared by relevant organizations, government announces new scholarship program for college students. The report focuses on the available information and encourages readers to verify details through reliable sources.",REAL,Science,Official/Reported,Author_138,2026-05-06,USA,English,32,True,0.95,90824,20122,2641
742,Scientists discover a new method to improve solar panel efficiency,Officials and researchers have reported an update related to scientists discover a new method to improve solar panel efficiency. The information is being discussed through formal announcements and available reports. Readers are advised to check the original source for complete details.,REAL,Technology,Official/Reported,Author_11,2026-06-19,USA,English,41,True,0.86,48463,24187,3361
743,Local university opens a new artificial intelligence research center,"According to an update shared by relevant organizations, local university opens a new artificial intelligence research center. The report focuses on the available information and encourages readers to verify details through reliable sources.",REAL,Politics,Official/Reported,Author_82,2026-06-05,UK,English,33,True,0.86,21321,69950,4940
744,New public transport route launched to connect rural areas,Officials and researchers have reported an update related to new public transport route launched to connect rural areas. The information is being discussed through formal announcements and available reports. Readers are advised to check the original source for complete details.,REAL,Politics,Official/Reported,Author_104,2026-08-25,USA,English,40,True,0.98,41981,20459,70
745,Researchers publish study on reducing plastic waste in cities,"According to an update shared by relevant organizations, researchers publish study on reducing plastic waste in cities. The report focuses on the available information and encourages readers to verify details through reliable sources.",REAL,Business,Official/Reported,Author_76,2026-08-10,Australia,English,33,True,0.91,74096,57952,5549
746,Health department releases updated vaccination schedule,"According to an update shared by relevant organizations, health department releases updated vaccination schedule. The report focuses on the available information and encourages readers to verify details through reliable sources.",REAL,Technology,Official/Reported,Author_123,2026-01-05,Australia,English,30,True,0.78,3260,52647,10117
747,National bank introduces updated digital payment security guidelines,Officials and researchers have reported an update related to national bank introduces updated digital payment security guidelines. The information is being discussed through formal announcements and available reports. Readers are advised to check the original source for complete details.,REAL,Entertainment,Official/Reported,Author_92,2026-02-11,India,English,39,True,0.9,25588,76476,8625
748,Weather department issues rainfall advisory for several regions,Officials and researchers have reported an update related to weather department issues rainfall advisory for several regions. The information is being discussed through formal announcements and available reports. Readers are advised to check the original source for complete details.,REAL,Health,Official/Reported,Author_51,2026-01-03,Australia,English,39,True,0.95,88754,11457,8385
749,University launches internship program for engineering students,"A recent report discusses university launches internship program for engineering students. The development has attracted public attention, while further details are expected from relevant authorities and organizations.",REAL,Education,Official/Reported,Author_126,2026-06-20,Australia,English,27,True,0.87,7356,47330,6513
750,Technology company releases a software update with security fixes,Officials and researchers have reported an update related to technology company releases a software update with security fixes. The information is being discussed through formal announcements and available reports. Readers are advised to check the original source for complete details.,REAL,Weather,Official/Reported,Author_95,2026-07-12,India,English,40,True,0.82,46062,40386,7300
751,Celebrity secretly becomes president of the country overnight,"An unverified internet post claims that celebrity secretly becomes president of the country overnight. No dependable evidence is provided in the message, so the information should not be treated as confirmed without further verification.",FAKE,Technology,Social Media/Unverified,Author_56,2026-08-24,Canada,English,34,False,0.33,37841,21473,13200
752,Scientists confirm that drinking one glass of water gives superpowers,"An unverified internet post claims that scientists confirm that drinking one glass of water gives superpowers. No dependable evidence is provided in the message, so the information should not be treated as confirmed without further verification.",FAKE,Weather,Social Media/Unverified,Author_107,2026-03-27,Australia,English,36,False,0.26,18837,27239,4968
753,Government announces free smartphones for every citizen tomorrow,Social media users are circulating a story claiming that government announces free smartphones for every citizen tomorrow. The claim appears sensational and should be checked against trustworthy news organizations and official statements.,FAKE,Business,Social Media/Unverified,Author_17,2026-07-03,India,English,32,False,0.19,35835,54336,2865
754,New app claims it can predict every person's future with 100 percent accuracy,"An unverified internet post claims that new app claims it can predict every person's future with 100 percent accuracy. No dependable evidence is provided in the message, so the information should not be treated as confirmed without further verification.",FAKE,Entertainment,Social Media/Unverified,Author_146,2026-03-07,USA,English,39,False,0.34,37950,72601,8037
755,Internet users discover a hidden button that makes phones charge instantly,A viral online claim says that internet users discover a hidden button that makes phones charge instantly. The post provides dramatic details but does not identify a reliable official source or independent evidence. Readers should verify the claim before sharing it.,FAKE,Health,Social Media/Unverified,Author_150,2026-05-16,Australia,English,41,False,0.31,29438,3522,12963
756,Researchers prove that humans can survive without sleep for one year,A viral online claim says that researchers prove that humans can survive without sleep for one year. The post provides dramatic details but does not identify a reliable official source or independent evidence. Readers should verify the claim before sharing it.,FAKE,Science,Social Media/Unverified,Author_68,2026-05-21,Canada,English,41,False,0.09,87292,37712,6834
757,Company announces that its laptop can run for ten years without charging,A viral online claim says that company announces that its laptop can run for ten years without charging. The post provides dramatic details but does not identify a reliable official source or independent evidence. Readers should verify the claim before sharing it.,FAKE,Entertainment,Social Media/Unverified,Author_63,2026-01-04,UK,English,42,False,0.22,8755,78502,12215
758,Social media post claims the moon will disappear for seven days,Social media users are circulating a story claiming that social media post claims the moon will disappear for seven days. The claim appears sensational and should be checked against trustworthy news organizations and official statements.,FAKE,Entertainment,Social Media/Unverified,Author_145,2026-07-28,UK,English,35,False,0.27,62405,15679,6114
759,Online message says students can receive guaranteed jobs by sharing one post,"An unverified internet post claims that online message says students can receive guaranteed jobs by sharing one post. No dependable evidence is provided in the message, so the information should not be treated as confirmed without further verification.",FAKE,Politics,Social Media/Unverified,Author_67,2026-03-19,India,English,38,False,0.1,60439,17764,5855
760,Viral post claims a common household item can completely cure every disease,A viral online claim says that viral post claims a common household item can completely cure every disease. The post provides dramatic details but does not identify a reliable official source or independent evidence. Readers should verify the claim before sharing it.,FAKE,Politics,Social Media/Unverified,Author_70,2026-06-14,UK,English,42,False,0.07,38238,69422,10468
761,Government announces new scholarship program for college students,Officials and researchers have reported an update related to government announces new scholarship program for college students. The information is being discussed through formal announcements and available reports. Readers are advised to check the original source for complete details.,REAL,Education,Official/Reported,Author_47,2026-02-20,USA,English,39,True,0.88,41456,39467,4447
762,Scientists discover a new method to improve solar panel efficiency,"According to an update shared by relevant organizations, scientists discover a new method to improve solar panel efficiency. The report focuses on the available information and encourages readers to verify details through reliable sources.",REAL,Business,Official/Reported,Author_25,2026-06-27,USA,English,34,True,0.75,67927,36890,6111
763,Local university opens a new artificial intelligence research center,"A recent report discusses local university opens a new artificial intelligence research center. The development has attracted public attention, while further details are expected from relevant authorities and organizations.",REAL,Weather,Official/Reported,Author_88,2026-03-04,USA,English,29,True,0.79,28991,24701,13027
764,New public transport route launched to connect rural areas,"According to an update shared by relevant organizations, new public transport route launched to connect rural areas. The report focuses on the available information and encourages readers to verify details through reliable sources.",REAL,Technology,Official/Reported,Author_107,2026-08-03,India,English,33,True,0.95,2287,62856,5705
765,Researchers publish study on reducing plastic waste in cities,"A recent report discusses researchers publish study on reducing plastic waste in cities. The development has attracted public attention, while further details are expected from relevant authorities and organizations.",REAL,Business,Official/Reported,Author_36,2026-08-20,Australia,English,29,True,0.93,44842,22576,11630
766,Health department releases updated vaccination schedule,"A recent report discusses health department releases updated vaccination schedule. The development has attracted public attention, while further details are expected from relevant authorities and organizations.",REAL,Politics,Official/Reported,Author_31,2026-04-05,USA,English,26,True,0.92,40305,16434,3438
767,National bank introduces updated digital payment security guidelines,Officials and researchers have reported an update related to national bank introduces updated digital payment security guidelines. The information is being discussed through formal announcements and available reports. Readers are advised to check the original source for complete details.,REAL,Technology,Official/Reported,Author_109,2026-02-03,India,English,39,True,0.94,99275,56529,696
768,Weather department issues rainfall advisory for several regions,Officials and researchers have reported an update related to weather department issues rainfall advisory for several regions. The information is being discussed through formal announcements and available reports. Readers are advised to check the original source for complete details.,REAL,Technology,Official/Reported,Author_9,2026-01-16,India,English,39,True,0.97,5682,8688,4942
769,University launches internship program for engineering students,"According to an update shared by relevant organizations, university launches internship program for engineering students. The report focuses on the available information and encourages readers to verify details through reliable sources.",REAL,Politics,Official/Reported,Author_25,2026-02-20,USA,English,31,True,0.89,26227,24224,10987
770,Technology company releases a software update with security fixes,"A recent report discusses technology company releases a software update with security fixes. The development has attracted public attention, while further details are expected from relevant authorities and organizations.",REAL,Politics,Official/Reported,Author_24,2026-03-28,UK,English,29,True,0.98,45601,46168,2630
771,Celebrity secretly becomes president of the country overnight,"An unverified internet post claims that celebrity secretly becomes president of the country overnight. No dependable evidence is provided in the message, so the information should not be treated as confirmed without further verification.",FAKE,Education,Social Media/Unverified,Author_130,2026-02-04,Australia,English,34,False,0.32,69325,28447,11727
772,Scientists confirm that drinking one glass of water gives superpowers,A viral online claim says that scientists confirm that drinking one glass of water gives superpowers. The post provides dramatic details but does not identify a reliable official source or independent evidence. Readers should verify the claim before sharing it.,FAKE,Health,Social Media/Unverified,Author_44,2026-01-24,India,English,40,False,0.37,66095,62226,6004
773,Government announces free smartphones for every citizen tomorrow,"An unverified internet post claims that government announces free smartphones for every citizen tomorrow. No dependable evidence is provided in the message, so the information should not be treated as confirmed without further verification.",FAKE,Science,Social Media/Unverified,Author_113,2026-02-06,UK,English,34,False,0.39,55596,28090,8425
774,New app claims it can predict every person's future with 100 percent accuracy,A viral online claim says that new app claims it can predict every person's future with 100 percent accuracy. The post provides dramatic details but does not identify a reliable official source or independent evidence. Readers should verify the claim before sharing it.,FAKE,Weather,Social Media/Unverified,Author_29,2026-06-04,Canada,English,43,False,0.09,17824,64992,12489
775,Internet users discover a hidden button that makes phones charge instantly,Social media users are circulating a story claiming that internet users discover a hidden button that makes phones charge instantly. The claim appears sensational and should be checked against trustworthy news organizations and official statements.,FAKE,Health,Social Media/Unverified,Author_143,2026-01-03,UK,English,35,False,0.22,50444,37178,7486
776,Researchers prove that humans can survive without sleep for one year,"An unverified internet post claims that researchers prove that humans can survive without sleep for one year. No dependable evidence is provided in the message, so the information should not be treated as confirmed without further verification.",FAKE,Health,Social Media/Unverified,Author_114,2026-04-18,Canada,English,37,False,0.15,56103,24749,14037
777,Company announces that its laptop can run for ten years without charging,A viral online claim says that company announces that its laptop can run for ten years without charging. The post provides dramatic details but does not identify a reliable official source or independent evidence. Readers should verify the claim before sharing it.,FAKE,Entertainment,Social Media/Unverified,Author_95,2026-03-01,Canada,English,42,False,0.29,51962,57422,8563
778,Social media post claims the moon will disappear for seven days,"An unverified internet post claims that social media post claims the moon will disappear for seven days. No dependable evidence is provided in the message, so the information should not be treated as confirmed without further verification.",FAKE,Technology,Social Media/Unverified,Author_31,2026-03-13,Canada,English,37,False,0.29,13342,22119,1060
779,Online message says students can receive guaranteed jobs by sharing one post,Social media users are circulating a story claiming that online message says students can receive guaranteed jobs by sharing one post. The claim appears sensational and should be checked against trustworthy news organizations and official statements.,FAKE,Education,Social Media/Unverified,Author_87,2026-04-20,Canada,English,36,False,0.09,55676,65424,4563
780,Viral post claims a common household item can completely cure every disease,"An unverified internet post claims that viral post claims a common household item can completely cure every disease. No dependable evidence is provided in the message, so the information should not be treated as confirmed without further verification.",FAKE,Health,Social Media/Unverified,Author_103,2026-06-16,Australia,English,38,False,0.38,63518,67037,4569
781,Government announces new scholarship program for college students,Officials and researchers have reported an update related to government announces new scholarship program for college students. The information is being discussed through formal announcements and available reports. Readers are advised to check the original source for complete details.,REAL,Entertainment,Official/Reported,Author_28,2026-02-09,Canada,English,39,True,0.87,82371,17648,486
782,Scientists discover a new method to improve solar panel efficiency,Officials and researchers have reported an update related to scientists discover a new method to improve solar panel efficiency. The information is being discussed through formal announcements and available reports. Readers are advised to check the original source for complete details.,REAL,Politics,Official/Reported,Author_18,2026-08-22,India,English,41,True,0.98,50162,79249,11128
783,Local university opens a new artificial intelligence research center,"A recent report discusses local university opens a new artificial intelligence research center. The development has attracted public attention, while further details are expected from relevant authorities and organizations.",REAL,Science,Official/Reported,Author_78,2026-02-25,India,English,29,True,0.91,68160,64517,12988
784,New public transport route launched to connect rural areas,"A recent report discusses new public transport route launched to connect rural areas. The development has attracted public attention, while further details are expected from relevant authorities and organizations.",REAL,Education,Official/Reported,Author_76,2026-08-16,Australia,English,29,True,0.81,45048,70853,8955
785,Researchers publish study on reducing plastic waste in cities,Officials and researchers have reported an update related to researchers publish study on reducing plastic waste in cities. The information is being discussed through formal announcements and available reports. Readers are advised to check the original source for complete details.,REAL,Politics,Official/Reported,Author_111,2026-02-13,Canada,English,40,True,0.83,49337,58011,7531
786,Health department releases updated vaccination schedule,Officials and researchers have reported an update related to health department releases updated vaccination schedule. The information is being discussed through formal announcements and available reports. Readers are advised to check the original source for complete details.,REAL,Politics,Official/Reported,Author_46,2026-05-23,USA,English,37,True,0.87,17637,40959,11726
787,National bank introduces updated digital payment security guidelines,"A recent report discusses national bank introduces updated digital payment security guidelines. The development has attracted public attention, while further details are expected from relevant authorities and organizations.",REAL,Entertainment,Official/Reported,Author_29,2026-08-22,Australia,English,28,True,0.91,75010,61585,7797
788,Weather department issues rainfall advisory for several regions,"According to an update shared by relevant organizations, weather department issues rainfall advisory for several regions. The report focuses on the available information and encourages readers to verify details through reliable sources.",REAL,Science,Official/Reported,Author_130,2026-01-13,UK,English,32,True,0.87,49528,46242,12557
789,University launches internship program for engineering students,"A recent report discusses university launches internship program for engineering students. The development has attracted public attention, while further details are expected from relevant authorities and organizations.",REAL,Business,Official/Reported,Author_16,2026-01-19,India,English,27,True,0.78,48036,45732,13263
790,Technology company releases a software update with security fixes,"According to an update shared by relevant organizations, technology company releases a software update with security fixes. The report focuses on the available information and encourages readers to verify details through reliable sources.",REAL,Politics,Official/Reported,Author_88,2026-07-04,Canada,English,33,True,0.83,46850,53997,5755
791,Celebrity secretly becomes president of the country overnight,A viral online claim says that celebrity secretly becomes president of the country overnight. The post provides dramatic details but does not identify a reliable official source or independent evidence. Readers should verify the claim before sharing it.,FAKE,Education,Social Media/Unverified,Author_64,2026-04-21,UK,English,38,False,0.26,90186,8590,14236
792,Scientists confirm that drinking one glass of water gives superpowers,Social media users are circulating a story claiming that scientists confirm that drinking one glass of water gives superpowers. The claim appears sensational and should be checked against trustworthy news organizations and official statements.,FAKE,Technology,Social Media/Unverified,Author_87,2026-03-01,Australia,English,34,False,0.16,60422,55379,9306
793,Government announces free smartphones for every citizen tomorrow,"An unverified internet post claims that government announces free smartphones for every citizen tomorrow. No dependable evidence is provided in the message, so the information should not be treated as confirmed without further verification.",FAKE,Weather,Social Media/Unverified,Author_69,2026-01-23,Canada,English,34,False,0.26,41496,49515,9344
794,New app claims it can predict every person's future with 100 percent accuracy,Social media users are circulating a story claiming that new app claims it can predict every person's future with 100 percent accuracy. The claim appears sensational and should be checked against trustworthy news organizations and official statements.,FAKE,Business,Social Media/Unverified,Author_147,2026-02-26,Canada,English,37,False,0.09,88498,26993,5504
795,Internet users discover a hidden button that makes phones charge instantly,Social media users are circulating a story claiming that internet users discover a hidden button that makes phones charge instantly. The claim appears sensational and should be checked against trustworthy news organizations and official statements.,FAKE,Business,Social Media/Unverified,Author_43,2026-05-12,Canada,English,35,False,0.12,83298,9877,13768
796,Researchers prove that humans can survive without sleep for one year,"An unverified internet post claims that researchers prove that humans can survive without sleep for one year. No dependable evidence is provided in the message, so the information should not be treated as confirmed without further verification.",FAKE,Education,Social Media/Unverified,Author_74,2026-05-02,UK,English,37,False,0.4,52704,29612,10232
797,Company announces that its laptop can run for ten years without charging,"An unverified internet post claims that company announces that its laptop can run for ten years without charging. No dependable evidence is provided in the message, so the information should not be treated as confirmed without further verification.",FAKE,Technology,Social Media/Unverified,Author_149,2026-02-19,UK,English,38,False,0.15,74252,69612,7786
798,Social media post claims the moon will disappear for seven days,Social media users are circulating a story claiming that social media post claims the moon will disappear for seven days. The claim appears sensational and should be checked against trustworthy news organizations and official statements.,FAKE,Education,Social Media/Unverified,Author_89,2026-02-21,UK,English,35,False,0.23,39319,56747,10870
799,Online message says students can receive guaranteed jobs by sharing one post,"An unverified internet post claims that online message says students can receive guaranteed jobs by sharing one post. No dependable evidence is provided in the message, so the information should not be treated as confirmed without further verification.",FAKE,Business,Social Media/Unverified,Author_52,2026-07-13,UK,English,38,False,0.27,59415,71775,2958
800,Viral post claims a common household item can completely cure every disease,A viral online claim says that viral post claims a common household item can completely cure every disease. The post provides dramatic details but does not identify a reliable official source or independent evidence. Readers should verify the claim before sharing it.,FAKE,Science,Social Media/Unverified,Author_148,2026-08-07,Canada,English,42,False,0.14,83624,69829,13253
801,Government announces new scholarship program for college students,"According to an update shared by relevant organizations, government announces new scholarship program for college students. The report focuses on the available information and encourages readers to verify details through reliable sources.",REAL,Weather,Official/Reported,Author_145,2026-01-17,USA,English,32,True,0.84,19375,31511,2465
802,Scientists discover a new method to improve solar panel efficiency,"According to an update shared by relevant organizations, scientists discover a new method to improve solar panel efficiency. The report focuses on the available information and encourages readers to verify details through reliable sources.",REAL,Health,Official/Reported,Author_112,2026-07-11,India,English,34,True,0.9,54069,34992,13495
803,Local university opens a new artificial intelligence research center,"A recent report discusses local university opens a new artificial intelligence research center. The development has attracted public attention, while further details are expected from relevant authorities and organizations.",REAL,Science,Official/Reported,Author_66,2026-04-13,USA,English,29,True,0.78,25164,3636,4023
804,New public transport route launched to connect rural areas,"A recent report discusses new public transport route launched to connect rural areas. The development has attracted public attention, while further details are expected from relevant authorities and organizations.",REAL,Entertainment,Official/Reported,Author_125,2026-07-14,India,English,29,True,0.8,35754,17887,477
805,Researchers publish study on reducing plastic waste in cities,"A recent report discusses researchers publish study on reducing plastic waste in cities. The development has attracted public attention, while further details are expected from relevant authorities and organizations.",REAL,Health,Official/Reported,Author_141,2026-03-21,India,English,29,True,0.98,63690,2614,906
806,Health department releases updated vaccination schedule,Officials and researchers have reported an update related to health department releases updated vaccination schedule. The information is being discussed through formal announcements and available reports. Readers are advised to check the original source for complete details.,REAL,Business,Official/Reported,Author_77,2026-02-14,UK,English,37,True,0.91,11846,52026,13759
807,National bank introduces updated digital payment security guidelines,"According to an update shared by relevant organizations, national bank introduces updated digital payment security guidelines. The report focuses on the available information and encourages readers to verify details through reliable sources.",REAL,Science,Official/Reported,Author_61,2026-02-19,Australia,English,32,True,0.97,68424,76081,12699
808,Weather department issues rainfall advisory for several regions,"According to an update shared by relevant organizations, weather department issues rainfall advisory for several regions. The report focuses on the available information and encourages readers to verify details through reliable sources.",REAL,Health,Official/Reported,Author_128,2026-02-08,Australia,English,32,True,0.78,41089,43165,13636
809,University launches internship program for engineering students,"According to an update shared by relevant organizations, university launches internship program for engineering students. The report focuses on the available information and encourages readers to verify details through reliable sources.",REAL,Weather,Official/Reported,Author_61,2026-07-07,USA,English,31,True,0.78,28073,35990,7200
810,Technology company releases a software update with security fixes,"A recent report discusses technology company releases a software update with security fixes. The development has attracted public attention, while further details are expected from relevant authorities and organizations.",REAL,Health,Official/Reported,Author_15,2026-08-18,UK,English,29,True,0.92,14816,41487,8941
811,Celebrity secretly becomes president of the country overnight,Social media users are circulating a story claiming that celebrity secretly becomes president of the country overnight. The claim appears sensational and should be checked against trustworthy news organizations and official statements.,FAKE,Entertainment,Social Media/Unverified,Author_64,2026-05-26,USA,English,32,False,0.18,93814,48205,13457
812,Scientists confirm that drinking one glass of water gives superpowers,Social media users are circulating a story claiming that scientists confirm that drinking one glass of water gives superpowers. The claim appears sensational and should be checked against trustworthy news organizations and official statements.,FAKE,Politics,Social Media/Unverified,Author_9,2026-01-23,USA,English,34,False,0.14,50432,40541,10468
813,Government announces free smartphones for every citizen tomorrow,"An unverified internet post claims that government announces free smartphones for every citizen tomorrow. No dependable evidence is provided in the message, so the information should not be treated as confirmed without further verification.",FAKE,Business,Social Media/Unverified,Author_32,2026-04-28,Canada,English,34,False,0.19,51518,33498,4929
814,New app claims it can predict every person's future with 100 percent accuracy,A viral online claim says that new app claims it can predict every person's future with 100 percent accuracy. The post provides dramatic details but does not identify a reliable official source or independent evidence. Readers should verify the claim before sharing it.,FAKE,Education,Social Media/Unverified,Author_77,2026-04-28,USA,English,43,False,0.37,82762,41578,14409
815,Internet users discover a hidden button that makes phones charge instantly,"An unverified internet post claims that internet users discover a hidden button that makes phones charge instantly. No dependable evidence is provided in the message, so the information should not be treated as confirmed without further verification.",FAKE,Weather,Social Media/Unverified,Author_9,2026-05-28,India,English,37,False,0.34,64457,61751,12074
816,Researchers prove that humans can survive without sleep for one year,Social media users are circulating a story claiming that researchers prove that humans can survive without sleep for one year. The claim appears sensational and should be checked against trustworthy news organizations and official statements.,FAKE,Business,Social Media/Unverified,Author_109,2026-02-27,USA,English,35,False,0.29,66376,8703,5764
817,Company announces that its laptop can run for ten years without charging,Social media users are circulating a story claiming that company announces that its laptop can run for ten years without charging. The claim appears sensational and should be checked against trustworthy news organizations and official statements.,FAKE,Business,Social Media/Unverified,Author_117,2026-01-25,India,English,36,False,0.27,24093,58122,12960
818,Social media post claims the moon will disappear for seven days,"An unverified internet post claims that social media post claims the moon will disappear for seven days. No dependable evidence is provided in the message, so the information should not be treated as confirmed without further verification.",FAKE,Science,Social Media/Unverified,Author_1,2026-07-07,UK,English,37,False,0.16,10788,14531,2585
819,Online message says students can receive guaranteed jobs by sharing one post,A viral online claim says that online message says students can receive guaranteed jobs by sharing one post. The post provides dramatic details but does not identify a reliable official source or independent evidence. Readers should verify the claim before sharing it.,FAKE,Science,Social Media/Unverified,Author_106,2026-06-15,Canada,English,42,False,0.36,17509,34172,2842
820,Viral post claims a common household item can completely cure every disease,"An unverified internet post claims that viral post claims a common household item can completely cure every disease. No dependable evidence is provided in the message, so the information should not be treated as confirmed without further verification.",FAKE,Business,Social Media/Unverified,Author_73,2026-04-03,Canada,English,38,False,0.18,51586,49461,13675
821,Government announces new scholarship program for college students,"According to an update shared by relevant organizations, government announces new scholarship program for college students. The report focuses on the available information and encourages readers to verify details through reliable sources.",REAL,Education,Official/Reported,Author_6,2026-01-18,Australia,English,32,True,0.9,11672,60615,3248
822,Scientists discover a new method to improve solar panel efficiency,"A recent report discusses scientists discover a new method to improve solar panel efficiency. The development has attracted public attention, while further details are expected from relevant authorities and organizations.",REAL,Science,Official/Reported,Author_13,2026-07-20,Canada,English,30,True,0.89,19572,11678,6028
823,Local university opens a new artificial intelligence research center,Officials and researchers have reported an update related to local university opens a new artificial intelligence research center. The information is being discussed through formal announcements and available reports. Readers are advised to check the original source for complete details.,REAL,Technology,Official/Reported,Author_4,2026-07-25,Canada,English,40,True,0.95,64779,15538,3677
824,New public transport route launched to connect rural areas,"According to an update shared by relevant organizations, new public transport route launched to connect rural areas. The report focuses on the available information and encourages readers to verify details through reliable sources.",REAL,Education,Official/Reported,Author_49,2026-05-10,Canada,English,33,True,0.84,56542,27085,9831
825,Researchers publish study on reducing plastic waste in cities,Officials and researchers have reported an update related to researchers publish study on reducing plastic waste in cities. The information is being discussed through formal announcements and available reports. Readers are advised to check the original source for complete details.,REAL,Health,Official/Reported,Author_49,2026-07-06,Canada,English,40,True,0.94,3781,38041,4289
826,Health department releases updated vaccination schedule,Officials and researchers have reported an update related to health department releases updated vaccination schedule. The information is being discussed through formal announcements and available reports. Readers are advised to check the original source for complete details.,REAL,Entertainment,Official/Reported,Author_64,2026-06-19,Canada,English,37,True,0.77,61467,17464,14277
827,National bank introduces updated digital payment security guidelines,"A recent report discusses national bank introduces updated digital payment security guidelines. The development has attracted public attention, while further details are expected from relevant authorities and organizations.",REAL,Weather,Official/Reported,Author_55,2026-07-23,Canada,English,28,True,0.93,33594,9580,1561
828,Weather department issues rainfall advisory for several regions,"According to an update shared by relevant organizations, weather department issues rainfall advisory for several regions. The report focuses on the available information and encourages readers to verify details through reliable sources.",REAL,Politics,Official/Reported,Author_14,2026-06-08,Canada,English,32,True,0.97,79488,78416,11625
829,University launches internship program for engineering students,"According to an update shared by relevant organizations, university launches internship program for engineering students. The report focuses on the available information and encourages readers to verify details through reliable sources.",REAL,Politics,Official/Reported,Author_2,2026-05-17,Australia,English,31,True,0.84,51743,48619,2166
830,Technology company releases a software update with security fixes,"According to an update shared by relevant organizations, technology company releases a software update with security fixes. The report focuses on the available information and encourages readers to verify details through reliable sources.",REAL,Politics,Official/Reported,Author_149,2026-03-09,USA,English,33,True,0.87,44466,61357,2161
831,Celebrity secretly becomes president of the country overnight,A viral online claim says that celebrity secretly becomes president of the country overnight. The post provides dramatic details but does not identify a reliable official source or independent evidence. Readers should verify the claim before sharing it.,FAKE,Business,Social Media/Unverified,Author_136,2026-07-05,UK,English,38,False,0.09,5798,16765,8179
832,Scientists confirm that drinking one glass of water gives superpowers,Social media users are circulating a story claiming that scientists confirm that drinking one glass of water gives superpowers. The claim appears sensational and should be checked against trustworthy news organizations and official statements.,FAKE,Business,Social Media/Unverified,Author_111,2026-05-09,Australia,English,34,False,0.34,34581,67765,5128
833,Government announces free smartphones for every citizen tomorrow,Social media users are circulating a story claiming that government announces free smartphones for every citizen tomorrow. The claim appears sensational and should be checked against trustworthy news organizations and official statements.,FAKE,Science,Social Media/Unverified,Author_81,2026-08-25,USA,English,32,False,0.24,86179,57675,871
834,New app claims it can predict every person's future with 100 percent accuracy,A viral online claim says that new app claims it can predict every person's future with 100 percent accuracy. The post provides dramatic details but does not identify a reliable official source or independent evidence. Readers should verify the claim before sharing it.,FAKE,Science,Social Media/Unverified,Author_14,2026-04-06,India,English,43,False,0.21,21447,61233,7150
835,Internet users discover a hidden button that makes phones charge instantly,A viral online claim says that internet users discover a hidden button that makes phones charge instantly. The post provides dramatic details but does not identify a reliable official source or independent evidence. Readers should verify the claim before sharing it.,FAKE,Entertainment,Social Media/Unverified,Author_11,2026-08-12,Australia,English,41,False,0.22,64626,14749,13858
836,Researchers prove that humans can survive without sleep for one year,"An unverified internet post claims that researchers prove that humans can survive without sleep for one year. No dependable evidence is provided in the message, so the information should not be treated as confirmed without further verification.",FAKE,Science,Social Media/Unverified,Author_32,2026-06-03,USA,English,37,False,0.35,23688,22063,12286
837,Company announces that its laptop can run for ten years without charging,"An unverified internet post claims that company announces that its laptop can run for ten years without charging. No dependable evidence is provided in the message, so the information should not be treated as confirmed without further verification.",FAKE,Health,Social Media/Unverified,Author_145,2026-04-19,India,English,38,False,0.23,74824,23672,6822
838,Social media post claims the moon will disappear for seven days,A viral online claim says that social media post claims the moon will disappear for seven days. The post provides dramatic details but does not identify a reliable official source or independent evidence. Readers should verify the claim before sharing it.,FAKE,Education,Social Media/Unverified,Author_128,2026-02-11,India,English,41,False,0.15,89222,15994,6458
839,Online message says students can receive guaranteed jobs by sharing one post,Social media users are circulating a story claiming that online message says students can receive guaranteed jobs by sharing one post. The claim appears sensational and should be checked against trustworthy news organizations and official statements.,FAKE,Technology,Social Media/Unverified,Author_83,2026-03-01,India,English,36,False,0.21,92770,62900,7439
840,Viral post claims a common household item can completely cure every disease,"An unverified internet post claims that viral post claims a common household item can completely cure every disease. No dependable evidence is provided in the message, so the information should not be treated as confirmed without further verification.",FAKE,Health,Social Media/Unverified,Author_2,2026-06-02,Australia,English,38,False,0.38,42597,74605,2118
841,Government announces new scholarship program for college students,Officials and researchers have reported an update related to government announces new scholarship program for college students. The information is being discussed through formal announcements and available reports. Readers are advised to check the original source for complete details.,REAL,Politics,Official/Reported,Author_73,2026-06-26,India,English,39,True,0.93,71726,78948,6248
842,Scientists discover a new method to improve solar panel efficiency,Officials and researchers have reported an update related to scientists discover a new method to improve solar panel efficiency. The information is being discussed through formal announcements and available reports. Readers are advised to check the original source for complete details.,REAL,Weather,Official/Reported,Author_66,2026-03-08,Canada,English,41,True,0.77,27302,21361,6365
843,Local university opens a new artificial intelligence research center,"A recent report discusses local university opens a new artificial intelligence research center. The development has attracted public attention, while further details are expected from relevant authorities and organizations.",REAL,Health,Official/Reported,Author_40,2026-02-10,Canada,English,29,True,0.94,96464,40650,14806
844,New public transport route launched to connect rural areas,"According to an update shared by relevant organizations, new public transport route launched to connect rural areas. The report focuses on the available information and encourages readers to verify details through reliable sources.",REAL,Science,Official/Reported,Author_92,2026-02-27,UK,English,33,True,0.87,64185,58390,14506
845,Researchers publish study on reducing plastic waste in cities,"A recent report discusses researchers publish study on reducing plastic waste in cities. The development has attracted public attention, while further details are expected from relevant authorities and organizations.",REAL,Entertainment,Official/Reported,Author_69,2026-07-03,Canada,English,29,True,0.94,80470,24431,7112
846,Health department releases updated vaccination schedule,"According to an update shared by relevant organizations, health department releases updated vaccination schedule. The report focuses on the available information and encourages readers to verify details through reliable sources.",REAL,Weather,Official/Reported,Author_24,2026-01-17,UK,English,30,True,0.98,88672,29395,10610
847,National bank introduces updated digital payment security guidelines,"According to an update shared by relevant organizations, national bank introduces updated digital payment security guidelines. The report focuses on the available information and encourages readers to verify details through reliable sources.",REAL,Science,Official/Reported,Author_127,2026-02-10,Canada,English,32,True,0.85,62611,39378,2434
848,Weather department issues rainfall advisory for several regions,Officials and researchers have reported an update related to weather department issues rainfall advisory for several regions. The information is being discussed through formal announcements and available reports. Readers are advised to check the original source for complete details.,REAL,Health,Official/Reported,Author_64,2026-07-10,Australia,English,39,True,0.76,10041,5915,8411
849,University launches internship program for engineering students,Officials and researchers have reported an update related to university launches internship program for engineering students. The information is being discussed through formal announcements and available reports. Readers are advised to check the original source for complete details.,REAL,Weather,Official/Reported,Author_106,2026-02-15,Australia,English,38,True,0.95,46600,33410,9593
850,Technology company releases a software update with security fixes,Officials and researchers have reported an update related to technology company releases a software update with security fixes. The information is being discussed through formal announcements and available reports. Readers are advised to check the original source for complete details.,REAL,Politics,Official/Reported,Author_30,2026-08-06,USA,English,40,True,0.95,5942,10922,6819
851,Celebrity secretly becomes president of the country overnight,"An unverified internet post claims that celebrity secretly becomes president of the country overnight. No dependable evidence is provided in the message, so the information should not be treated as confirmed without further verification.",FAKE,Health,Social Media/Unverified,Author_81,2026-08-25,Canada,English,34,False,0.27,34753,44744,14276
852,Scientists confirm that drinking one glass of water gives superpowers,A viral online claim says that scientists confirm that drinking one glass of water gives superpowers. The post provides dramatic details but does not identify a reliable official source or independent evidence. Readers should verify the claim before sharing it.,FAKE,Education,Social Media/Unverified,Author_48,2026-02-24,Australia,English,40,False,0.14,88275,13941,7107
853,Government announces free smartphones for every citizen tomorrow,"An unverified internet post claims that government announces free smartphones for every citizen tomorrow. No dependable evidence is provided in the message, so the information should not be treated as confirmed without further verification.",FAKE,Politics,Social Media/Unverified,Author_2,2026-07-04,India,English,34,False,0.11,62547,60319,11334
854,New app claims it can predict every person's future with 100 percent accuracy,Social media users are circulating a story claiming that new app claims it can predict every person's future with 100 percent accuracy. The claim appears sensational and should be checked against trustworthy news organizations and official statements.,FAKE,Entertainment,Social Media/Unverified,Author_78,2026-06-23,Canada,English,37,False,0.33,11496,16400,2213
855,Internet users discover a hidden button that makes phones charge instantly,A viral online claim says that internet users discover a hidden button that makes phones charge instantly. The post provides dramatic details but does not identify a reliable official source or independent evidence. Readers should verify the claim before sharing it.,FAKE,Education,Social Media/Unverified,Author_29,2026-01-23,USA,English,41,False,0.35,27434,63065,10627
856,Researchers prove that humans can survive without sleep for one year,A viral online claim says that researchers prove that humans can survive without sleep for one year. The post provides dramatic details but does not identify a reliable official source or independent evidence. Readers should verify the claim before sharing it.,FAKE,Education,Social Media/Unverified,Author_112,2026-04-03,UK,English,41,False,0.32,19430,62131,6912
857,Company announces that its laptop can run for ten years without charging,A viral online claim says that company announces that its laptop can run for ten years without charging. The post provides dramatic details but does not identify a reliable official source or independent evidence. Readers should verify the claim before sharing it.,FAKE,Technology,Social Media/Unverified,Author_43,2026-03-24,Canada,English,42,False,0.39,61809,2577,14086
858,Social media post claims the moon will disappear for seven days,Social media users are circulating a story claiming that social media post claims the moon will disappear for seven days. The claim appears sensational and should be checked against trustworthy news organizations and official statements.,FAKE,Education,Social Media/Unverified,Author_52,2026-05-19,Canada,English,35,False,0.07,1042,13461,10328
859,Online message says students can receive guaranteed jobs by sharing one post,"An unverified internet post claims that online message says students can receive guaranteed jobs by sharing one post. No dependable evidence is provided in the message, so the information should not be treated as confirmed without further verification.",FAKE,Weather,Social Media/Unverified,Author_107,2026-08-24,Australia,English,38,False,0.26,72663,38117,606
860,Viral post claims a common household item can completely cure every disease,Social media users are circulating a story claiming that viral post claims a common household item can completely cure every disease. The claim appears sensational and should be checked against trustworthy news organizations and official statements.,FAKE,Weather,Social Media/Unverified,Author_125,2026-08-08,India,English,36,False,0.23,55322,75555,5174
861,Government announces new scholarship program for college students,"According to an update shared by relevant organizations, government announces new scholarship program for college students. The report focuses on the available information and encourages readers to verify details through reliable sources.",REAL,Technology,Official/Reported,Author_69,2026-07-16,India,English,32,True,0.87,84706,45456,7345
862,Scientists discover a new method to improve solar panel efficiency,"According to an update shared by relevant organizations, scientists discover a new method to improve solar panel efficiency. The report focuses on the available information and encourages readers to verify details through reliable sources.",REAL,Weather,Official/Reported,Author_6,2026-03-10,USA,English,34,True,0.86,57434,30427,8317
863,Local university opens a new artificial intelligence research center,Officials and researchers have reported an update related to local university opens a new artificial intelligence research center. The information is being discussed through formal announcements and available reports. Readers are advised to check the original source for complete details.,REAL,Business,Official/Reported,Author_120,2026-03-10,Canada,English,40,True,0.98,88235,47224,13041
864,New public transport route launched to connect rural areas,"A recent report discusses new public transport route launched to connect rural areas. The development has attracted public attention, while further details are expected from relevant authorities and organizations.",REAL,Science,Official/Reported,Author_54,2026-05-23,India,English,29,True,0.91,16930,22718,3268
865,Researchers publish study on reducing plastic waste in cities,Officials and researchers have reported an update related to researchers publish study on reducing plastic waste in cities. The information is being discussed through formal announcements and available reports. Readers are advised to check the original source for complete details.,REAL,Entertainment,Official/Reported,Author_26,2026-07-16,UK,English,40,True,0.81,72994,6171,297
866,Health department releases updated vaccination schedule,"A recent report discusses health department releases updated vaccination schedule. The development has attracted public attention, while further details are expected from relevant authorities and organizations.",REAL,Health,Official/Reported,Author_92,2026-03-06,Australia,English,26,True,0.76,8354,44272,7055
867,National bank introduces updated digital payment security guidelines,Officials and researchers have reported an update related to national bank introduces updated digital payment security guidelines. The information is being discussed through formal announcements and available reports. Readers are advised to check the original source for complete details.,REAL,Education,Official/Reported,Author_31,2026-04-16,UK,English,39,True,0.99,46572,6122,12617
868,Weather department issues rainfall advisory for several regions,"According to an update shared by relevant organizations, weather department issues rainfall advisory for several regions. The report focuses on the available information and encourages readers to verify details through reliable sources.",REAL,Health,Official/Reported,Author_39,2026-02-23,India,English,32,True,0.97,57396,59922,13788
869,University launches internship program for engineering students,Officials and researchers have reported an update related to university launches internship program for engineering students. The information is being discussed through formal announcements and available reports. Readers are advised to check the original source for complete details.,REAL,Technology,Official/Reported,Author_27,2026-01-17,India,English,38,True,0.79,15484,26925,14925
870,Technology company releases a software update with security fixes,"A recent report discusses technology company releases a software update with security fixes. The development has attracted public attention, while further details are expected from relevant authorities and organizations.",REAL,Science,Official/Reported,Author_75,2026-08-25,Australia,English,29,True,0.87,13024,20228,10601
871,Celebrity secretly becomes president of the country overnight,Social media users are circulating a story claiming that celebrity secretly becomes president of the country overnight. The claim appears sensational and should be checked against trustworthy news organizations and official statements.,FAKE,Business,Social Media/Unverified,Author_36,2026-02-28,USA,English,32,False,0.2,54503,868,4019
872,Scientists confirm that drinking one glass of water gives superpowers,Social media users are circulating a story claiming that scientists confirm that drinking one glass of water gives superpowers. The claim appears sensational and should be checked against trustworthy news organizations and official statements.,FAKE,Business,Social Media/Unverified,Author_74,2026-03-03,UK,English,34,False,0.18,98949,54401,5908
873,Government announces free smartphones for every citizen tomorrow,"An unverified internet post claims that government announces free smartphones for every citizen tomorrow. No dependable evidence is provided in the message, so the information should not be treated as confirmed without further verification.",FAKE,Education,Social Media/Unverified,Author_39,2026-07-26,USA,English,34,False,0.1,56216,54191,6706
874,New app claims it can predict every person's future with 100 percent accuracy,Social media users are circulating a story claiming that new app claims it can predict every person's future with 100 percent accuracy. The claim appears sensational and should be checked against trustworthy news organizations and official statements.,FAKE,Business,Social Media/Unverified,Author_8,2026-08-05,India,English,37,False,0.3,67819,9125,1389
875,Internet users discover a hidden button that makes phones charge instantly,Social media users are circulating a story claiming that internet users discover a hidden button that makes phones charge instantly. The claim appears sensational and should be checked against trustworthy news organizations and official statements.,FAKE,Business,Social Media/Unverified,Author_103,2026-03-14,India,English,35,False,0.19,4871,19790,14786
876,Researchers prove that humans can survive without sleep for one year,"An unverified internet post claims that researchers prove that humans can survive without sleep for one year. No dependable evidence is provided in the message, so the information should not be treated as confirmed without further verification.",FAKE,Politics,Social Media/Unverified,Author_134,2026-05-14,Canada,English,37,False,0.36,91863,72567,14312
877,Company announces that its laptop can run for ten years without charging,Social media users are circulating a story claiming that company announces that its laptop can run for ten years without charging. The claim appears sensational and should be checked against trustworthy news organizations and official statements.,FAKE,Business,Social Media/Unverified,Author_89,2026-01-27,UK,English,36,False,0.37,80016,19254,11473
878,Social media post claims the moon will disappear for seven days,Social media users are circulating a story claiming that social media post claims the moon will disappear for seven days. The claim appears sensational and should be checked against trustworthy news organizations and official statements.,FAKE,Entertainment,Social Media/Unverified,Author_53,2026-08-23,UK,English,35,False,0.36,85043,53024,12704
879,Online message says students can receive guaranteed jobs by sharing one post,A viral online claim says that online message says students can receive guaranteed jobs by sharing one post. The post provides dramatic details but does not identify a reliable official source or independent evidence. Readers should verify the claim before sharing it.,FAKE,Health,Social Media/Unverified,Author_22,2026-01-18,UK,English,42,False,0.19,94235,16520,8527
880,Viral post claims a common household item can completely cure every disease,"An unverified internet post claims that viral post claims a common household item can completely cure every disease. No dependable evidence is provided in the message, so the information should not be treated as confirmed without further verification.",FAKE,Health,Social Media/Unverified,Author_55,2026-02-17,Australia,English,38,False,0.16,44667,20980,383
881,Government announces new scholarship program for college students,Officials and researchers have reported an update related to government announces new scholarship program for college students. The information is being discussed through formal announcements and available reports. Readers are advised to check the original source for complete details.,REAL,Health,Official/Reported,Author_62,2026-05-24,Canada,English,39,True,0.99,14485,7862,13788
882,Scientists discover a new method to improve solar panel efficiency,"A recent report discusses scientists discover a new method to improve solar panel efficiency. The development has attracted public attention, while further details are expected from relevant authorities and organizations.",REAL,Health,Official/Reported,Author_130,2026-06-04,India,English,30,True,0.93,16361,58821,4881
883,Local university opens a new artificial intelligence research center,"According to an update shared by relevant organizations, local university opens a new artificial intelligence research center. The report focuses on the available information and encourages readers to verify details through reliable sources.",REAL,Politics,Official/Reported,Author_117,2026-06-08,Australia,English,33,True,0.89,82289,69904,13836
884,New public transport route launched to connect rural areas,"According to an update shared by relevant organizations, new public transport route launched to connect rural areas. The report focuses on the available information and encourages readers to verify details through reliable sources.",REAL,Education,Official/Reported,Author_90,2026-05-10,Australia,English,33,True,0.91,93641,49506,8514
885,Researchers publish study on reducing plastic waste in cities,"According to an update shared by relevant organizations, researchers publish study on reducing plastic waste in cities. The report focuses on the available information and encourages readers to verify details through reliable sources.",REAL,Education,Official/Reported,Author_27,2026-06-17,Australia,English,33,True,0.8,47362,59552,1605
886,Health department releases updated vaccination schedule,Officials and researchers have reported an update related to health department releases updated vaccination schedule. The information is being discussed through formal announcements and available reports. Readers are advised to check the original source for complete details.,REAL,Weather,Official/Reported,Author_106,2026-02-03,India,English,37,True,0.85,17057,62428,3519
887,National bank introduces updated digital payment security guidelines,"A recent report discusses national bank introduces updated digital payment security guidelines. The development has attracted public attention, while further details are expected from relevant authorities and organizations.",REAL,Technology,Official/Reported,Author_95,2026-07-19,Australia,English,28,True,0.87,51754,34567,9573
888,Weather department issues rainfall advisory for several regions,"A recent report discusses weather department issues rainfall advisory for several regions. The development has attracted public attention, while further details are expected from relevant authorities and organizations.",REAL,Weather,Official/Reported,Author_113,2026-08-24,Canada,English,28,True,0.95,18929,66299,2082
889,University launches internship program for engineering students,"A recent report discusses university launches internship program for engineering students. The development has attracted public attention, while further details are expected from relevant authorities and organizations.",REAL,Entertainment,Official/Reported,Author_34,2026-02-23,USA,English,27,True,0.86,4283,20562,9159
890,Technology company releases a software update with security fixes,"A recent report discusses technology company releases a software update with security fixes. The development has attracted public attention, while further details are expected from relevant authorities and organizations.",REAL,Technology,Official/Reported,Author_105,2026-02-04,UK,English,29,True,0.89,5289,68526,2511
891,Celebrity secretly becomes president of the country overnight,A viral online claim says that celebrity secretly becomes president of the country overnight. The post provides dramatic details but does not identify a reliable official source or independent evidence. Readers should verify the claim before sharing it.,FAKE,Business,Social Media/Unverified,Author_79,2026-06-10,UK,English,38,False,0.22,18736,18635,12841
892,Scientists confirm that drinking one glass of water gives superpowers,"An unverified internet post claims that scientists confirm that drinking one glass of water gives superpowers. No dependable evidence is provided in the message, so the information should not be treated as confirmed without further verification.",FAKE,Weather,Social Media/Unverified,Author_13,2026-05-10,USA,English,36,False,0.11,96958,64072,34
893,Government announces free smartphones for every citizen tomorrow,A viral online claim says that government announces free smartphones for every citizen tomorrow. The post provides dramatic details but does not identify a reliable official source or independent evidence. Readers should verify the claim before sharing it.,FAKE,Business,Social Media/Unverified,Author_18,2026-01-14,Canada,English,38,False,0.25,74165,59298,14750
894,New app claims it can predict every person's future with 100 percent accuracy,Social media users are circulating a story claiming that new app claims it can predict every person's future with 100 percent accuracy. The claim appears sensational and should be checked against trustworthy news organizations and official statements.,FAKE,Weather,Social Media/Unverified,Author_122,2026-03-25,USA,English,37,False,0.23,60425,58978,10931
895,Internet users discover a hidden button that makes phones charge instantly,Social media users are circulating a story claiming that internet users discover a hidden button that makes phones charge instantly. The claim appears sensational and should be checked against trustworthy news organizations and official statements.,FAKE,Science,Social Media/Unverified,Author_84,2026-02-26,Australia,English,35,False,0.28,53700,50760,3814
896,Researchers prove that humans can survive without sleep for one year,Social media users are circulating a story claiming that researchers prove that humans can survive without sleep for one year. The claim appears sensational and should be checked against trustworthy news organizations and official statements.,FAKE,Business,Social Media/Unverified,Author_139,2026-01-22,Canada,English,35,False,0.31,84671,11608,14187
897,Company announces that its laptop can run for ten years without charging,A viral online claim says that company announces that its laptop can run for ten years without charging. The post provides dramatic details but does not identify a reliable official source or independent evidence. Readers should verify the claim before sharing it.,FAKE,Politics,Social Media/Unverified,Author_147,2026-05-18,India,English,42,False,0.28,11171,25226,10136
898,Social media post claims the moon will disappear for seven days,"An unverified internet post claims that social media post claims the moon will disappear for seven days. No dependable evidence is provided in the message, so the information should not be treated as confirmed without further verification.",FAKE,Politics,Social Media/Unverified,Author_146,2026-04-25,Canada,English,37,False,0.23,2456,15770,10784
899,Online message says students can receive guaranteed jobs by sharing one post,"An unverified internet post claims that online message says students can receive guaranteed jobs by sharing one post. No dependable evidence is provided in the message, so the information should not be treated as confirmed without further verification.",FAKE,Science,Social Media/Unverified,Author_5,2026-05-26,USA,English,38,False,0.14,92496,75968,7278
900,Viral post claims a common household item can completely cure every disease,A viral online claim says that viral post claims a common household item can completely cure every disease. The post provides dramatic details but does not identify a reliable official source or independent evidence. Readers should verify the claim before sharing it.,FAKE,Business,Social Media/Unverified,Author_103,2026-01-16,India,English,42,False,0.17,23669,54391,394
901,Government announces new scholarship program for college students,"According to an update shared by relevant organizations, government announces new scholarship program for college students. The report focuses on the available information and encourages readers to verify details through reliable sources.",REAL,Business,Official/Reported,Author_98,2026-05-03,India,English,32,True,0.99,71022,22045,4675
902,Scientists discover a new method to improve solar panel efficiency,Officials and researchers have reported an update related to scientists discover a new method to improve solar panel efficiency. The information is being discussed through formal announcements and available reports. Readers are advised to check the original source for complete details.,REAL,Science,Official/Reported,Author_66,2026-02-05,UK,English,41,True,0.98,88956,22181,965
903,Local university opens a new artificial intelligence research center,"According to an update shared by relevant organizations, local university opens a new artificial intelligence research center. The report focuses on the available information and encourages readers to verify details through reliable sources.",REAL,Business,Official/Reported,Author_47,2026-01-23,India,English,33,True,0.82,12952,41953,2334
904,New public transport route launched to connect rural areas,"A recent report discusses new public transport route launched to connect rural areas. The development has attracted public attention, while further details are expected from relevant authorities and organizations.",REAL,Business,Official/Reported,Author_67,2026-07-27,India,English,29,True,0.76,31417,78255,9601
905,Researchers publish study on reducing plastic waste in cities,Officials and researchers have reported an update related to researchers publish study on reducing plastic waste in cities. The information is being discussed through formal announcements and available reports. Readers are advised to check the original source for complete details.,REAL,Entertainment,Official/Reported,Author_131,2026-07-04,UK,English,40,True,0.76,60935,72503,6669
906,Health department releases updated vaccination schedule,Officials and researchers have reported an update related to health department releases updated vaccination schedule. The information is being discussed through formal announcements and available reports. Readers are advised to check the original source for complete details.,REAL,Entertainment,Official/Reported,Author_8,2026-07-21,USA,English,37,True,0.97,2450,35284,9077
907,National bank introduces updated digital payment security guidelines,"According to an update shared by relevant organizations, national bank introduces updated digital payment security guidelines. The report focuses on the available information and encourages readers to verify details through reliable sources.",REAL,Technology,Official/Reported,Author_64,2026-03-10,Australia,English,32,True,0.85,11008,65597,3333
908,Weather department issues rainfall advisory for several regions,Officials and researchers have reported an update related to weather department issues rainfall advisory for several regions. The information is being discussed through formal announcements and available reports. Readers are advised to check the original source for complete details.,REAL,Business,Official/Reported,Author_139,2026-03-26,USA,English,39,True,0.88,55552,72769,7401
909,University launches internship program for engineering students,Officials and researchers have reported an update related to university launches internship program for engineering students. The information is being discussed through formal announcements and available reports. Readers are advised to check the original source for complete details.,REAL,Politics,Official/Reported,Author_119,2026-05-21,USA,English,38,True,0.75,63211,35827,9795
910,Technology company releases a software update with security fixes,"A recent report discusses technology company releases a software update with security fixes. The development has attracted public attention, while further details are expected from relevant authorities and organizations.",REAL,Weather,Official/Reported,Author_90,2026-04-19,Australia,English,29,True,0.82,21167,70009,9225
911,Celebrity secretly becomes president of the country overnight,A viral online claim says that celebrity secretly becomes president of the country overnight. The post provides dramatic details but does not identify a reliable official source or independent evidence. Readers should verify the claim before sharing it.,FAKE,Health,Social Media/Unverified,Author_23,2026-07-23,India,English,38,False,0.34,95046,72943,4578
912,Scientists confirm that drinking one glass of water gives superpowers,Social media users are circulating a story claiming that scientists confirm that drinking one glass of water gives superpowers. The claim appears sensational and should be checked against trustworthy news organizations and official statements.,FAKE,Education,Social Media/Unverified,Author_130,2026-06-22,UK,English,34,False,0.27,98667,59343,4473
913,Government announces free smartphones for every citizen tomorrow,A viral online claim says that government announces free smartphones for every citizen tomorrow. The post provides dramatic details but does not identify a reliable official source or independent evidence. Readers should verify the claim before sharing it.,FAKE,Business,Social Media/Unverified,Author_88,2026-04-15,Australia,English,38,False,0.16,90691,17532,10591
914,New app claims it can predict every person's future with 100 percent accuracy,A viral online claim says that new app claims it can predict every person's future with 100 percent accuracy. The post provides dramatic details but does not identify a reliable official source or independent evidence. Readers should verify the claim before sharing it.,FAKE,Entertainment,Social Media/Unverified,Author_2,2026-01-22,USA,English,43,False,0.19,91300,64096,12492
915,Internet users discover a hidden button that makes phones charge instantly,Social media users are circulating a story claiming that internet users discover a hidden button that makes phones charge instantly. The claim appears sensational and should be checked against trustworthy news organizations and official statements.,FAKE,Technology,Social Media/Unverified,Author_20,2026-01-27,Canada,English,35,False,0.29,46277,49337,13557
916,Researchers prove that humans can survive without sleep for one year,"An unverified internet post claims that researchers prove that humans can survive without sleep for one year. No dependable evidence is provided in the message, so the information should not be treated as confirmed without further verification.",FAKE,Business,Social Media/Unverified,Author_100,2026-03-27,India,English,37,False,0.09,48569,25300,7283
917,Company announces that its laptop can run for ten years without charging,A viral online claim says that company announces that its laptop can run for ten years without charging. The post provides dramatic details but does not identify a reliable official source or independent evidence. Readers should verify the claim before sharing it.,FAKE,Education,Social Media/Unverified,Author_6,2026-05-22,UK,English,42,False,0.12,80415,39743,13245
918,Social media post claims the moon will disappear for seven days,"An unverified internet post claims that social media post claims the moon will disappear for seven days. No dependable evidence is provided in the message, so the information should not be treated as confirmed without further verification.",FAKE,Education,Social Media/Unverified,Author_60,2026-08-12,India,English,37,False,0.15,92290,79438,3425
919,Online message says students can receive guaranteed jobs by sharing one post,A viral online claim says that online message says students can receive guaranteed jobs by sharing one post. The post provides dramatic details but does not identify a reliable official source or independent evidence. Readers should verify the claim before sharing it.,FAKE,Education,Social Media/Unverified,Author_102,2026-02-28,UK,English,42,False,0.25,64761,22349,9040
920,Viral post claims a common household item can completely cure every disease,A viral online claim says that viral post claims a common household item can completely cure every disease. The post provides dramatic details but does not identify a reliable official source or independent evidence. Readers should verify the claim before sharing it.,FAKE,Science,Social Media/Unverified,Author_17,2026-03-24,India,English,42,False,0.09,74708,29884,14434
921,Government announces new scholarship program for college students,"According to an update shared by relevant organizations, government announces new scholarship program for college students. The report focuses on the available information and encourages readers to verify details through reliable sources.",REAL,Health,Official/Reported,Author_50,2026-01-23,Australia,English,32,True,0.9,89228,73420,14468
922,Scientists discover a new method to improve solar panel efficiency,"A recent report discusses scientists discover a new method to improve solar panel efficiency. The development has attracted public attention, while further details are expected from relevant authorities and organizations.",REAL,Politics,Official/Reported,Author_110,2026-01-28,UK,English,30,True,0.85,53340,35923,1994
923,Local university opens a new artificial intelligence research center,"According to an update shared by relevant organizations, local university opens a new artificial intelligence research center. The report focuses on the available information and encourages readers to verify details through reliable sources.",REAL,Entertainment,Official/Reported,Author_127,2026-06-17,India,English,33,True,0.96,29441,6160,4553
924,New public transport route launched to connect rural areas,"A recent report discusses new public transport route launched to connect rural areas. The development has attracted public attention, while further details are expected from relevant authorities and organizations.",REAL,Entertainment,Official/Reported,Author_81,2026-01-13,USA,English,29,True,0.83,74959,3330,12082
925,Researchers publish study on reducing plastic waste in cities,Officials and researchers have reported an update related to researchers publish study on reducing plastic waste in cities. The information is being discussed through formal announcements and available reports. Readers are advised to check the original source for complete details.,REAL,Weather,Official/Reported,Author_20,2026-04-07,USA,English,40,True,0.83,8247,12683,456
926,Health department releases updated vaccination schedule,"A recent report discusses health department releases updated vaccination schedule. The development has attracted public attention, while further details are expected from relevant authorities and organizations.",REAL,Weather,Official/Reported,Author_7,2026-06-27,UK,English,26,True,0.81,62082,31247,5583
927,National bank introduces updated digital payment security guidelines,Officials and researchers have reported an update related to national bank introduces updated digital payment security guidelines. The information is being discussed through formal announcements and available reports. Readers are advised to check the original source for complete details.,REAL,Business,Official/Reported,Author_134,2026-04-03,Australia,English,39,True,0.9,12549,58522,9485
928,Weather department issues rainfall advisory for several regions,Officials and researchers have reported an update related to weather department issues rainfall advisory for several regions. The information is being discussed through formal announcements and available reports. Readers are advised to check the original source for complete details.,REAL,Technology,Official/Reported,Author_16,2026-01-13,UK,English,39,True,0.96,90890,8528,12822
929,University launches internship program for engineering students,Officials and researchers have reported an update related to university launches internship program for engineering students. The information is being discussed through formal announcements and available reports. Readers are advised to check the original source for complete details.,REAL,Politics,Official/Reported,Author_114,2026-01-10,Australia,English,38,True,0.9,8633,13351,11101
930,Technology company releases a software update with security fixes,Officials and researchers have reported an update related to technology company releases a software update with security fixes. The information is being discussed through formal announcements and available reports. Readers are advised to check the original source for complete details.,REAL,Politics,Official/Reported,Author_76,2026-07-13,India,English,40,True,0.9,53894,30559,14165
931,Celebrity secretly becomes president of the country overnight,"An unverified internet post claims that celebrity secretly becomes president of the country overnight. No dependable evidence is provided in the message, so the information should not be treated as confirmed without further verification.",FAKE,Politics,Social Media/Unverified,Author_117,2026-07-15,Canada,English,34,False,0.36,81173,13279,5564
932,Scientists confirm that drinking one glass of water gives superpowers,"An unverified internet post claims that scientists confirm that drinking one glass of water gives superpowers. No dependable evidence is provided in the message, so the information should not be treated as confirmed without further verification.",FAKE,Politics,Social Media/Unverified,Author_117,2026-06-19,USA,English,36,False,0.09,1620,78015,11686
933,Government announces free smartphones for every citizen tomorrow,A viral online claim says that government announces free smartphones for every citizen tomorrow. The post provides dramatic details but does not identify a reliable official source or independent evidence. Readers should verify the claim before sharing it.,FAKE,Education,Social Media/Unverified,Author_147,2026-03-21,Australia,English,38,False,0.14,55192,63102,11872
934,New app claims it can predict every person's future with 100 percent accuracy,"An unverified internet post claims that new app claims it can predict every person's future with 100 percent accuracy. No dependable evidence is provided in the message, so the information should not be treated as confirmed without further verification.",FAKE,Entertainment,Social Media/Unverified,Author_48,2026-04-05,India,English,39,False,0.07,40860,76619,7140
935,Internet users discover a hidden button that makes phones charge instantly,"An unverified internet post claims that internet users discover a hidden button that makes phones charge instantly. No dependable evidence is provided in the message, so the information should not be treated as confirmed without further verification.",FAKE,Business,Social Media/Unverified,Author_80,2026-03-05,Canada,English,37,False,0.16,44954,38155,6042
936,Researchers prove that humans can survive without sleep for one year,A viral online claim says that researchers prove that humans can survive without sleep for one year. The post provides dramatic details but does not identify a reliable official source or independent evidence. Readers should verify the claim before sharing it.,FAKE,Science,Social Media/Unverified,Author_15,2026-04-17,Australia,English,41,False,0.35,55330,45069,3201
937,Company announces that its laptop can run for ten years without charging,A viral online claim says that company announces that its laptop can run for ten years without charging. The post provides dramatic details but does not identify a reliable official source or independent evidence. Readers should verify the claim before sharing it.,FAKE,Education,Social Media/Unverified,Author_18,2026-06-07,Canada,English,42,False,0.29,61273,78617,11344
938,Social media post claims the moon will disappear for seven days,Social media users are circulating a story claiming that social media post claims the moon will disappear for seven days. The claim appears sensational and should be checked against trustworthy news organizations and official statements.,FAKE,Business,Social Media/Unverified,Author_77,2026-07-11,USA,English,35,False,0.09,5540,65007,3594
939,Online message says students can receive guaranteed jobs by sharing one post,A viral online claim says that online message says students can receive guaranteed jobs by sharing one post. The post provides dramatic details but does not identify a reliable official source or independent evidence. Readers should verify the claim before sharing it.,FAKE,Education,Social Media/Unverified,Author_59,2026-08-20,USA,English,42,False,0.13,96293,43457,13226
940,Viral post claims a common household item can completely cure every disease,"An unverified internet post claims that viral post claims a common household item can completely cure every disease. No dependable evidence is provided in the message, so the information should not be treated as confirmed without further verification.",FAKE,Weather,Social Media/Unverified,Author_53,2026-07-06,India,English,38,False,0.18,9674,46913,491
941,Government announces new scholarship program for college students,"According to an update shared by relevant organizations, government announces new scholarship program for college students. The report focuses on the available information and encourages readers to verify details through reliable sources.",REAL,Technology,Official/Reported,Author_37,2026-05-15,USA,English,32,True,0.9,47184,5759,486
942,Scientists discover a new method to improve solar panel efficiency,Officials and researchers have reported an update related to scientists discover a new method to improve solar panel efficiency. The information is being discussed through formal announcements and available reports. Readers are advised to check the original source for complete details.,REAL,Education,Official/Reported,Author_73,2026-03-08,UK,English,41,True,0.92,44550,72685,4029
943,Local university opens a new artificial intelligence research center,Officials and researchers have reported an update related to local university opens a new artificial intelligence research center. The information is being discussed through formal announcements and available reports. Readers are advised to check the original source for complete details.,REAL,Education,Official/Reported,Author_6,2026-03-27,UK,English,40,True,0.97,2761,17993,6208
944,New public transport route launched to connect rural areas,"According to an update shared by relevant organizations, new public transport route launched to connect rural areas. The report focuses on the available information and encourages readers to verify details through reliable sources.",REAL,Technology,Official/Reported,Author_87,2026-04-10,Canada,English,33,True,0.81,48814,22465,8633
945,Researchers publish study on reducing plastic waste in cities,"According to an update shared by relevant organizations, researchers publish study on reducing plastic waste in cities. The report focuses on the available information and encourages readers to verify details through reliable sources.",REAL,Weather,Official/Reported,Author_17,2026-02-05,USA,English,33,True,0.94,25134,69808,6196
946,Health department releases updated vaccination schedule,"According to an update shared by relevant organizations, health department releases updated vaccination schedule. The report focuses on the available information and encourages readers to verify details through reliable sources.",REAL,Business,Official/Reported,Author_82,2026-07-21,USA,English,30,True,0.97,80754,76986,3098
947,National bank introduces updated digital payment security guidelines,"According to an update shared by relevant organizations, national bank introduces updated digital payment security guidelines. The report focuses on the available information and encourages readers to verify details through reliable sources.",REAL,Health,Official/Reported,Author_39,2026-06-08,India,English,32,True,0.9,36719,16580,13951
948,Weather department issues rainfall advisory for several regions,"According to an update shared by relevant organizations, weather department issues rainfall advisory for several regions. The report focuses on the available information and encourages readers to verify details through reliable sources.",REAL,Entertainment,Official/Reported,Author_54,2026-02-26,Canada,English,32,True,0.94,80604,8508,2743
949,University launches internship program for engineering students,"According to an update shared by relevant organizations, university launches internship program for engineering students. The report focuses on the available information and encourages readers to verify details through reliable sources.",REAL,Weather,Official/Reported,Author_131,2026-06-16,Australia,English,31,True,0.86,42192,49010,8609
950,Technology company releases a software update with security fixes,"According to an update shared by relevant organizations, technology company releases a software update with security fixes. The report focuses on the available information and encourages readers to verify details through reliable sources.",REAL,Entertainment,Official/Reported,Author_127,2026-08-09,Australia,English,33,True,0.85,76553,4802,3394
951,Celebrity secretly becomes president of the country overnight,A viral online claim says that celebrity secretly becomes president of the country overnight. The post provides dramatic details but does not identify a reliable official source or independent evidence. Readers should verify the claim before sharing it.,FAKE,Education,Social Media/Unverified,Author_116,2026-04-13,USA,English,38,False,0.16,49435,74895,2575
952,Scientists confirm that drinking one glass of water gives superpowers,Social media users are circulating a story claiming that scientists confirm that drinking one glass of water gives superpowers. The claim appears sensational and should be checked against trustworthy news organizations and official statements.,FAKE,Health,Social Media/Unverified,Author_141,2026-02-05,India,English,34,False,0.15,68012,46086,3771
953,Government announces free smartphones for every citizen tomorrow,"An unverified internet post claims that government announces free smartphones for every citizen tomorrow. No dependable evidence is provided in the message, so the information should not be treated as confirmed without further verification.",FAKE,Politics,Social Media/Unverified,Author_120,2026-06-14,Canada,English,34,False,0.21,53612,48175,13181
954,New app claims it can predict every person's future with 100 percent accuracy,Social media users are circulating a story claiming that new app claims it can predict every person's future with 100 percent accuracy. The claim appears sensational and should be checked against trustworthy news organizations and official statements.,FAKE,Business,Social Media/Unverified,Author_70,2026-07-01,USA,English,37,False,0.2,34825,9951,5883
955,Internet users discover a hidden button that makes phones charge instantly,A viral online claim says that internet users discover a hidden button that makes phones charge instantly. The post provides dramatic details but does not identify a reliable official source or independent evidence. Readers should verify the claim before sharing it.,FAKE,Health,Social Media/Unverified,Author_129,2026-02-26,UK,English,41,False,0.37,12908,15548,1168
956,Researchers prove that humans can survive without sleep for one year,Social media users are circulating a story claiming that researchers prove that humans can survive without sleep for one year. The claim appears sensational and should be checked against trustworthy news organizations and official statements.,FAKE,Politics,Social Media/Unverified,Author_140,2026-04-11,USA,English,35,False,0.29,32781,39682,12209
957,Company announces that its laptop can run for ten years without charging,"An unverified internet post claims that company announces that its laptop can run for ten years without charging. No dependable evidence is provided in the message, so the information should not be treated as confirmed without further verification.",FAKE,Health,Social Media/Unverified,Author_49,2026-03-28,Australia,English,38,False,0.37,1128,39257,4617
958,Social media post claims the moon will disappear for seven days,Social media users are circulating a story claiming that social media post claims the moon will disappear for seven days. The claim appears sensational and should be checked against trustworthy news organizations and official statements.,FAKE,Weather,Social Media/Unverified,Author_104,2026-01-16,Australia,English,35,False,0.4,19576,52106,3728
959,Online message says students can receive guaranteed jobs by sharing one post,A viral online claim says that online message says students can receive guaranteed jobs by sharing one post. The post provides dramatic details but does not identify a reliable official source or independent evidence. Readers should verify the claim before sharing it.,FAKE,Education,Social Media/Unverified,Author_122,2026-04-17,Australia,English,42,False,0.33,99312,61443,11837
960,Viral post claims a common household item can completely cure every disease,Social media users are circulating a story claiming that viral post claims a common household item can completely cure every disease. The claim appears sensational and should be checked against trustworthy news organizations and official statements.,FAKE,Business,Social Media/Unverified,Author_22,2026-06-28,USA,English,36,False,0.2,91490,54752,3433
961,Government announces new scholarship program for college students,"A recent report discusses government announces new scholarship program for college students. The development has attracted public attention, while further details are expected from relevant authorities and organizations.",REAL,Entertainment,Official/Reported,Author_143,2026-01-12,USA,English,28,True,0.89,16832,40056,12088
962,Scientists discover a new method to improve solar panel efficiency,Officials and researchers have reported an update related to scientists discover a new method to improve solar panel efficiency. The information is being discussed through formal announcements and available reports. Readers are advised to check the original source for complete details.,REAL,Entertainment,Official/Reported,Author_91,2026-06-08,Canada,English,41,True,0.85,98658,52875,12498
963,Local university opens a new artificial intelligence research center,"According to an update shared by relevant organizations, local university opens a new artificial intelligence research center. The report focuses on the available information and encourages readers to verify details through reliable sources.",REAL,Health,Official/Reported,Author_84,2026-01-19,India,English,33,True,0.97,20154,43291,9309
964,New public transport route launched to connect rural areas,"According to an update shared by relevant organizations, new public transport route launched to connect rural areas. The report focuses on the available information and encourages readers to verify details through reliable sources.",REAL,Weather,Official/Reported,Author_98,2026-04-13,India,English,33,True,0.88,24695,62235,1779
965,Researchers publish study on reducing plastic waste in cities,"A recent report discusses researchers publish study on reducing plastic waste in cities. The development has attracted public attention, while further details are expected from relevant authorities and organizations.",REAL,Entertainment,Official/Reported,Author_78,2026-02-06,India,English,29,True,0.91,23293,4207,13540
966,Health department releases updated vaccination schedule,"According to an update shared by relevant organizations, health department releases updated vaccination schedule. The report focuses on the available information and encourages readers to verify details through reliable sources.",REAL,Entertainment,Official/Reported,Author_7,2026-03-07,India,English,30,True,0.97,50589,37205,3373
967,National bank introduces updated digital payment security guidelines,Officials and researchers have reported an update related to national bank introduces updated digital payment security guidelines. The information is being discussed through formal announcements and available reports. Readers are advised to check the original source for complete details.,REAL,Health,Official/Reported,Author_135,2026-02-15,India,English,39,True,0.84,1457,22526,5353
968,Weather department issues rainfall advisory for several regions,"A recent report discusses weather department issues rainfall advisory for several regions. The development has attracted public attention, while further details are expected from relevant authorities and organizations.",REAL,Weather,Official/Reported,Author_41,2026-02-05,Australia,English,28,True,0.85,97415,9017,6373
969,University launches internship program for engineering students,Officials and researchers have reported an update related to university launches internship program for engineering students. The information is being discussed through formal announcements and available reports. Readers are advised to check the original source for complete details.,REAL,Science,Official/Reported,Author_53,2026-05-14,Canada,English,38,True,0.79,75388,40678,9625
970,Technology company releases a software update with security fixes,Officials and researchers have reported an update related to technology company releases a software update with security fixes. The information is being discussed through formal announcements and available reports. Readers are advised to check the original source for complete details.,REAL,Entertainment,Official/Reported,Author_71,2026-04-01,USA,English,40,True,0.86,52338,79283,13231
971,Celebrity secretly becomes president of the country overnight,A viral online claim says that celebrity secretly becomes president of the country overnight. The post provides dramatic details but does not identify a reliable official source or independent evidence. Readers should verify the claim before sharing it.,FAKE,Business,Social Media/Unverified,Author_146,2026-08-15,Canada,English,38,False,0.25,96648,11946,4717
972,Scientists confirm that drinking one glass of water gives superpowers,"An unverified internet post claims that scientists confirm that drinking one glass of water gives superpowers. No dependable evidence is provided in the message, so the information should not be treated as confirmed without further verification.",FAKE,Entertainment,Social Media/Unverified,Author_89,2026-05-13,Australia,English,36,False,0.34,22964,54406,4081
973,Government announces free smartphones for every citizen tomorrow,A viral online claim says that government announces free smartphones for every citizen tomorrow. The post provides dramatic details but does not identify a reliable official source or independent evidence. Readers should verify the claim before sharing it.,FAKE,Weather,Social Media/Unverified,Author_118,2026-07-22,USA,English,38,False,0.29,12531,51588,11446
974,New app claims it can predict every person's future with 100 percent accuracy,A viral online claim says that new app claims it can predict every person's future with 100 percent accuracy. The post provides dramatic details but does not identify a reliable official source or independent evidence. Readers should verify the claim before sharing it.,FAKE,Education,Social Media/Unverified,Author_41,2026-05-21,Australia,English,43,False,0.15,8758,28481,14888
975,Internet users discover a hidden button that makes phones charge instantly,Social media users are circulating a story claiming that internet users discover a hidden button that makes phones charge instantly. The claim appears sensational and should be checked against trustworthy news organizations and official statements.,FAKE,Weather,Social Media/Unverified,Author_142,2026-02-12,India,English,35,False,0.31,66122,42736,6719
976,Researchers prove that humans can survive without sleep for one year,Social media users are circulating a story claiming that researchers prove that humans can survive without sleep for one year. The claim appears sensational and should be checked against trustworthy news organizations and official statements.,FAKE,Science,Social Media/Unverified,Author_65,2026-04-17,India,English,35,False,0.21,9603,60547,6244
977,Company announces that its laptop can run for ten years without charging,Social media users are circulating a story claiming that company announces that its laptop can run for ten years without charging. The claim appears sensational and should be checked against trustworthy news organizations and official statements.,FAKE,Weather,Social Media/Unverified,Author_50,2026-07-02,India,English,36,False,0.14,92953,17893,5359
978,Social media post claims the moon will disappear for seven days,"An unverified internet post claims that social media post claims the moon will disappear for seven days. No dependable evidence is provided in the message, so the information should not be treated as confirmed without further verification.",FAKE,Entertainment,Social Media/Unverified,Author_125,2026-08-03,India,English,37,False,0.24,31767,57378,2297
979,Online message says students can receive guaranteed jobs by sharing one post,Social media users are circulating a story claiming that online message says students can receive guaranteed jobs by sharing one post. The claim appears sensational and should be checked against trustworthy news organizations and official statements.,FAKE,Health,Social Media/Unverified,Author_42,2026-03-27,India,English,36,False,0.26,23240,38559,2034
980,Viral post claims a common household item can completely cure every disease,"An unverified internet post claims that viral post claims a common household item can completely cure every disease. No dependable evidence is provided in the message, so the information should not be treated as confirmed without further verification.",FAKE,Weather,Social Media/Unverified,Author_44,2026-02-22,India,English,38,False,0.29,20129,57762,5866
981,Government announces new scholarship program for college students,Officials and researchers have reported an update related to government announces new scholarship program for college students. The information is being discussed through formal announcements and available reports. Readers are advised to check the original source for complete details.,REAL,Education,Official/Reported,Author_9,2026-04-15,India,English,39,True,0.95,68544,13478,6399
982,Scientists discover a new method to improve solar panel efficiency,"According to an update shared by relevant organizations, scientists discover a new method to improve solar panel efficiency. The report focuses on the available information and encourages readers to verify details through reliable sources.",REAL,Health,Official/Reported,Author_114,2026-01-20,India,English,34,True,0.76,49475,26447,4091
983,Local university opens a new artificial intelligence research center,"A recent report discusses local university opens a new artificial intelligence research center. The development has attracted public attention, while further details are expected from relevant authorities and organizations.",REAL,Education,Official/Reported,Author_52,2026-02-01,Canada,English,29,True,0.76,1918,44191,13443
984,New public transport route launched to connect rural areas,Officials and researchers have reported an update related to new public transport route launched to connect rural areas. The information is being discussed through formal announcements and available reports. Readers are advised to check the original source for complete details.,REAL,Technology,Official/Reported,Author_57,2026-02-26,USA,English,40,True,0.92,5778,54489,8396
985,Researchers publish study on reducing plastic waste in cities,Officials and researchers have reported an update related to researchers publish study on reducing plastic waste in cities. The information is being discussed through formal announcements and available reports. Readers are advised to check the original source for complete details.,REAL,Business,Official/Reported,Author_83,2026-04-20,USA,English,40,True,0.97,51791,56088,1979
986,Health department releases updated vaccination schedule,Officials and researchers have reported an update related to health department releases updated vaccination schedule. The information is being discussed through formal announcements and available reports. Readers are advised to check the original source for complete details.,REAL,Education,Official/Reported,Author_28,2026-06-11,USA,English,37,True,0.75,85730,41455,196
987,National bank introduces updated digital payment security guidelines,"A recent report discusses national bank introduces updated digital payment security guidelines. The development has attracted public attention, while further details are expected from relevant authorities and organizations.",REAL,Education,Official/Reported,Author_118,2026-04-03,UK,English,28,True,0.91,48372,5764,1103
988,Weather department issues rainfall advisory for several regions,Officials and researchers have reported an update related to weather department issues rainfall advisory for several regions. The information is being discussed through formal announcements and available reports. Readers are advised to check the original source for complete details.,REAL,Weather,Official/Reported,Author_78,2026-08-04,Australia,English,39,True,0.94,74616,22478,4127
989,University launches internship program for engineering students,Officials and researchers have reported an update related to university launches internship program for engineering students. The information is being discussed through formal announcements and available reports. Readers are advised to check the original source for complete details.,REAL,Business,Official/Reported,Author_100,2026-03-11,USA,English,38,True,0.9,90138,41681,13951
990,Technology company releases a software update with security fixes,"According to an update shared by relevant organizations, technology company releases a software update with security fixes. The report focuses on the available information and encourages readers to verify details through reliable sources.",REAL,Entertainment,Official/Reported,Author_18,2026-06-01,Australia,English,33,True,0.97,58849,50123,8372
991,Celebrity secretly becomes president of the country overnight,"An unverified internet post claims that celebrity secretly becomes president of the country overnight. No dependable evidence is provided in the message, so the information should not be treated as confirmed without further verification.",FAKE,Education,Social Media/Unverified,Author_129,2026-01-08,India,English,34,False,0.27,16270,40486,3873
992,Scientists confirm that drinking one glass of water gives superpowers,"An unverified internet post claims that scientists confirm that drinking one glass of water gives superpowers. No dependable evidence is provided in the message, so the information should not be treated as confirmed without further verification.",FAKE,Weather,Social Media/Unverified,Author_63,2026-02-02,USA,English,36,False,0.18,38887,26483,2484
993,Government announces free smartphones for every citizen tomorrow,Social media users are circulating a story claiming that government announces free smartphones for every citizen tomorrow. The claim appears sensational and should be checked against trustworthy news organizations and official statements.,FAKE,Education,Social Media/Unverified,Author_10,2026-04-24,Australia,English,32,False,0.4,58170,43087,2199
994,New app claims it can predict every person's future with 100 percent accuracy,Social media users are circulating a story claiming that new app claims it can predict every person's future with 100 percent accuracy. The claim appears sensational and should be checked against trustworthy news organizations and official statements.,FAKE,Business,Social Media/Unverified,Author_11,2026-07-21,UK,English,37,False,0.31,30026,43425,5615
995,Internet users discover a hidden button that makes phones charge instantly,A viral online claim says that internet users discover a hidden button that makes phones charge instantly. The post provides dramatic details but does not identify a reliable official source or independent evidence. Readers should verify the claim before sharing it.,FAKE,Education,Social Media/Unverified,Author_139,2026-01-22,USA,English,41,False,0.33,91272,29161,9962
996,Researchers prove that humans can survive without sleep for one year,Social media users are circulating a story claiming that researchers prove that humans can survive without sleep for one year. The claim appears sensational and should be checked against trustworthy news organizations and official statements.,FAKE,Business,Social Media/Unverified,Author_47,2026-08-21,India,English,35,False,0.07,64450,9178,3153
997,Company announces that its laptop can run for ten years without charging,A viral online claim says that company announces that its laptop can run for ten years without charging. The post provides dramatic details but does not identify a reliable official source or independent evidence. Readers should verify the claim before sharing it.,FAKE,Science,Social Media/Unverified,Author_53,2026-03-03,USA,English,42,False,0.26,26797,30978,8313
998,Social media post claims the moon will disappear for seven days,A viral online claim says that social media post claims the moon will disappear for seven days. The post provides dramatic details but does not identify a reliable official source or independent evidence. Readers should verify the claim before sharing it.,FAKE,Weather,Social Media/Unverified,Author_120,2026-05-06,USA,English,41,False,0.14,23135,79415,4079
999,Online message says students can receive guaranteed jobs by sharing one post,Social media users are circulating a story claiming that online message says students can receive guaranteed jobs by sharing one post. The claim appears sensational and should be checked against trustworthy news organizations and official statements.,FAKE,Health,Social Media/Unverified,Author_148,2026-08-21,USA,English,36,False,0.15,63078,10492,5891
1000,Viral post claims a common household item can completely cure every disease,Social media users are circulating a story claiming that viral post claims a common household item can completely cure every disease. The claim appears sensational and should be checked against trustworthy news organizations and official statements.,FAKE,Weather,Social Media/Unverified,Author_43,2026-08-15,Canada,English,36,False,0.23,96338,56815,12457
1001,Government announces new scholarship program for college students,Officials and researchers have reported an update related to government announces new scholarship program for college students. The information is being discussed through formal announcements and available reports. Readers are advised to check the original source for complete details.,REAL,Entertainment,Official/Reported,Author_6,2026-07-14,India,English,39,True,0.93,39361,78016,8801
1002,Scientists discover a new method to improve solar panel efficiency,Officials and researchers have reported an update related to scientists discover a new method to improve solar panel efficiency. The information is being discussed through formal announcements and available reports. Readers are advised to check the original source for complete details.,REAL,Science,Official/Reported,Author_66,2026-07-15,UK,English,41,True,0.86,49181,73686,9929
1003,Local university opens a new artificial intelligence research center,"A recent report discusses local university opens a new artificial intelligence research center. The development has attracted public attention, while further details are expected from relevant authorities and organizations.",REAL,Technology,Official/Reported,Author_86,2026-03-23,Canada,English,29,True,0.8,24864,552,210
1004,New public transport route launched to connect rural areas,"According to an update shared by relevant organizations, new public transport route launched to connect rural areas. The report focuses on the available information and encourages readers to verify details through reliable sources.",REAL,Business,Official/Reported,Author_126,2026-07-14,Canada,English,33,True,0.98,48918,50341,8020
1005,Researchers publish study on reducing plastic waste in cities,"A recent report discusses researchers publish study on reducing plastic waste in cities. The development has attracted public attention, while further details are expected from relevant authorities and organizations.",REAL,Technology,Official/Reported,Author_105,2026-01-04,Canada,English,29,True,0.97,21291,25462,12500
1006,Health department releases updated vaccination schedule,"A recent report discusses health department releases updated vaccination schedule. The development has attracted public attention, while further details are expected from relevant authorities and organizations.",REAL,Health,Official/Reported,Author_90,2026-08-21,UK,English,26,True,0.92,85325,50511,6947
1007,National bank introduces updated digital payment security guidelines,"According to an update shared by relevant organizations, national bank introduces updated digital payment security guidelines. The report focuses on the available information and encourages readers to verify details through reliable sources.",REAL,Education,Official/Reported,Author_63,2026-08-02,UK,English,32,True,0.9,88670,3708,11427
1008,Weather department issues rainfall advisory for several regions,"According to an update shared by relevant organizations, weather department issues rainfall advisory for several regions. The report focuses on the available information and encourages readers to verify details through reliable sources.",REAL,Science,Official/Reported,Author_67,2026-08-22,USA,English,32,True,0.81,78934,75809,10856
1009,University launches internship program for engineering students,Officials and researchers have reported an update related to university launches internship program for engineering students. The information is being discussed through formal announcements and available reports. Readers are advised to check the original source for complete details.,REAL,Politics,Official/Reported,Author_30,2026-02-21,Canada,English,38,True,0.85,76839,10536,8495
1010,Technology company releases a software update with security fixes,Officials and researchers have reported an update related to technology company releases a software update with security fixes. The information is being discussed through formal announcements and available reports. Readers are advised to check the original source for complete details.,REAL,Weather,Official/Reported,Author_43,2026-07-09,UK,English,40,True,0.87,69897,50177,9602
1011,Celebrity secretly becomes president of the country overnight,Social media users are circulating a story claiming that celebrity secretly becomes president of the country overnight. The claim appears sensational and should be checked against trustworthy news organizations and official statements.,FAKE,Weather,Social Media/Unverified,Author_23,2026-02-21,Australia,English,32,False,0.32,45150,18710,4407
1012,Scientists confirm that drinking one glass of water gives superpowers,"An unverified internet post claims that scientists confirm that drinking one glass of water gives superpowers. No dependable evidence is provided in the message, so the information should not be treated as confirmed without further verification.",FAKE,Education,Social Media/Unverified,Author_102,2026-05-01,USA,English,36,False,0.34,216,12702,1144
1013,Government announces free smartphones for every citizen tomorrow,"An unverified internet post claims that government announces free smartphones for every citizen tomorrow. No dependable evidence is provided in the message, so the information should not be treated as confirmed without further verification.",FAKE,Weather,Social Media/Unverified,Author_135,2026-07-21,UK,English,34,False,0.31,22375,23126,6138
1014,New app claims it can predict every person's future with 100 percent accuracy,A viral online claim says that new app claims it can predict every person's future with 100 percent accuracy. The post provides dramatic details but does not identify a reliable official source or independent evidence. Readers should verify the claim before sharing it.,FAKE,Science,Social Media/Unverified,Author_51,2026-08-06,Australia,English,43,False,0.38,59079,74334,13342
1015,Internet users discover a hidden button that makes phones charge instantly,A viral online claim says that internet users discover a hidden button that makes phones charge instantly. The post provides dramatic details but does not identify a reliable official source or independent evidence. Readers should verify the claim before sharing it.,FAKE,Science,Social Media/Unverified,Author_52,2026-01-24,USA,English,41,False,0.33,25160,33998,14782
1016,Researchers prove that humans can survive without sleep for one year,Social media users are circulating a story claiming that researchers prove that humans can survive without sleep for one year. The claim appears sensational and should be checked against trustworthy news organizations and official statements.,FAKE,Entertainment,Social Media/Unverified,Author_28,2026-03-03,UK,English,35,False,0.08,16352,36280,1052
1017,Company announces that its laptop can run for ten years without charging,Social media users are circulating a story claiming that company announces that its laptop can run for ten years without charging. The claim appears sensational and should be checked against trustworthy news organizations and official statements.,FAKE,Politics,Social Media/Unverified,Author_150,2026-04-16,Canada,English,36,False,0.29,13223,1251,1000
1018,Social media post claims the moon will disappear for seven days,Social media users are circulating a story claiming that social media post claims the moon will disappear for seven days. The claim appears sensational and should be checked against trustworthy news organizations and official statements.,FAKE,Politics,Social Media/Unverified,Author_150,2026-01-04,USA,English,35,False,0.23,961,49244,9879
1019,Online message says students can receive guaranteed jobs by sharing one post,"An unverified internet post claims that online message says students can receive guaranteed jobs by sharing one post. No dependable evidence is provided in the message, so the information should not be treated as confirmed without further verification.",FAKE,Health,Social Media/Unverified,Author_125,2026-08-25,UK,English,38,False,0.26,44122,48604,11171
1020,Viral post claims a common household item can completely cure every disease,Social media users are circulating a story claiming that viral post claims a common household item can completely cure every disease. The claim appears sensational and should be checked against trustworthy news organizations and official statements.,FAKE,Business,Social Media/Unverified,Author_62,2026-06-22,Canada,English,36,False,0.18,7512,46670,14304
1021,Government announces new scholarship program for college students,"A recent report discusses government announces new scholarship program for college students. The development has attracted public attention, while further details are expected from relevant authorities and organizations.",REAL,Technology,Official/Reported,Author_1,2026-08-28,Canada,English,28,True,0.92,18211,3370,9861
1022,Scientists discover a new method to improve solar panel efficiency,Officials and researchers have reported an update related to scientists discover a new method to improve solar panel efficiency. The information is being discussed through formal announcements and available reports. Readers are advised to check the original source for complete details.,REAL,Health,Official/Reported,Author_64,2026-06-15,Australia,English,41,True,0.91,62295,67495,6768
1023,Local university opens a new artificial intelligence research center,"According to an update shared by relevant organizations, local university opens a new artificial intelligence research center. The report focuses on the available information and encourages readers to verify details through reliable sources.",REAL,Education,Official/Reported,Author_1,2026-06-01,UK,English,33,True,0.96,96454,42672,11107
1024,New public transport route launched to connect rural areas,"A recent report discusses new public transport route launched to connect rural areas. The development has attracted public attention, while further details are expected from relevant authorities and organizations.",REAL,Education,Official/Reported,Author_125,2026-07-24,Australia,English,29,True,0.94,45666,56092,7800
1025,Researchers publish study on reducing plastic waste in cities,"According to an update shared by relevant organizations, researchers publish study on reducing plastic waste in cities. The report focuses on the available information and encourages readers to verify details through reliable sources.",REAL,Technology,Official/Reported,Author_99,2026-05-20,USA,English,33,True,0.92,68174,74964,12859
1026,Health department releases updated vaccination schedule,"According to an update shared by relevant organizations, health department releases updated vaccination schedule. The report focuses on the available information and encourages readers to verify details through reliable sources.",REAL,Politics,Official/Reported,Author_33,2026-08-26,India,English,30,True,0.82,88229,71930,14332
1027,National bank introduces updated digital payment security guidelines,"A recent report discusses national bank introduces updated digital payment security guidelines. The development has attracted public attention, while further details are expected from relevant authorities and organizations.",REAL,Science,Official/Reported,Author_115,2026-02-16,Australia,English,28,True,0.81,27750,22343,12341
1028,Weather department issues rainfall advisory for several regions,"According to an update shared by relevant organizations, weather department issues rainfall advisory for several regions. The report focuses on the available information and encourages readers to verify details through reliable sources.",REAL,Technology,Official/Reported,Author_28,2026-07-23,India,English,32,True,0.79,42805,50269,12555
1029,University launches internship program for engineering students,"A recent report discusses university launches internship program for engineering students. The development has attracted public attention, while further details are expected from relevant authorities and organizations.",REAL,Education,Official/Reported,Author_66,2026-08-22,India,English,27,True,0.91,70073,64487,1481
1030,Technology company releases a software update with security fixes,"According to an update shared by relevant organizations, technology company releases a software update with security fixes. The report focuses on the available information and encourages readers to verify details through reliable sources.",REAL,Business,Official/Reported,Author_58,2026-02-21,UK,English,33,True,0.84,94046,50028,10713
1031,Celebrity secretly becomes president of the country overnight,"An unverified internet post claims that celebrity secretly becomes president of the country overnight. No dependable evidence is provided in the message, so the information should not be treated as confirmed without further verification.",FAKE,Weather,Social Media/Unverified,Author_60,2026-04-09,India,English,34,False,0.15,14609,11688,5574
1032,Scientists confirm that drinking one glass of water gives superpowers,"An unverified internet post claims that scientists confirm that drinking one glass of water gives superpowers. No dependable evidence is provided in the message, so the information should not be treated as confirmed without further verification.",FAKE,Education,Social Media/Unverified,Author_30,2026-06-05,UK,English,36,False,0.38,75627,225,5092
1033,Government announces free smartphones for every citizen tomorrow,A viral online claim says that government announces free smartphones for every citizen tomorrow. The post provides dramatic details but does not identify a reliable official source or independent evidence. Readers should verify the claim before sharing it.,FAKE,Education,Social Media/Unverified,Author_100,2026-07-11,UK,English,38,False,0.33,16565,68129,10874
1034,New app claims it can predict every person's future with 100 percent accuracy,"An unverified internet post claims that new app claims it can predict every person's future with 100 percent accuracy. No dependable evidence is provided in the message, so the information should not be treated as confirmed without further verification.",FAKE,Education,Social Media/Unverified,Author_28,2026-07-01,Australia,English,39,False,0.35,41419,18971,13371
1035,Internet users discover a hidden button that makes phones charge instantly,Social media users are circulating a story claiming that internet users discover a hidden button that makes phones charge instantly. The claim appears sensational and should be checked against trustworthy news organizations and official statements.,FAKE,Education,Social Media/Unverified,Author_128,2026-08-05,Australia,English,35,False,0.15,97928,4506,9812
1036,Researchers prove that humans can survive without sleep for one year,Social media users are circulating a story claiming that researchers prove that humans can survive without sleep for one year. The claim appears sensational and should be checked against trustworthy news organizations and official statements.,FAKE,Health,Social Media/Unverified,Author_129,2026-02-09,Australia,English,35,False,0.22,28282,64888,4775
1037,Company announces that its laptop can run for ten years without charging,"An unverified internet post claims that company announces that its laptop can run for ten years without charging. No dependable evidence is provided in the message, so the information should not be treated as confirmed without further verification.",FAKE,Weather,Social Media/Unverified,Author_16,2026-06-05,USA,English,38,False,0.35,29510,6894,14179
1038,Social media post claims the moon will disappear for seven days,A viral online claim says that social media post claims the moon will disappear for seven days. The post provides dramatic details but does not identify a reliable official source or independent evidence. Readers should verify the claim before sharing it.,FAKE,Entertainment,Social Media/Unverified,Author_101,2026-05-27,USA,English,41,False,0.4,71829,51422,5528
1039,Online message says students can receive guaranteed jobs by sharing one post,Social media users are circulating a story claiming that online message says students can receive guaranteed jobs by sharing one post. The claim appears sensational and should be checked against trustworthy news organizations and official statements.,FAKE,Entertainment,Social Media/Unverified,Author_90,2026-07-13,India,English,36,False,0.23,37108,37015,11409
1040,Viral post claims a common household item can completely cure every disease,A viral online claim says that viral post claims a common household item can completely cure every disease. The post provides dramatic details but does not identify a reliable official source or independent evidence. Readers should verify the claim before sharing it.,FAKE,Weather,Social Media/Unverified,Author_25,2026-03-11,Australia,English,42,False,0.35,7104,39860,7496
1041,Government announces new scholarship program for college students,"According to an update shared by relevant organizations, government announces new scholarship program for college students. The report focuses on the available information and encourages readers to verify details through reliable sources.",REAL,Science,Official/Reported,Author_148,2026-03-15,Canada,English,32,True,0.82,18992,27499,3573
1042,Scientists discover a new method to improve solar panel efficiency,"According to an update shared by relevant organizations, scientists discover a new method to improve solar panel efficiency. The report focuses on the available information and encourages readers to verify details through reliable sources.",REAL,Education,Official/Reported,Author_3,2026-06-24,Australia,English,34,True,0.77,19356,49360,6997
1043,Local university opens a new artificial intelligence research center,"According to an update shared by relevant organizations, local university opens a new artificial intelligence research center. The report focuses on the available information and encourages readers to verify details through reliable sources.",REAL,Science,Official/Reported,Author_15,2026-02-12,Canada,English,33,True,0.79,6887,15385,8444
1044,New public transport route launched to connect rural areas,"According to an update shared by relevant organizations, new public transport route launched to connect rural areas. The report focuses on the available information and encourages readers to verify details through reliable sources.",REAL,Business,Official/Reported,Author_112,2026-03-21,Canada,English,33,True,0.81,15581,31574,6498
1045,Researchers publish study on reducing plastic waste in cities,"A recent report discusses researchers publish study on reducing plastic waste in cities. The development has attracted public attention, while further details are expected from relevant authorities and organizations.",REAL,Health,Official/Reported,Author_45,2026-07-25,India,English,29,True,0.94,85247,50087,4509
1046,Health department releases updated vaccination schedule,"According to an update shared by relevant organizations, health department releases updated vaccination schedule. The report focuses on the available information and encourages readers to verify details through reliable sources.",REAL,Entertainment,Official/Reported,Author_95,2026-01-04,India,English,30,True,0.77,64132,66818,3685
1047,National bank introduces updated digital payment security guidelines,Officials and researchers have reported an update related to national bank introduces updated digital payment security guidelines. The information is being discussed through formal announcements and available reports. Readers are advised to check the original source for complete details.,REAL,Entertainment,Official/Reported,Author_71,2026-02-26,Australia,English,39,True,0.79,63473,56845,4888
1048,Weather department issues rainfall advisory for several regions,"According to an update shared by relevant organizations, weather department issues rainfall advisory for several regions. The report focuses on the available information and encourages readers to verify details through reliable sources.",REAL,Science,Official/Reported,Author_26,2026-06-03,Australia,English,32,True,0.79,91857,2593,6451
1049,University launches internship program for engineering students,"According to an update shared by relevant organizations, university launches internship program for engineering students. The report focuses on the available information and encourages readers to verify details through reliable sources.",REAL,Entertainment,Official/Reported,Author_17,2026-02-25,USA,English,31,True,0.98,15388,23685,14123
1050,Technology company releases a software update with security fixes,"According to an update shared by relevant organizations, technology company releases a software update with security fixes. The report focuses on the available information and encourages readers to verify details through reliable sources.",REAL,Science,Official/Reported,Author_2,2026-08-26,UK,English,33,True,0.78,16894,75382,3378
1051,Celebrity secretly becomes president of the country overnight,"An unverified internet post claims that celebrity secretly becomes president of the country overnight. No dependable evidence is provided in the message, so the information should not be treated as confirmed without further verification.",FAKE,Science,Social Media/Unverified,Author_23,2026-05-28,India,English,34,False,0.08,16356,66346,4891
1052,Scientists confirm that drinking one glass of water gives superpowers,Social media users are circulating a story claiming that scientists confirm that drinking one glass of water gives superpowers. The claim appears sensational and should be checked against trustworthy news organizations and official statements.,FAKE,Science,Social Media/Unverified,Author_109,2026-01-08,UK,English,34,False,0.07,68094,38461,10799
1053,Government announces free smartphones for every citizen tomorrow,"An unverified internet post claims that government announces free smartphones for every citizen tomorrow. No dependable evidence is provided in the message, so the information should not be treated as confirmed without further verification.",FAKE,Entertainment,Social Media/Unverified,Author_36,2026-08-23,UK,English,34,False,0.23,46162,79457,8818
1054,New app claims it can predict every person's future with 100 percent accuracy,"An unverified internet post claims that new app claims it can predict every person's future with 100 percent accuracy. No dependable evidence is provided in the message, so the information should not be treated as confirmed without further verification.",FAKE,Education,Social Media/Unverified,Author_26,2026-01-08,India,English,39,False,0.12,39293,28213,2198
1055,Internet users discover a hidden button that makes phones charge instantly,"An unverified internet post claims that internet users discover a hidden button that makes phones charge instantly. No dependable evidence is provided in the message, so the information should not be treated as confirmed without further verification.",FAKE,Education,Social Media/Unverified,Author_92,2026-05-05,Australia,English,37,False,0.2,72079,33424,4270
1056,Researchers prove that humans can survive without sleep for one year,Social media users are circulating a story claiming that researchers prove that humans can survive without sleep for one year. The claim appears sensational and should be checked against trustworthy news organizations and official statements.,FAKE,Science,Social Media/Unverified,Author_103,2026-08-03,UK,English,35,False,0.29,91041,18780,8780
1057,Company announces that its laptop can run for ten years without charging,A viral online claim says that company announces that its laptop can run for ten years without charging. The post provides dramatic details but does not identify a reliable official source or independent evidence. Readers should verify the claim before sharing it.,FAKE,Technology,Social Media/Unverified,Author_69,2026-04-23,UK,English,42,False,0.25,84914,67038,9911
1058,Social media post claims the moon will disappear for seven days,A viral online claim says that social media post claims the moon will disappear for seven days. The post provides dramatic details but does not identify a reliable official source or independent evidence. Readers should verify the claim before sharing it.,FAKE,Weather,Social Media/Unverified,Author_40,2026-06-26,Canada,English,41,False,0.18,79126,32445,1270
1059,Online message says students can receive guaranteed jobs by sharing one post,Social media users are circulating a story claiming that online message says students can receive guaranteed jobs by sharing one post. The claim appears sensational and should be checked against trustworthy news organizations and official statements.,FAKE,Technology,Social Media/Unverified,Author_137,2026-02-22,Australia,English,36,False,0.19,43179,11667,5944
1060,Viral post claims a common household item can completely cure every disease,Social media users are circulating a story claiming that viral post claims a common household item can completely cure every disease. The claim appears sensational and should be checked against trustworthy news organizations and official statements.,FAKE,Health,Social Media/Unverified,Author_38,2026-04-09,India,English,36,False,0.08,29137,49633,1720
1061,Government announces new scholarship program for college students,Officials and researchers have reported an update related to government announces new scholarship program for college students. The information is being discussed through formal announcements and available reports. Readers are advised to check the original source for complete details.,REAL,Science,Official/Reported,Author_135,2026-05-19,Canada,English,39,True,0.77,45741,74998,14178
1062,Scientists discover a new method to improve solar panel efficiency,"A recent report discusses scientists discover a new method to improve solar panel efficiency. The development has attracted public attention, while further details are expected from relevant authorities and organizations.",REAL,Health,Official/Reported,Author_26,2026-01-06,UK,English,30,True,0.98,51070,23686,5655
1063,Local university opens a new artificial intelligence research center,"According to an update shared by relevant organizations, local university opens a new artificial intelligence research center. The report focuses on the available information and encourages readers to verify details through reliable sources.",REAL,Weather,Official/Reported,Author_123,2026-03-09,India,English,33,True,0.91,93493,20385,10773
1064,New public transport route launched to connect rural areas,Officials and researchers have reported an update related to new public transport route launched to connect rural areas. The information is being discussed through formal announcements and available reports. Readers are advised to check the original source for complete details.,REAL,Science,Official/Reported,Author_97,2026-05-02,UK,English,40,True,0.92,32661,79788,6852
1065,Researchers publish study on reducing plastic waste in cities,"According to an update shared by relevant organizations, researchers publish study on reducing plastic waste in cities. The report focuses on the available information and encourages readers to verify details through reliable sources.",REAL,Entertainment,Official/Reported,Author_47,2026-08-12,Canada,English,33,True,0.87,36162,56073,8529
1066,Health department releases updated vaccination schedule,"According to an update shared by relevant organizations, health department releases updated vaccination schedule. The report focuses on the available information and encourages readers to verify details through reliable sources.",REAL,Education,Official/Reported,Author_79,2026-02-10,Canada,English,30,True,0.93,11824,10421,1256
1067,National bank introduces updated digital payment security guidelines,"According to an update shared by relevant organizations, national bank introduces updated digital payment security guidelines. The report focuses on the available information and encourages readers to verify details through reliable sources.",REAL,Education,Official/Reported,Author_24,2026-03-19,India,English,32,True,0.77,37477,72639,8074
1068,Weather department issues rainfall advisory for several regions,Officials and researchers have reported an update related to weather department issues rainfall advisory for several regions. The information is being discussed through formal announcements and available reports. Readers are advised to check the original source for complete details.,REAL,Weather,Official/Reported,Author_131,2026-03-16,Canada,English,39,True,0.87,88716,69788,11434
1069,University launches internship program for engineering students,Officials and researchers have reported an update related to university launches internship program for engineering students. The information is being discussed through formal announcements and available reports. Readers are advised to check the original source for complete details.,REAL,Weather,Official/Reported,Author_4,2026-04-27,India,English,38,True,0.92,92100,70040,12282
1070,Technology company releases a software update with security fixes,"A recent report discusses technology company releases a software update with security fixes. The development has attracted public attention, while further details are expected from relevant authorities and organizations.",REAL,Education,Official/Reported,Author_136,2026-01-20,Canada,English,29,True,0.98,88420,68623,14807
1071,Celebrity secretly becomes president of the country overnight,A viral online claim says that celebrity secretly becomes president of the country overnight. The post provides dramatic details but does not identify a reliable official source or independent evidence. Readers should verify the claim before sharing it.,FAKE,Science,Social Media/Unverified,Author_20,2026-06-27,USA,English,38,False,0.23,6682,55412,8118
1072,Scientists confirm that drinking one glass of water gives superpowers,Social media users are circulating a story claiming that scientists confirm that drinking one glass of water gives superpowers. The claim appears sensational and should be checked against trustworthy news organizations and official statements.,FAKE,Science,Social Media/Unverified,Author_96,2026-02-11,USA,English,34,False,0.34,15458,38024,4901
1073,Government announces free smartphones for every citizen tomorrow,Social media users are circulating a story claiming that government announces free smartphones for every citizen tomorrow. The claim appears sensational and should be checked against trustworthy news organizations and official statements.,FAKE,Health,Social Media/Unverified,Author_68,2026-04-01,Australia,English,32,False,0.19,39963,67576,13528
1074,New app claims it can predict every person's future with 100 percent accuracy,A viral online claim says that new app claims it can predict every person's future with 100 percent accuracy. The post provides dramatic details but does not identify a reliable official source or independent evidence. Readers should verify the claim before sharing it.,FAKE,Entertainment,Social Media/Unverified,Author_125,2026-01-12,India,English,43,False,0.27,43073,39110,5798
1075,Internet users discover a hidden button that makes phones charge instantly,A viral online claim says that internet users discover a hidden button that makes phones charge instantly. The post provides dramatic details but does not identify a reliable official source or independent evidence. Readers should verify the claim before sharing it.,FAKE,Politics,Social Media/Unverified,Author_90,2026-03-13,UK,English,41,False,0.05,56476,64498,3236
1076,Researchers prove that humans can survive without sleep for one year,A viral online claim says that researchers prove that humans can survive without sleep for one year. The post provides dramatic details but does not identify a reliable official source or independent evidence. Readers should verify the claim before sharing it.,FAKE,Science,Social Media/Unverified,Author_106,2026-02-16,India,English,41,False,0.1,86076,32790,3704
1077,Company announces that its laptop can run for ten years without charging,Social media users are circulating a story claiming that company announces that its laptop can run for ten years without charging. The claim appears sensational and should be checked against trustworthy news organizations and official statements.,FAKE,Weather,Social Media/Unverified,Author_96,2026-05-12,Canada,English,36,False,0.36,70320,35326,1780
1078,Social media post claims the moon will disappear for seven days,Social media users are circulating a story claiming that social media post claims the moon will disappear for seven days. The claim appears sensational and should be checked against trustworthy news organizations and official statements.,FAKE,Entertainment,Social Media/Unverified,Author_42,2026-03-12,Canada,English,35,False,0.05,92968,26018,1813
1079,Online message says students can receive guaranteed jobs by sharing one post,A viral online claim says that online message says students can receive guaranteed jobs by sharing one post. The post provides dramatic details but does not identify a reliable official source or independent evidence. Readers should verify the claim before sharing it.,FAKE,Health,Social Media/Unverified,Author_11,2026-03-13,Canada,English,42,False,0.31,4152,21017,10915
1080,Viral post claims a common household item can completely cure every disease,A viral online claim says that viral post claims a common household item can completely cure every disease. The post provides dramatic details but does not identify a reliable official source or independent evidence. Readers should verify the claim before sharing it.,FAKE,Entertainment,Social Media/Unverified,Author_69,2026-02-14,Canada,English,42,False,0.24,89366,16708,5322
1081,Government announces new scholarship program for college students,"A recent report discusses government announces new scholarship program for college students. The development has attracted public attention, while further details are expected from relevant authorities and organizations.",REAL,Weather,Official/Reported,Author_34,2026-02-04,India,English,28,True,0.78,45114,65541,223
1082,Scientists discover a new method to improve solar panel efficiency,"According to an update shared by relevant organizations, scientists discover a new method to improve solar panel efficiency. The report focuses on the available information and encourages readers to verify details through reliable sources.",REAL,Education,Official/Reported,Author_14,2026-06-14,Australia,English,34,True,0.93,56938,62944,4742
1083,Local university opens a new artificial intelligence research center,"A recent report discusses local university opens a new artificial intelligence research center. The development has attracted public attention, while further details are expected from relevant authorities and organizations.",REAL,Entertainment,Official/Reported,Author_22,2026-07-08,Australia,English,29,True,0.79,67019,24497,4087
1084,New public transport route launched to connect rural areas,"A recent report discusses new public transport route launched to connect rural areas. The development has attracted public attention, while further details are expected from relevant authorities and organizations.",REAL,Technology,Official/Reported,Author_68,2026-04-22,Canada,English,29,True,0.8,92607,13513,11487
1085,Researchers publish study on reducing plastic waste in cities,"According to an update shared by relevant organizations, researchers publish study on reducing plastic waste in cities. The report focuses on the available information and encourages readers to verify details through reliable sources.",REAL,Science,Official/Reported,Author_49,2026-03-08,India,English,33,True,0.78,5038,35900,3148
1086,Health department releases updated vaccination schedule,Officials and researchers have reported an update related to health department releases updated vaccination schedule. The information is being discussed through formal announcements and available reports. Readers are advised to check the original source for complete details.,REAL,Weather,Official/Reported,Author_5,2026-04-03,India,English,37,True,0.84,68819,40171,11471
1087,National bank introduces updated digital payment security guidelines,"According to an update shared by relevant organizations, national bank introduces updated digital payment security guidelines. The report focuses on the available information and encourages readers to verify details through reliable sources.",REAL,Education,Official/Reported,Author_57,2026-06-14,Canada,English,32,True,0.76,55987,6775,4985
1088,Weather department issues rainfall advisory for several regions,Officials and researchers have reported an update related to weather department issues rainfall advisory for several regions. The information is being discussed through formal announcements and available reports. Readers are advised to check the original source for complete details.,REAL,Health,Official/Reported,Author_94,2026-05-12,Canada,English,39,True,0.81,6243,23827,669
1089,University launches internship program for engineering students,Officials and researchers have reported an update related to university launches internship program for engineering students. The information is being discussed through formal announcements and available reports. Readers are advised to check the original source for complete details.,REAL,Politics,Official/Reported,Author_83,2026-04-10,Canada,English,38,True,0.82,79508,13212,7059
1090,Technology company releases a software update with security fixes,Officials and researchers have reported an update related to technology company releases a software update with security fixes. The information is being discussed through formal announcements and available reports. Readers are advised to check the original source for complete details.,REAL,Health,Official/Reported,Author_126,2026-06-11,UK,English,40,True,0.78,87690,1795,11189
1091,Celebrity secretly becomes president of the country overnight,"An unverified internet post claims that celebrity secretly becomes president of the country overnight. No dependable evidence is provided in the message, so the information should not be treated as confirmed without further verification.",FAKE,Science,Social Media/Unverified,Author_85,2026-06-24,UK,English,34,False,0.31,77199,69324,9907
1092,Scientists confirm that drinking one glass of water gives superpowers,Social media users are circulating a story claiming that scientists confirm that drinking one glass of water gives superpowers. The claim appears sensational and should be checked against trustworthy news organizations and official statements.,FAKE,Education,Social Media/Unverified,Author_71,2026-04-19,Canada,English,34,False,0.08,13951,17107,10314
1093,Government announces free smartphones for every citizen tomorrow,"An unverified internet post claims that government announces free smartphones for every citizen tomorrow. No dependable evidence is provided in the message, so the information should not be treated as confirmed without further verification.",FAKE,Technology,Social Media/Unverified,Author_11,2026-04-07,Canada,English,34,False,0.37,9824,71646,10141
1094,New app claims it can predict every person's future with 100 percent accuracy,Social media users are circulating a story claiming that new app claims it can predict every person's future with 100 percent accuracy. The claim appears sensational and should be checked against trustworthy news organizations and official statements.,FAKE,Health,Social Media/Unverified,Author_122,2026-04-18,USA,English,37,False,0.07,25137,54820,9019
1095,Internet users discover a hidden button that makes phones charge instantly,"An unverified internet post claims that internet users discover a hidden button that makes phones charge instantly. No dependable evidence is provided in the message, so the information should not be treated as confirmed without further verification.",FAKE,Health,Social Media/Unverified,Author_144,2026-06-12,Canada,English,37,False,0.27,15401,57168,1109
1096,Researchers prove that humans can survive without sleep for one year,Social media users are circulating a story claiming that researchers prove that humans can survive without sleep for one year. The claim appears sensational and should be checked against trustworthy news organizations and official statements.,FAKE,Weather,Social Media/Unverified,Author_135,2026-01-06,Australia,English,35,False,0.15,16909,37970,744
1097,Company announces that its laptop can run for ten years without charging,"An unverified internet post claims that company announces that its laptop can run for ten years without charging. No dependable evidence is provided in the message, so the information should not be treated as confirmed without further verification.",FAKE,Politics,Social Media/Unverified,Author_49,2026-07-16,Australia,English,38,False,0.35,9838,21699,7172
1098,Social media post claims the moon will disappear for seven days,"An unverified internet post claims that social media post claims the moon will disappear for seven days. No dependable evidence is provided in the message, so the information should not be treated as confirmed without further verification.",FAKE,Weather,Social Media/Unverified,Author_144,2026-07-13,Australia,English,37,False,0.15,24135,476,2621
1099,Online message says students can receive guaranteed jobs by sharing one post,"An unverified internet post claims that online message says students can receive guaranteed jobs by sharing one post. No dependable evidence is provided in the message, so the information should not be treated as confirmed without further verification.",FAKE,Education,Social Media/Unverified,Author_3,2026-08-17,Australia,English,38,False,0.14,28889,38849,11604
1100,Viral post claims a common household item can completely cure every disease,Social media users are circulating a story claiming that viral post claims a common household item can completely cure every disease. The claim appears sensational and should be checked against trustworthy news organizations and official statements.,FAKE,Technology,Social Media/Unverified,Author_44,2026-04-02,Australia,English,36,False,0.13,5133,19421,14476
1101,Government announces new scholarship program for college students,"A recent report discusses government announces new scholarship program for college students. The development has attracted public attention, while further details are expected from relevant authorities and organizations.",REAL,Science,Official/Reported,Author_70,2026-01-21,USA,English,28,True,0.99,27531,70075,1903
1102,Scientists discover a new method to improve solar panel efficiency,Officials and researchers have reported an update related to scientists discover a new method to improve solar panel efficiency. The information is being discussed through formal announcements and available reports. Readers are advised to check the original source for complete details.,REAL,Business,Official/Reported,Author_95,2026-06-03,Australia,English,41,True,0.81,17522,53527,14718
1103,Local university opens a new artificial intelligence research center,"According to an update shared by relevant organizations, local university opens a new artificial intelligence research center. The report focuses on the available information and encourages readers to verify details through reliable sources.",REAL,Health,Official/Reported,Author_84,2026-01-21,India,English,33,True,0.95,28751,36664,2895
1104,New public transport route launched to connect rural areas,"A recent report discusses new public transport route launched to connect rural areas. The development has attracted public attention, while further details are expected from relevant authorities and organizations.",REAL,Politics,Official/Reported,Author_138,2026-02-24,Canada,English,29,True,0.98,33740,79217,9025
1105,Researchers publish study on reducing plastic waste in cities,Officials and researchers have reported an update related to researchers publish study on reducing plastic waste in cities. The information is being discussed through formal announcements and available reports. Readers are advised to check the original source for complete details.,REAL,Entertainment,Official/Reported,Author_57,2026-06-09,USA,English,40,True,0.89,98693,51839,2550
1106,Health department releases updated vaccination schedule,"A recent report discusses health department releases updated vaccination schedule. The development has attracted public attention, while further details are expected from relevant authorities and organizations.",REAL,Education,Official/Reported,Author_112,2026-06-05,Canada,English,26,True,0.77,23801,60218,3031
1107,National bank introduces updated digital payment security guidelines,Officials and researchers have reported an update related to national bank introduces updated digital payment security guidelines. The information is being discussed through formal announcements and available reports. Readers are advised to check the original source for complete details.,REAL,Education,Official/Reported,Author_146,2026-08-24,USA,English,39,True,0.91,2768,40658,2669
1108,Weather department issues rainfall advisory for several regions,Officials and researchers have reported an update related to weather department issues rainfall advisory for several regions. The information is being discussed through formal announcements and available reports. Readers are advised to check the original source for complete details.,REAL,Weather,Official/Reported,Author_49,2026-02-05,India,English,39,True,0.85,59650,52762,1642
1109,University launches internship program for engineering students,"According to an update shared by relevant organizations, university launches internship program for engineering students. The report focuses on the available information and encourages readers to verify details through reliable sources.",REAL,Science,Official/Reported,Author_4,2026-02-13,Canada,English,31,True,0.75,1786,5738,2165
1110,Technology company releases a software update with security fixes,Officials and researchers have reported an update related to technology company releases a software update with security fixes. The information is being discussed through formal announcements and available reports. Readers are advised to check the original source for complete details.,REAL,Technology,Official/Reported,Author_69,2026-03-21,Australia,English,40,True,0.75,1241,13943,8886
1111,Celebrity secretly becomes president of the country overnight,"An unverified internet post claims that celebrity secretly becomes president of the country overnight. No dependable evidence is provided in the message, so the information should not be treated as confirmed without further verification.",FAKE,Business,Social Media/Unverified,Author_22,2026-04-05,Canada,English,34,False,0.32,58248,21388,5036
1112,Scientists confirm that drinking one glass of water gives superpowers,Social media users are circulating a story claiming that scientists confirm that drinking one glass of water gives superpowers. The claim appears sensational and should be checked against trustworthy news organizations and official statements.,FAKE,Entertainment,Social Media/Unverified,Author_40,2026-04-02,Australia,English,34,False,0.29,82255,71257,2016
1113,Government announces free smartphones for every citizen tomorrow,A viral online claim says that government announces free smartphones for every citizen tomorrow. The post provides dramatic details but does not identify a reliable official source or independent evidence. Readers should verify the claim before sharing it.,FAKE,Politics,Social Media/Unverified,Author_27,2026-05-04,Australia,English,38,False,0.36,54442,18595,19
1114,New app claims it can predict every person's future with 100 percent accuracy,A viral online claim says that new app claims it can predict every person's future with 100 percent accuracy. The post provides dramatic details but does not identify a reliable official source or independent evidence. Readers should verify the claim before sharing it.,FAKE,Politics,Social Media/Unverified,Author_59,2026-07-13,USA,English,43,False,0.17,37607,29612,14401
1115,Internet users discover a hidden button that makes phones charge instantly,"An unverified internet post claims that internet users discover a hidden button that makes phones charge instantly. No dependable evidence is provided in the message, so the information should not be treated as confirmed without further verification.",FAKE,Weather,Social Media/Unverified,Author_29,2026-08-06,India,English,37,False,0.13,36947,46838,1249
1116,Researchers prove that humans can survive without sleep for one year,"An unverified internet post claims that researchers prove that humans can survive without sleep for one year. No dependable evidence is provided in the message, so the information should not be treated as confirmed without further verification.",FAKE,Business,Social Media/Unverified,Author_31,2026-06-03,India,English,37,False,0.26,23349,56186,8691
1117,Company announces that its laptop can run for ten years without charging,Social media users are circulating a story claiming that company announces that its laptop can run for ten years without charging. The claim appears sensational and should be checked against trustworthy news organizations and official statements.,FAKE,Science,Social Media/Unverified,Author_109,2026-03-22,UK,English,36,False,0.27,37628,45668,14342
1118,Social media post claims the moon will disappear for seven days,A viral online claim says that social media post claims the moon will disappear for seven days. The post provides dramatic details but does not identify a reliable official source or independent evidence. Readers should verify the claim before sharing it.,FAKE,Health,Social Media/Unverified,Author_128,2026-06-09,India,English,41,False,0.33,19492,19218,5247
1119,Online message says students can receive guaranteed jobs by sharing one post,A viral online claim says that online message says students can receive guaranteed jobs by sharing one post. The post provides dramatic details but does not identify a reliable official source or independent evidence. Readers should verify the claim before sharing it.,FAKE,Weather,Social Media/Unverified,Author_115,2026-08-27,India,English,42,False,0.09,56037,36505,2370
1120,Viral post claims a common household item can completely cure every disease,A viral online claim says that viral post claims a common household item can completely cure every disease. The post provides dramatic details but does not identify a reliable official source or independent evidence. Readers should verify the claim before sharing it.,FAKE,Business,Social Media/Unverified,Author_33,2026-03-25,Canada,English,42,False,0.17,64786,55557,7885
1121,Government announces new scholarship program for college students,"According to an update shared by relevant organizations, government announces new scholarship program for college students. The report focuses on the available information and encourages readers to verify details through reliable sources.",REAL,Weather,Official/Reported,Author_86,2026-03-26,USA,English,32,True,0.84,72012,65161,8826
1122,Scientists discover a new method to improve solar panel efficiency,"According to an update shared by relevant organizations, scientists discover a new method to improve solar panel efficiency. The report focuses on the available information and encourages readers to verify details through reliable sources.",REAL,Entertainment,Official/Reported,Author_137,2026-04-13,India,English,34,True,0.89,55301,69072,9467
1123,Local university opens a new artificial intelligence research center,"According to an update shared by relevant organizations, local university opens a new artificial intelligence research center. The report focuses on the available information and encourages readers to verify details through reliable sources.",REAL,Education,Official/Reported,Author_23,2026-04-12,India,English,33,True,0.8,2258,47505,9148
1124,New public transport route launched to connect rural areas,"A recent report discusses new public transport route launched to connect rural areas. The development has attracted public attention, while further details are expected from relevant authorities and organizations.",REAL,Science,Official/Reported,Author_29,2026-01-12,UK,English,29,True,0.95,18274,38631,7543
1125,Researchers publish study on reducing plastic waste in cities,Officials and researchers have reported an update related to researchers publish study on reducing plastic waste in cities. The information is being discussed through formal announcements and available reports. Readers are advised to check the original source for complete details.,REAL,Weather,Official/Reported,Author_63,2026-04-27,USA,English,40,True,0.76,18071,15371,11399
1126,Health department releases updated vaccination schedule,"According to an update shared by relevant organizations, health department releases updated vaccination schedule. The report focuses on the available information and encourages readers to verify details through reliable sources.",REAL,Science,Official/Reported,Author_97,2026-01-23,Canada,English,30,True,0.84,91944,13899,10858
1127,National bank introduces updated digital payment security guidelines,"According to an update shared by relevant organizations, national bank introduces updated digital payment security guidelines. The report focuses on the available information and encourages readers to verify details through reliable sources.",REAL,Technology,Official/Reported,Author_123,2026-03-01,USA,English,32,True,0.84,10363,32123,1262
1128,Weather department issues rainfall advisory for several regions,Officials and researchers have reported an update related to weather department issues rainfall advisory for several regions. The information is being discussed through formal announcements and available reports. Readers are advised to check the original source for complete details.,REAL,Weather,Official/Reported,Author_39,2026-03-16,USA,English,39,True,0.93,91572,39262,7703
1129,University launches internship program for engineering students,"A recent report discusses university launches internship program for engineering students. The development has attracted public attention, while further details are expected from relevant authorities and organizations.",REAL,Business,Official/Reported,Author_114,2026-01-10,India,English,27,True,0.79,84217,4214,9898
1130,Technology company releases a software update with security fixes,Officials and researchers have reported an update related to technology company releases a software update with security fixes. The information is being discussed through formal announcements and available reports. Readers are advised to check the original source for complete details.,REAL,Science,Official/Reported,Author_3,2026-07-27,Canada,English,40,True,0.91,59555,72639,11655
1131,Celebrity secretly becomes president of the country overnight,Social media users are circulating a story claiming that celebrity secretly becomes president of the country overnight. The claim appears sensational and should be checked against trustworthy news organizations and official statements.,FAKE,Health,Social Media/Unverified,Author_59,2026-07-06,UK,English,32,False,0.39,68364,49492,2050
1132,Scientists confirm that drinking one glass of water gives superpowers,"An unverified internet post claims that scientists confirm that drinking one glass of water gives superpowers. No dependable evidence is provided in the message, so the information should not be treated as confirmed without further verification.",FAKE,Education,Social Media/Unverified,Author_103,2026-01-08,Canada,English,36,False,0.11,97789,73312,9913
1133,Government announces free smartphones for every citizen tomorrow,A viral online claim says that government announces free smartphones for every citizen tomorrow. The post provides dramatic details but does not identify a reliable official source or independent evidence. Readers should verify the claim before sharing it.,FAKE,Entertainment,Social Media/Unverified,Author_123,2026-06-21,Canada,English,38,False,0.34,21613,7170,13161
1134,New app claims it can predict every person's future with 100 percent accuracy,Social media users are circulating a story claiming that new app claims it can predict every person's future with 100 percent accuracy. The claim appears sensational and should be checked against trustworthy news organizations and official statements.,FAKE,Weather,Social Media/Unverified,Author_50,2026-05-04,India,English,37,False,0.08,79071,43975,459
1135,Internet users discover a hidden button that makes phones charge instantly,A viral online claim says that internet users discover a hidden button that makes phones charge instantly. The post provides dramatic details but does not identify a reliable official source or independent evidence. Readers should verify the claim before sharing it.,FAKE,Health,Social Media/Unverified,Author_42,2026-02-03,USA,English,41,False,0.26,99168,40521,3075
1136,Researchers prove that humans can survive without sleep for one year,"An unverified internet post claims that researchers prove that humans can survive without sleep for one year. No dependable evidence is provided in the message, so the information should not be treated as confirmed without further verification.",FAKE,Education,Social Media/Unverified,Author_9,2026-04-09,India,English,37,False,0.39,74039,5886,9236
1137,Company announces that its laptop can run for ten years without charging,Social media users are circulating a story claiming that company announces that its laptop can run for ten years without charging. The claim appears sensational and should be checked against trustworthy news organizations and official statements.,FAKE,Politics,Social Media/Unverified,Author_13,2026-06-03,UK,English,36,False,0.05,46756,37020,6523
1138,Social media post claims the moon will disappear for seven days,"An unverified internet post claims that social media post claims the moon will disappear for seven days. No dependable evidence is provided in the message, so the information should not be treated as confirmed without further verification.",FAKE,Education,Social Media/Unverified,Author_81,2026-07-24,UK,English,37,False,0.39,92108,12768,5428
1139,Online message says students can receive guaranteed jobs by sharing one post,Social media users are circulating a story claiming that online message says students can receive guaranteed jobs by sharing one post. The claim appears sensational and should be checked against trustworthy news organizations and official statements.,FAKE,Technology,Social Media/Unverified,Author_129,2026-03-01,Australia,English,36,False,0.33,62525,76860,14234
1140,Viral post claims a common household item can completely cure every disease,A viral online claim says that viral post claims a common household item can completely cure every disease. The post provides dramatic details but does not identify a reliable official source or independent evidence. Readers should verify the claim before sharing it.,FAKE,Health,Social Media/Unverified,Author_42,2026-03-22,Canada,English,42,False,0.08,82054,12232,11771
1141,Government announces new scholarship program for college students,Officials and researchers have reported an update related to government announces new scholarship program for college students. The information is being discussed through formal announcements and available reports. Readers are advised to check the original source for complete details.,REAL,Education,Official/Reported,Author_37,2026-03-17,Australia,English,39,True,0.99,79798,68593,12593
1142,Scientists discover a new method to improve solar panel efficiency,"A recent report discusses scientists discover a new method to improve solar panel efficiency. The development has attracted public attention, while further details are expected from relevant authorities and organizations.",REAL,Entertainment,Official/Reported,Author_34,2026-06-10,UK,English,30,True,0.9,56489,5249,14592
1143,Local university opens a new artificial intelligence research center,"According to an update shared by relevant organizations, local university opens a new artificial intelligence research center. The report focuses on the available information and encourages readers to verify details through reliable sources.",REAL,Weather,Official/Reported,Author_62,2026-04-20,Australia,English,33,True,0.77,19985,74309,10285
1144,New public transport route launched to connect rural areas,"A recent report discusses new public transport route launched to connect rural areas. The development has attracted public attention, while further details are expected from relevant authorities and organizations.",REAL,Technology,Official/Reported,Author_4,2026-03-25,UK,English,29,True,0.88,11435,65398,1541
1145,Researchers publish study on reducing plastic waste in cities,"A recent report discusses researchers publish study on reducing plastic waste in cities. The development has attracted public attention, while further details are expected from relevant authorities and organizations.",REAL,Business,Official/Reported,Author_44,2026-05-06,India,English,29,True,0.82,47632,46321,1461
1146,Health department releases updated vaccination schedule,Officials and researchers have reported an update related to health department releases updated vaccination schedule. The information is being discussed through formal announcements and available reports. Readers are advised to check the original source for complete details.,REAL,Science,Official/Reported,Author_118,2026-05-16,UK,English,37,True,0.93,57949,18413,2031
1147,National bank introduces updated digital payment security guidelines,"According to an update shared by relevant organizations, national bank introduces updated digital payment security guidelines. The report focuses on the available information and encourages readers to verify details through reliable sources.",REAL,Entertainment,Official/Reported,Author_11,2026-06-28,UK,English,32,True,0.85,81233,16911,7222
1148,Weather department issues rainfall advisory for several regions,"A recent report discusses weather department issues rainfall advisory for several regions. The development has attracted public attention, while further details are expected from relevant authorities and organizations.",REAL,Business,Official/Reported,Author_96,2026-02-22,Canada,English,28,True,0.87,34459,5598,10168
1149,University launches internship program for engineering students,"According to an update shared by relevant organizations, university launches internship program for engineering students. The report focuses on the available information and encourages readers to verify details through reliable sources.",REAL,Politics,Official/Reported,Author_63,2026-01-05,India,English,31,True,0.82,20746,74733,6541
1150,Technology company releases a software update with security fixes,Officials and researchers have reported an update related to technology company releases a software update with security fixes. The information is being discussed through formal announcements and available reports. Readers are advised to check the original source for complete details.,REAL,Education,Official/Reported,Author_100,2026-08-22,India,English,40,True,0.83,61415,70143,14747
1151,Celebrity secretly becomes president of the country overnight,Social media users are circulating a story claiming that celebrity secretly becomes president of the country overnight. The claim appears sensational and should be checked against trustworthy news organizations and official statements.,FAKE,Technology,Social Media/Unverified,Author_22,2026-03-24,India,English,32,False,0.37,52038,56774,3268
1152,Scientists confirm that drinking one glass of water gives superpowers,Social media users are circulating a story claiming that scientists confirm that drinking one glass of water gives superpowers. The claim appears sensational and should be checked against trustworthy news organizations and official statements.,FAKE,Business,Social Media/Unverified,Author_17,2026-06-11,Australia,English,34,False,0.22,92060,62424,1873
1153,Government announces free smartphones for every citizen tomorrow,Social media users are circulating a story claiming that government announces free smartphones for every citizen tomorrow. The claim appears sensational and should be checked against trustworthy news organizations and official statements.,FAKE,Entertainment,Social Media/Unverified,Author_10,2026-03-16,USA,English,32,False,0.27,41977,74480,513
1154,New app claims it can predict every person's future with 100 percent accuracy,"An unverified internet post claims that new app claims it can predict every person's future with 100 percent accuracy. No dependable evidence is provided in the message, so the information should not be treated as confirmed without further verification.",FAKE,Weather,Social Media/Unverified,Author_16,2026-06-26,Canada,English,39,False,0.39,27983,7093,3465
1155,Internet users discover a hidden button that makes phones charge instantly,A viral online claim says that internet users discover a hidden button that makes phones charge instantly. The post provides dramatic details but does not identify a reliable official source or independent evidence. Readers should verify the claim before sharing it.,FAKE,Weather,Social Media/Unverified,Author_70,2026-05-21,USA,English,41,False,0.08,9087,35906,6636
1156,Researchers prove that humans can survive without sleep for one year,A viral online claim says that researchers prove that humans can survive without sleep for one year. The post provides dramatic details but does not identify a reliable official source or independent evidence. Readers should verify the claim before sharing it.,FAKE,Health,Social Media/Unverified,Author_116,2026-07-17,USA,English,41,False,0.28,34016,24132,13607
1157,Company announces that its laptop can run for ten years without charging,A viral online claim says that company announces that its laptop can run for ten years without charging. The post provides dramatic details but does not identify a reliable official source or independent evidence. Readers should verify the claim before sharing it.,FAKE,Technology,Social Media/Unverified,Author_110,2026-06-25,UK,English,42,False,0.11,45790,54937,7890
1158,Social media post claims the moon will disappear for seven days,Social media users are circulating a story claiming that social media post claims the moon will disappear for seven days. The claim appears sensational and should be checked against trustworthy news organizations and official statements.,FAKE,Science,Social Media/Unverified,Author_112,2026-06-23,Australia,English,35,False,0.19,1311,73524,12829
1159,Online message says students can receive guaranteed jobs by sharing one post,"An unverified internet post claims that online message says students can receive guaranteed jobs by sharing one post. No dependable evidence is provided in the message, so the information should not be treated as confirmed without further verification.",FAKE,Education,Social Media/Unverified,Author_20,2026-03-11,UK,English,38,False,0.05,60127,19336,8182
1160,Viral post claims a common household item can completely cure every disease,Social media users are circulating a story claiming that viral post claims a common household item can completely cure every disease. The claim appears sensational and should be checked against trustworthy news organizations and official statements.,FAKE,Technology,Social Media/Unverified,Author_105,2026-05-17,India,English,36,False,0.4,16488,58899,10468
1161,Government announces new scholarship program for college students,"According to an update shared by relevant organizations, government announces new scholarship program for college students. The report focuses on the available information and encourages readers to verify details through reliable sources.",REAL,Technology,Official/Reported,Author_10,2026-04-24,USA,English,32,True,0.85,71586,21776,9845
1162,Scientists discover a new method to improve solar panel efficiency,"A recent report discusses scientists discover a new method to improve solar panel efficiency. The development has attracted public attention, while further details are expected from relevant authorities and organizations.",REAL,Education,Official/Reported,Author_90,2026-04-07,Australia,English,30,True,0.98,48540,47688,265
1163,Local university opens a new artificial intelligence research center,"A recent report discusses local university opens a new artificial intelligence research center. The development has attracted public attention, while further details are expected from relevant authorities and organizations.",REAL,Health,Official/Reported,Author_129,2026-02-23,Canada,English,29,True,0.91,59778,54275,6723
1164,New public transport route launched to connect rural areas,"A recent report discusses new public transport route launched to connect rural areas. The development has attracted public attention, while further details are expected from relevant authorities and organizations.",REAL,Business,Official/Reported,Author_139,2026-07-17,UK,English,29,True,0.78,23054,60143,7018
1165,Researchers publish study on reducing plastic waste in cities,"A recent report discusses researchers publish study on reducing plastic waste in cities. The development has attracted public attention, while further details are expected from relevant authorities and organizations.",REAL,Science,Official/Reported,Author_142,2026-03-18,Canada,English,29,True,0.84,86465,57348,10389
1166,Health department releases updated vaccination schedule,"A recent report discusses health department releases updated vaccination schedule. The development has attracted public attention, while further details are expected from relevant authorities and organizations.",REAL,Technology,Official/Reported,Author_23,2026-02-03,India,English,26,True,0.9,53917,13593,8133
1167,National bank introduces updated digital payment security guidelines,"According to an update shared by relevant organizations, national bank introduces updated digital payment security guidelines. The report focuses on the available information and encourages readers to verify details through reliable sources.",REAL,Technology,Official/Reported,Author_114,2026-01-22,UK,English,32,True,0.95,27780,29218,12728
1168,Weather department issues rainfall advisory for several regions,"A recent report discusses weather department issues rainfall advisory for several regions. The development has attracted public attention, while further details are expected from relevant authorities and organizations.",REAL,Weather,Official/Reported,Author_30,2026-04-28,Canada,English,28,True,0.98,45965,60815,6765
1169,University launches internship program for engineering students,"According to an update shared by relevant organizations, university launches internship program for engineering students. The report focuses on the available information and encourages readers to verify details through reliable sources.",REAL,Weather,Official/Reported,Author_2,2026-06-26,USA,English,31,True,0.87,35086,34673,5036
1170,Technology company releases a software update with security fixes,"A recent report discusses technology company releases a software update with security fixes. The development has attracted public attention, while further details are expected from relevant authorities and organizations.",REAL,Education,Official/Reported,Author_2,2026-07-02,India,English,29,True,0.76,49084,68026,13435
1171,Celebrity secretly becomes president of the country overnight,"An unverified internet post claims that celebrity secretly becomes president of the country overnight. No dependable evidence is provided in the message, so the information should not be treated as confirmed without further verification.",FAKE,Business,Social Media/Unverified,Author_86,2026-03-19,Canada,English,34,False,0.13,51306,25257,10096
1172,Scientists confirm that drinking one glass of water gives superpowers,"An unverified internet post claims that scientists confirm that drinking one glass of water gives superpowers. No dependable evidence is provided in the message, so the information should not be treated as confirmed without further verification.",FAKE,Weather,Social Media/Unverified,Author_14,2026-07-05,Canada,English,36,False,0.39,22779,52842,14813
1173,Government announces free smartphones for every citizen tomorrow,Social media users are circulating a story claiming that government announces free smartphones for every citizen tomorrow. The claim appears sensational and should be checked against trustworthy news organizations and official statements.,FAKE,Science,Social Media/Unverified,Author_112,2026-04-04,USA,English,32,False,0.23,82774,75624,12849
1174,New app claims it can predict every person's future with 100 percent accuracy,Social media users are circulating a story claiming that new app claims it can predict every person's future with 100 percent accuracy. The claim appears sensational and should be checked against trustworthy news organizations and official statements.,FAKE,Health,Social Media/Unverified,Author_142,2026-03-11,USA,English,37,False,0.08,3370,57338,189
1175,Internet users discover a hidden button that makes phones charge instantly,"An unverified internet post claims that internet users discover a hidden button that makes phones charge instantly. No dependable evidence is provided in the message, so the information should not be treated as confirmed without further verification.",FAKE,Science,Social Media/Unverified,Author_8,2026-02-19,Canada,English,37,False,0.06,96239,17116,7433
1176,Researchers prove that humans can survive without sleep for one year,"An unverified internet post claims that researchers prove that humans can survive without sleep for one year. No dependable evidence is provided in the message, so the information should not be treated as confirmed without further verification.",FAKE,Business,Social Media/Unverified,Author_48,2026-04-21,USA,English,37,False,0.15,70188,32150,11899
1177,Company announces that its laptop can run for ten years without charging,Social media users are circulating a story claiming that company announces that its laptop can run for ten years without charging. The claim appears sensational and should be checked against trustworthy news organizations and official statements.,FAKE,Health,Social Media/Unverified,Author_14,2026-05-03,USA,English,36,False,0.27,83684,75942,14203
1178,Social media post claims the moon will disappear for seven days,A viral online claim says that social media post claims the moon will disappear for seven days. The post provides dramatic details but does not identify a reliable official source or independent evidence. Readers should verify the claim before sharing it.,FAKE,Technology,Social Media/Unverified,Author_118,2026-02-04,USA,English,41,False,0.15,23685,12165,1267
1179,Online message says students can receive guaranteed jobs by sharing one post,Social media users are circulating a story claiming that online message says students can receive guaranteed jobs by sharing one post. The claim appears sensational and should be checked against trustworthy news organizations and official statements.,FAKE,Business,Social Media/Unverified,Author_54,2026-07-04,Canada,English,36,False,0.33,54240,9648,7971
1180,Viral post claims a common household item can completely cure every disease,"An unverified internet post claims that viral post claims a common household item can completely cure every disease. No dependable evidence is provided in the message, so the information should not be treated as confirmed without further verification.",FAKE,Technology,Social Media/Unverified,Author_54,2026-07-13,UK,English,38,False,0.27,59107,21121,2945
1181,Government announces new scholarship program for college students,"A recent report discusses government announces new scholarship program for college students. The development has attracted public attention, while further details are expected from relevant authorities and organizations.",REAL,Politics,Official/Reported,Author_46,2026-01-04,UK,English,28,True,0.99,63437,78647,8953
1182,Scientists discover a new method to improve solar panel efficiency,Officials and researchers have reported an update related to scientists discover a new method to improve solar panel efficiency. The information is being discussed through formal announcements and available reports. Readers are advised to check the original source for complete details.,REAL,Science,Official/Reported,Author_134,2026-05-04,USA,English,41,True,0.9,70258,3024,8486
1183,Local university opens a new artificial intelligence research center,"According to an update shared by relevant organizations, local university opens a new artificial intelligence research center. The report focuses on the available information and encourages readers to verify details through reliable sources.",REAL,Science,Official/Reported,Author_56,2026-06-04,USA,English,33,True,0.76,18171,28809,1367
1184,New public transport route launched to connect rural areas,"According to an update shared by relevant organizations, new public transport route launched to connect rural areas. The report focuses on the available information and encourages readers to verify details through reliable sources.",REAL,Science,Official/Reported,Author_69,2026-05-16,USA,English,33,True,0.98,45695,72290,10681
1185,Researchers publish study on reducing plastic waste in cities,"A recent report discusses researchers publish study on reducing plastic waste in cities. The development has attracted public attention, while further details are expected from relevant authorities and organizations.",REAL,Entertainment,Official/Reported,Author_127,2026-07-17,Canada,English,29,True,0.97,32790,22675,3242
1186,Health department releases updated vaccination schedule,"According to an update shared by relevant organizations, health department releases updated vaccination schedule. The report focuses on the available information and encourages readers to verify details through reliable sources.",REAL,Health,Official/Reported,Author_101,2026-02-19,Australia,English,30,True,0.82,26988,63946,7101
1187,National bank introduces updated digital payment security guidelines,"A recent report discusses national bank introduces updated digital payment security guidelines. The development has attracted public attention, while further details are expected from relevant authorities and organizations.",REAL,Weather,Official/Reported,Author_70,2026-06-20,India,English,28,True,0.9,56280,26182,9292
1188,Weather department issues rainfall advisory for several regions,"A recent report discusses weather department issues rainfall advisory for several regions. The development has attracted public attention, while further details are expected from relevant authorities and organizations.",REAL,Business,Official/Reported,Author_17,2026-08-06,India,English,28,True,0.98,33179,76927,6714
1189,University launches internship program for engineering students,"A recent report discusses university launches internship program for engineering students. The development has attracted public attention, while further details are expected from relevant authorities and organizations.",REAL,Business,Official/Reported,Author_102,2026-01-04,USA,English,27,True,0.94,56290,24373,5861
1190,Technology company releases a software update with security fixes,Officials and researchers have reported an update related to technology company releases a software update with security fixes. The information is being discussed through formal announcements and available reports. Readers are advised to check the original source for complete details.,REAL,Technology,Official/Reported,Author_56,2026-06-12,USA,English,40,True,0.94,16040,1267,5219
1191,Celebrity secretly becomes president of the country overnight,"An unverified internet post claims that celebrity secretly becomes president of the country overnight. No dependable evidence is provided in the message, so the information should not be treated as confirmed without further verification.",FAKE,Politics,Social Media/Unverified,Author_85,2026-04-15,Australia,English,34,False,0.33,30503,73620,1085
1192,Scientists confirm that drinking one glass of water gives superpowers,Social media users are circulating a story claiming that scientists confirm that drinking one glass of water gives superpowers. The claim appears sensational and should be checked against trustworthy news organizations and official statements.,FAKE,Health,Social Media/Unverified,Author_55,2026-04-04,Australia,English,34,False,0.15,79689,9812,9403
1193,Government announces free smartphones for every citizen tomorrow,"An unverified internet post claims that government announces free smartphones for every citizen tomorrow. No dependable evidence is provided in the message, so the information should not be treated as confirmed without further verification.",FAKE,Weather,Social Media/Unverified,Author_112,2026-06-27,UK,English,34,False,0.12,6519,64745,8169
1194,New app claims it can predict every person's future with 100 percent accuracy,A viral online claim says that new app claims it can predict every person's future with 100 percent accuracy. The post provides dramatic details but does not identify a reliable official source or independent evidence. Readers should verify the claim before sharing it.,FAKE,Health,Social Media/Unverified,Author_108,2026-02-04,Canada,English,43,False,0.11,42854,77490,6272
1195,Internet users discover a hidden button that makes phones charge instantly,A viral online claim says that internet users discover a hidden button that makes phones charge instantly. The post provides dramatic details but does not identify a reliable official source or independent evidence. Readers should verify the claim before sharing it.,FAKE,Politics,Social Media/Unverified,Author_73,2026-01-21,Australia,English,41,False,0.4,60535,37277,2147
1196,Researchers prove that humans can survive without sleep for one year,Social media users are circulating a story claiming that researchers prove that humans can survive without sleep for one year. The claim appears sensational and should be checked against trustworthy news organizations and official statements.,FAKE,Politics,Social Media/Unverified,Author_137,2026-01-11,India,English,35,False,0.07,12477,54410,11849
1197,Company announces that its laptop can run for ten years without charging,Social media users are circulating a story claiming that company announces that its laptop can run for ten years without charging. The claim appears sensational and should be checked against trustworthy news organizations and official statements.,FAKE,Health,Social Media/Unverified,Author_82,2026-06-13,India,English,36,False,0.24,41058,64730,10032
1198,Social media post claims the moon will disappear for seven days,A viral online claim says that social media post claims the moon will disappear for seven days. The post provides dramatic details but does not identify a reliable official source or independent evidence. Readers should verify the claim before sharing it.,FAKE,Weather,Social Media/Unverified,Author_77,2026-08-16,India,English,41,False,0.35,81009,13471,479
1199,Online message says students can receive guaranteed jobs by sharing one post,A viral online claim says that online message says students can receive guaranteed jobs by sharing one post. The post provides dramatic details but does not identify a reliable official source or independent evidence. Readers should verify the claim before sharing it.,FAKE,Politics,Social Media/Unverified,Author_3,2026-03-04,UK,English,42,False,0.35,94939,57110,3708
1200,Viral post claims a common household item can completely cure every disease,A viral online claim says that viral post claims a common household item can completely cure every disease. The post provides dramatic details but does not identify a reliable official source or independent evidence. Readers should verify the claim before sharing it.,FAKE,Technology,Social Media/Unverified,Author_49,2026-06-27,Australia,English,42,False,0.4,90219,6885,4254
1201,Government announces new scholarship program for college students,Officials and researchers have reported an update related to government announces new scholarship program for college students. The information is being discussed through formal announcements and available reports. Readers are advised to check the original source for complete details.,REAL,Technology,Official/Reported,Author_13,2026-05-03,UK,English,39,True,0.83,80324,49754,4422
1202,Scientists discover a new method to improve solar panel efficiency,"According to an update shared by relevant organizations, scientists discover a new method to improve solar panel efficiency. The report focuses on the available information and encourages readers to verify details through reliable sources.",REAL,Science,Official/Reported,Author_36,2026-08-04,USA,English,34,True,0.83,19408,76568,14545
1203,Local university opens a new artificial intelligence research center,"A recent report discusses local university opens a new artificial intelligence research center. The development has attracted public attention, while further details are expected from relevant authorities and organizations.",REAL,Entertainment,Official/Reported,Author_32,2026-04-19,Canada,English,29,True,0.91,36781,42198,12658
1204,New public transport route launched to connect rural areas,"According to an update shared by relevant organizations, new public transport route launched to connect rural areas. The report focuses on the available information and encourages readers to verify details through reliable sources.",REAL,Entertainment,Official/Reported,Author_58,2026-02-09,UK,English,33,True,0.92,46279,73210,13689
1205,Researchers publish study on reducing plastic waste in cities,Officials and researchers have reported an update related to researchers publish study on reducing plastic waste in cities. The information is being discussed through formal announcements and available reports. Readers are advised to check the original source for complete details.,REAL,Education,Official/Reported,Author_20,2026-02-16,India,English,40,True,0.8,87893,28334,7670
1206,Health department releases updated vaccination schedule,"A recent report discusses health department releases updated vaccination schedule. The development has attracted public attention, while further details are expected from relevant authorities and organizations.",REAL,Education,Official/Reported,Author_125,2026-02-11,USA,English,26,True,0.95,99834,69164,8420
1207,National bank introduces updated digital payment security guidelines,"A recent report discusses national bank introduces updated digital payment security guidelines. The development has attracted public attention, while further details are expected from relevant authorities and organizations.",REAL,Health,Official/Reported,Author_117,2026-03-28,Australia,English,28,True,0.78,17057,28681,5957
1208,Weather department issues rainfall advisory for several regions,"A recent report discusses weather department issues rainfall advisory for several regions. The development has attracted public attention, while further details are expected from relevant authorities and organizations.",REAL,Entertainment,Official/Reported,Author_132,2026-04-25,Canada,English,28,True,0.8,36426,55460,2690
1209,University launches internship program for engineering students,"According to an update shared by relevant organizations, university launches internship program for engineering students. The report focuses on the available information and encourages readers to verify details through reliable sources.",REAL,Health,Official/Reported,Author_148,2026-02-05,Canada,English,31,True,0.96,97662,14449,3941
1210,Technology company releases a software update with security fixes,Officials and researchers have reported an update related to technology company releases a software update with security fixes. The information is being discussed through formal announcements and available reports. Readers are advised to check the original source for complete details.,REAL,Entertainment,Official/Reported,Author_48,2026-05-01,Canada,English,40,True,0.91,59338,46136,4351
1211,Celebrity secretly becomes president of the country overnight,A viral online claim says that celebrity secretly becomes president of the country overnight. The post provides dramatic details but does not identify a reliable official source or independent evidence. Readers should verify the claim before sharing it.,FAKE,Technology,Social Media/Unverified,Author_91,2026-07-07,USA,English,38,False,0.19,56482,66579,5467
1212,Scientists confirm that drinking one glass of water gives superpowers,A viral online claim says that scientists confirm that drinking one glass of water gives superpowers. The post provides dramatic details but does not identify a reliable official source or independent evidence. Readers should verify the claim before sharing it.,FAKE,Entertainment,Social Media/Unverified,Author_70,2026-06-04,India,English,40,False,0.28,95954,55394,3177
1213,Government announces free smartphones for every citizen tomorrow,Social media users are circulating a story claiming that government announces free smartphones for every citizen tomorrow. The claim appears sensational and should be checked against trustworthy news organizations and official statements.,FAKE,Education,Social Media/Unverified,Author_104,2026-03-20,UK,English,32,False,0.24,64709,67981,7103
1214,New app claims it can predict every person's future with 100 percent accuracy,A viral online claim says that new app claims it can predict every person's future with 100 percent accuracy. The post provides dramatic details but does not identify a reliable official source or independent evidence. Readers should verify the claim before sharing it.,FAKE,Politics,Social Media/Unverified,Author_64,2026-02-08,India,English,43,False,0.07,4687,75401,4361
1215,Internet users discover a hidden button that makes phones charge instantly,A viral online claim says that internet users discover a hidden button that makes phones charge instantly. The post provides dramatic details but does not identify a reliable official source or independent evidence. Readers should verify the claim before sharing it.,FAKE,Technology,Social Media/Unverified,Author_137,2026-02-09,USA,English,41,False,0.36,91696,53031,6421
1216,Researchers prove that humans can survive without sleep for one year,Social media users are circulating a story claiming that researchers prove that humans can survive without sleep for one year. The claim appears sensational and should be checked against trustworthy news organizations and official statements.,FAKE,Technology,Social Media/Unverified,Author_57,2026-05-16,USA,English,35,False,0.11,26693,45569,10434
1217,Company announces that its laptop can run for ten years without charging,Social media users are circulating a story claiming that company announces that its laptop can run for ten years without charging. The claim appears sensational and should be checked against trustworthy news organizations and official statements.,FAKE,Health,Social Media/Unverified,Author_1,2026-02-06,Australia,English,36,False,0.37,81552,62494,12109
1218,Social media post claims the moon will disappear for seven days,Social media users are circulating a story claiming that social media post claims the moon will disappear for seven days. The claim appears sensational and should be checked against trustworthy news organizations and official statements.,FAKE,Education,Social Media/Unverified,Author_44,2026-06-22,India,English,35,False,0.11,43546,59671,2323
1219,Online message says students can receive guaranteed jobs by sharing one post,A viral online claim says that online message says students can receive guaranteed jobs by sharing one post. The post provides dramatic details but does not identify a reliable official source or independent evidence. Readers should verify the claim before sharing it.,FAKE,Entertainment,Social Media/Unverified,Author_110,2026-06-01,USA,English,42,False,0.39,10099,22382,11128
1220,Viral post claims a common household item can completely cure every disease,A viral online claim says that viral post claims a common household item can completely cure every disease. The post provides dramatic details but does not identify a reliable official source or independent evidence. Readers should verify the claim before sharing it.,FAKE,Business,Social Media/Unverified,Author_122,2026-01-16,USA,English,42,False,0.22,5931,2284,9294
1221,Government announces new scholarship program for college students,"According to an update shared by relevant organizations, government announces new scholarship program for college students. The report focuses on the available information and encourages readers to verify details through reliable sources.",REAL,Health,Official/Reported,Author_59,2026-03-25,USA,English,32,True,0.94,13116,39929,13170
1222,Scientists discover a new method to improve solar panel efficiency,"According to an update shared by relevant organizations, scientists discover a new method to improve solar panel efficiency. The report focuses on the available information and encourages readers to verify details through reliable sources.",REAL,Business,Official/Reported,Author_116,2026-08-24,UK,English,34,True,0.99,33740,63770,4153
1223,Local university opens a new artificial intelligence research center,"A recent report discusses local university opens a new artificial intelligence research center. The development has attracted public attention, while further details are expected from relevant authorities and organizations.",REAL,Entertainment,Official/Reported,Author_4,2026-06-10,UK,English,29,True,0.96,87033,78090,7935
1224,New public transport route launched to connect rural areas,Officials and researchers have reported an update related to new public transport route launched to connect rural areas. The information is being discussed through formal announcements and available reports. Readers are advised to check the original source for complete details.,REAL,Health,Official/Reported,Author_133,2026-01-05,Canada,English,40,True,0.96,86434,18569,5852
1225,Researchers publish study on reducing plastic waste in cities,"A recent report discusses researchers publish study on reducing plastic waste in cities. The development has attracted public attention, while further details are expected from relevant authorities and organizations.",REAL,Politics,Official/Reported,Author_63,2026-07-12,USA,English,29,True,0.93,25417,49521,10465
1226,Health department releases updated vaccination schedule,Officials and researchers have reported an update related to health department releases updated vaccination schedule. The information is being discussed through formal announcements and available reports. Readers are advised to check the original source for complete details.,REAL,Health,Official/Reported,Author_140,2026-08-17,USA,English,37,True,0.81,89016,45728,14548
1227,National bank introduces updated digital payment security guidelines,"A recent report discusses national bank introduces updated digital payment security guidelines. The development has attracted public attention, while further details are expected from relevant authorities and organizations.",REAL,Weather,Official/Reported,Author_107,2026-05-10,USA,English,28,True,0.76,68177,44998,13667
1228,Weather department issues rainfall advisory for several regions,"According to an update shared by relevant organizations, weather department issues rainfall advisory for several regions. The report focuses on the available information and encourages readers to verify details through reliable sources.",REAL,Technology,Official/Reported,Author_111,2026-08-19,UK,English,32,True,0.82,1102,65400,11231
1229,University launches internship program for engineering students,Officials and researchers have reported an update related to university launches internship program for engineering students. The information is being discussed through formal announcements and available reports. Readers are advised to check the original source for complete details.,REAL,Entertainment,Official/Reported,Author_39,2026-05-20,Australia,English,38,True,0.91,39809,63814,4722
1230,Technology company releases a software update with security fixes,Officials and researchers have reported an update related to technology company releases a software update with security fixes. The information is being discussed through formal announcements and available reports. Readers are advised to check the original source for complete details.,REAL,Health,Official/Reported,Author_4,2026-08-02,USA,English,40,True,0.82,77745,16183,871
1231,Celebrity secretly becomes president of the country overnight,Social media users are circulating a story claiming that celebrity secretly becomes president of the country overnight. The claim appears sensational and should be checked against trustworthy news organizations and official statements.,FAKE,Health,Social Media/Unverified,Author_2,2026-07-12,India,English,32,False,0.07,18061,45908,14396
1232,Scientists confirm that drinking one glass of water gives superpowers,Social media users are circulating a story claiming that scientists confirm that drinking one glass of water gives superpowers. The claim appears sensational and should be checked against trustworthy news organizations and official statements.,FAKE,Science,Social Media/Unverified,Author_23,2026-05-05,USA,English,34,False,0.2,10589,38121,3585
1233,Government announces free smartphones for every citizen tomorrow,A viral online claim says that government announces free smartphones for every citizen tomorrow. The post provides dramatic details but does not identify a reliable official source or independent evidence. Readers should verify the claim before sharing it.,FAKE,Entertainment,Social Media/Unverified,Author_91,2026-04-26,Canada,English,38,False,0.2,12873,34248,4948
1234,New app claims it can predict every person's future with 100 percent accuracy,"An unverified internet post claims that new app claims it can predict every person's future with 100 percent accuracy. No dependable evidence is provided in the message, so the information should not be treated as confirmed without further verification.",FAKE,Health,Social Media/Unverified,Author_45,2026-07-22,UK,English,39,False,0.33,18252,26154,4096
1235,Internet users discover a hidden button that makes phones charge instantly,A viral online claim says that internet users discover a hidden button that makes phones charge instantly. The post provides dramatic details but does not identify a reliable official source or independent evidence. Readers should verify the claim before sharing it.,FAKE,Weather,Social Media/Unverified,Author_142,2026-04-10,UK,English,41,False,0.08,74283,60449,8942
1236,Researchers prove that humans can survive without sleep for one year,A viral online claim says that researchers prove that humans can survive without sleep for one year. The post provides dramatic details but does not identify a reliable official source or independent evidence. Readers should verify the claim before sharing it.,FAKE,Weather,Social Media/Unverified,Author_112,2026-02-05,Australia,English,41,False,0.2,41069,66041,11225
1237,Company announces that its laptop can run for ten years without charging,"An unverified internet post claims that company announces that its laptop can run for ten years without charging. No dependable evidence is provided in the message, so the information should not be treated as confirmed without further verification.",FAKE,Business,Social Media/Unverified,Author_120,2026-06-14,Canada,English,38,False,0.2,53783,60466,453
1238,Social media post claims the moon will disappear for seven days,"An unverified internet post claims that social media post claims the moon will disappear for seven days. No dependable evidence is provided in the message, so the information should not be treated as confirmed without further verification.",FAKE,Politics,Social Media/Unverified,Author_108,2026-02-25,USA,English,37,False,0.27,39644,31809,9508
1239,Online message says students can receive guaranteed jobs by sharing one post,"An unverified internet post claims that online message says students can receive guaranteed jobs by sharing one post. No dependable evidence is provided in the message, so the information should not be treated as confirmed without further verification.",FAKE,Business,Social Media/Unverified,Author_33,2026-05-02,Canada,English,38,False,0.09,87838,785,7582
1240,Viral post claims a common household item can completely cure every disease,"An unverified internet post claims that viral post claims a common household item can completely cure every disease. No dependable evidence is provided in the message, so the information should not be treated as confirmed without further verification.",FAKE,Entertainment,Social Media/Unverified,Author_14,2026-02-02,UK,English,38,False,0.34,85191,14036,5463
1241,Government announces new scholarship program for college students,"According to an update shared by relevant organizations, government announces new scholarship program for college students. The report focuses on the available information and encourages readers to verify details through reliable sources.",REAL,Technology,Official/Reported,Author_75,2026-08-23,UK,English,32,True,0.96,15927,76631,11049
1242,Scientists discover a new method to improve solar panel efficiency,"According to an update shared by relevant organizations, scientists discover a new method to improve solar panel efficiency. The report focuses on the available information and encourages readers to verify details through reliable sources.",REAL,Politics,Official/Reported,Author_53,2026-03-18,Canada,English,34,True,0.78,88572,20291,4929
1243,Local university opens a new artificial intelligence research center,"According to an update shared by relevant organizations, local university opens a new artificial intelligence research center. The report focuses on the available information and encourages readers to verify details through reliable sources.",REAL,Health,Official/Reported,Author_2,2026-08-20,USA,English,33,True,0.78,14,20061,9892
1244,New public transport route launched to connect rural areas,Officials and researchers have reported an update related to new public transport route launched to connect rural areas. The information is being discussed through formal announcements and available reports. Readers are advised to check the original source for complete details.,REAL,Technology,Official/Reported,Author_64,2026-04-04,Canada,English,40,True,0.76,66306,58176,6401
1245,Researchers publish study on reducing plastic waste in cities,Officials and researchers have reported an update related to researchers publish study on reducing plastic waste in cities. The information is being discussed through formal announcements and available reports. Readers are advised to check the original source for complete details.,REAL,Technology,Official/Reported,Author_77,2026-07-16,USA,English,40,True,0.95,71669,34119,13462
1246,Health department releases updated vaccination schedule,"According to an update shared by relevant organizations, health department releases updated vaccination schedule. The report focuses on the available information and encourages readers to verify details through reliable sources.",REAL,Entertainment,Official/Reported,Author_32,2026-07-05,India,English,30,True,0.79,97606,31551,2797
1247,National bank introduces updated digital payment security guidelines,"According to an update shared by relevant organizations, national bank introduces updated digital payment security guidelines. The report focuses on the available information and encourages readers to verify details through reliable sources.",REAL,Education,Official/Reported,Author_122,2026-08-10,UK,English,32,True,0.91,77180,64618,6018
1248,Weather department issues rainfall advisory for several regions,"According to an update shared by relevant organizations, weather department issues rainfall advisory for several regions. The report focuses on the available information and encourages readers to verify details through reliable sources.",REAL,Health,Official/Reported,Author_101,2026-07-23,India,English,32,True,0.86,55693,19425,458
1249,University launches internship program for engineering students,"A recent report discusses university launches internship program for engineering students. The development has attracted public attention, while further details are expected from relevant authorities and organizations.",REAL,Entertainment,Official/Reported,Author_31,2026-07-01,Australia,English,27,True,0.82,84565,58263,698
1250,Technology company releases a software update with security fixes,"A recent report discusses technology company releases a software update with security fixes. The development has attracted public attention, while further details are expected from relevant authorities and organizations.",REAL,Science,Official/Reported,Author_120,2026-08-09,India,English,29,True,0.99,46900,65624,14022
1251,Celebrity secretly becomes president of the country overnight,"An unverified internet post claims that celebrity secretly becomes president of the country overnight. No dependable evidence is provided in the message, so the information should not be treated as confirmed without further verification.",FAKE,Education,Social Media/Unverified,Author_90,2026-07-17,India,English,34,False,0.11,19854,46124,10746
1252,Scientists confirm that drinking one glass of water gives superpowers,"An unverified internet post claims that scientists confirm that drinking one glass of water gives superpowers. No dependable evidence is provided in the message, so the information should not be treated as confirmed without further verification.",FAKE,Business,Social Media/Unverified,Author_118,2026-03-09,UK,English,36,False,0.37,8950,63410,6168
1253,Government announces free smartphones for every citizen tomorrow,Social media users are circulating a story claiming that government announces free smartphones for every citizen tomorrow. The claim appears sensational and should be checked against trustworthy news organizations and official statements.,FAKE,Science,Social Media/Unverified,Author_148,2026-05-05,UK,English,32,False,0.26,76126,45630,9576
1254,New app claims it can predict every person's future with 100 percent accuracy,"An unverified internet post claims that new app claims it can predict every person's future with 100 percent accuracy. No dependable evidence is provided in the message, so the information should not be treated as confirmed without further verification.",FAKE,Weather,Social Media/Unverified,Author_18,2026-01-01,USA,English,39,False,0.13,87207,13927,8182
1255,Internet users discover a hidden button that makes phones charge instantly,"An unverified internet post claims that internet users discover a hidden button that makes phones charge instantly. No dependable evidence is provided in the message, so the information should not be treated as confirmed without further verification.",FAKE,Entertainment,Social Media/Unverified,Author_83,2026-04-25,USA,English,37,False,0.09,22816,50347,12383
1256,Researchers prove that humans can survive without sleep for one year,Social media users are circulating a story claiming that researchers prove that humans can survive without sleep for one year. The claim appears sensational and should be checked against trustworthy news organizations and official statements.,FAKE,Technology,Social Media/Unverified,Author_16,2026-05-04,India,English,35,False,0.35,9562,57877,12506
1257,Company announces that its laptop can run for ten years without charging,Social media users are circulating a story claiming that company announces that its laptop can run for ten years without charging. The claim appears sensational and should be checked against trustworthy news organizations and official statements.,FAKE,Politics,Social Media/Unverified,Author_45,2026-06-04,Canada,English,36,False,0.18,83554,75211,9117
1258,Social media post claims the moon will disappear for seven days,A viral online claim says that social media post claims the moon will disappear for seven days. The post provides dramatic details but does not identify a reliable official source or independent evidence. Readers should verify the claim before sharing it.,FAKE,Education,Social Media/Unverified,Author_65,2026-08-15,UK,English,41,False,0.13,97285,21250,7111
1259,Online message says students can receive guaranteed jobs by sharing one post,"An unverified internet post claims that online message says students can receive guaranteed jobs by sharing one post. No dependable evidence is provided in the message, so the information should not be treated as confirmed without further verification.",FAKE,Education,Social Media/Unverified,Author_23,2026-01-21,India,English,38,False,0.12,18433,691,5891
1260,Viral post claims a common household item can completely cure every disease,Social media users are circulating a story claiming that viral post claims a common household item can completely cure every disease. The claim appears sensational and should be checked against trustworthy news organizations and official statements.,FAKE,Technology,Social Media/Unverified,Author_88,2026-03-22,Australia,English,36,False,0.22,27204,74764,13559
1261,Government announces new scholarship program for college students,"A recent report discusses government announces new scholarship program for college students. The development has attracted public attention, while further details are expected from relevant authorities and organizations.",REAL,Business,Official/Reported,Author_92,2026-03-26,India,English,28,True,0.86,81991,49303,14319
1262,Scientists discover a new method to improve solar panel efficiency,Officials and researchers have reported an update related to scientists discover a new method to improve solar panel efficiency. The information is being discussed through formal announcements and available reports. Readers are advised to check the original source for complete details.,REAL,Technology,Official/Reported,Author_33,2026-05-04,India,English,41,True,0.87,6757,78843,8856
1263,Local university opens a new artificial intelligence research center,"A recent report discusses local university opens a new artificial intelligence research center. The development has attracted public attention, while further details are expected from relevant authorities and organizations.",REAL,Politics,Official/Reported,Author_58,2026-05-27,UK,English,29,True,0.84,46921,8911,14294
1264,New public transport route launched to connect rural areas,Officials and researchers have reported an update related to new public transport route launched to connect rural areas. The information is being discussed through formal announcements and available reports. Readers are advised to check the original source for complete details.,REAL,Health,Official/Reported,Author_20,2026-04-28,Australia,English,40,True,0.97,65552,40930,6540
1265,Researchers publish study on reducing plastic waste in cities,"According to an update shared by relevant organizations, researchers publish study on reducing plastic waste in cities. The report focuses on the available information and encourages readers to verify details through reliable sources.",REAL,Politics,Official/Reported,Author_140,2026-02-19,Canada,English,33,True,0.97,34488,3934,528
1266,Health department releases updated vaccination schedule,"A recent report discusses health department releases updated vaccination schedule. The development has attracted public attention, while further details are expected from relevant authorities and organizations.",REAL,Weather,Official/Reported,Author_67,2026-04-11,India,English,26,True,0.78,71717,43207,12408
1267,National bank introduces updated digital payment security guidelines,"According to an update shared by relevant organizations, national bank introduces updated digital payment security guidelines. The report focuses on the available information and encourages readers to verify details through reliable sources.",REAL,Politics,Official/Reported,Author_61,2026-08-03,Australia,English,32,True,0.97,92165,4639,5666
1268,Weather department issues rainfall advisory for several regions,Officials and researchers have reported an update related to weather department issues rainfall advisory for several regions. The information is being discussed through formal announcements and available reports. Readers are advised to check the original source for complete details.,REAL,Weather,Official/Reported,Author_21,2026-08-05,UK,English,39,True,0.92,13649,4671,8136
1269,University launches internship program for engineering students,"According to an update shared by relevant organizations, university launches internship program for engineering students. The report focuses on the available information and encourages readers to verify details through reliable sources.",REAL,Education,Official/Reported,Author_90,2026-07-16,UK,English,31,True,0.94,29862,2815,906
1270,Technology company releases a software update with security fixes,Officials and researchers have reported an update related to technology company releases a software update with security fixes. The information is being discussed through formal announcements and available reports. Readers are advised to check the original source for complete details.,REAL,Education,Official/Reported,Author_137,2026-07-22,India,English,40,True,0.88,6844,50746,12544
1271,Celebrity secretly becomes president of the country overnight,Social media users are circulating a story claiming that celebrity secretly becomes president of the country overnight. The claim appears sensational and should be checked against trustworthy news organizations and official statements.,FAKE,Science,Social Media/Unverified,Author_111,2026-07-18,USA,English,32,False,0.09,15475,48201,5763
1272,Scientists confirm that drinking one glass of water gives superpowers,A viral online claim says that scientists confirm that drinking one glass of water gives superpowers. The post provides dramatic details but does not identify a reliable official source or independent evidence. Readers should verify the claim before sharing it.,FAKE,Business,Social Media/Unverified,Author_112,2026-01-08,USA,English,40,False,0.08,1327,29774,6767
1273,Government announces free smartphones for every citizen tomorrow,"An unverified internet post claims that government announces free smartphones for every citizen tomorrow. No dependable evidence is provided in the message, so the information should not be treated as confirmed without further verification.",FAKE,Politics,Social Media/Unverified,Author_4,2026-04-27,India,English,34,False,0.08,16618,57487,2958
1274,New app claims it can predict every person's future with 100 percent accuracy,Social media users are circulating a story claiming that new app claims it can predict every person's future with 100 percent accuracy. The claim appears sensational and should be checked against trustworthy news organizations and official statements.,FAKE,Politics,Social Media/Unverified,Author_81,2026-06-20,USA,English,37,False,0.4,17012,79450,6517
1275,Internet users discover a hidden button that makes phones charge instantly,Social media users are circulating a story claiming that internet users discover a hidden button that makes phones charge instantly. The claim appears sensational and should be checked against trustworthy news organizations and official statements.,FAKE,Technology,Social Media/Unverified,Author_20,2026-02-09,Australia,English,35,False,0.12,92449,46792,14706
1276,Researchers prove that humans can survive without sleep for one year,A viral online claim says that researchers prove that humans can survive without sleep for one year. The post provides dramatic details but does not identify a reliable official source or independent evidence. Readers should verify the claim before sharing it.,FAKE,Entertainment,Social Media/Unverified,Author_78,2026-06-25,Australia,English,41,False,0.15,85684,32013,8631
1277,Company announces that its laptop can run for ten years without charging,Social media users are circulating a story claiming that company announces that its laptop can run for ten years without charging. The claim appears sensational and should be checked against trustworthy news organizations and official statements.,FAKE,Business,Social Media/Unverified,Author_139,2026-02-02,UK,English,36,False,0.37,92481,63733,4583
1278,Social media post claims the moon will disappear for seven days,A viral online claim says that social media post claims the moon will disappear for seven days. The post provides dramatic details but does not identify a reliable official source or independent evidence. Readers should verify the claim before sharing it.,FAKE,Education,Social Media/Unverified,Author_36,2026-04-10,Australia,English,41,False,0.12,48819,18612,587
1279,Online message says students can receive guaranteed jobs by sharing one post,A viral online claim says that online message says students can receive guaranteed jobs by sharing one post. The post provides dramatic details but does not identify a reliable official source or independent evidence. Readers should verify the claim before sharing it.,FAKE,Entertainment,Social Media/Unverified,Author_117,2026-02-01,Canada,English,42,False,0.34,35438,36438,9637
1280,Viral post claims a common household item can completely cure every disease,Social media users are circulating a story claiming that viral post claims a common household item can completely cure every disease. The claim appears sensational and should be checked against trustworthy news organizations and official statements.,FAKE,Health,Social Media/Unverified,Author_22,2026-01-09,Australia,English,36,False,0.18,2480,50151,6302
1281,Government announces new scholarship program for college students,"A recent report discusses government announces new scholarship program for college students. The development has attracted public attention, while further details are expected from relevant authorities and organizations.",REAL,Politics,Official/Reported,Author_58,2026-04-13,USA,English,28,True,0.91,69804,6854,10820
1282,Scientists discover a new method to improve solar panel efficiency,"A recent report discusses scientists discover a new method to improve solar panel efficiency. The development has attracted public attention, while further details are expected from relevant authorities and organizations.",REAL,Politics,Official/Reported,Author_139,2026-06-01,Australia,English,30,True,0.93,44078,34415,13275
1283,Local university opens a new artificial intelligence research center,"According to an update shared by relevant organizations, local university opens a new artificial intelligence research center. The report focuses on the available information and encourages readers to verify details through reliable sources.",REAL,Education,Official/Reported,Author_8,2026-06-24,Australia,English,33,True,0.85,56049,7491,13228
1284,New public transport route launched to connect rural areas,Officials and researchers have reported an update related to new public transport route launched to connect rural areas. The information is being discussed through formal announcements and available reports. Readers are advised to check the original source for complete details.,REAL,Weather,Official/Reported,Author_74,2026-08-14,Australia,English,40,True,0.92,68024,34096,2663
1285,Researchers publish study on reducing plastic waste in cities,"A recent report discusses researchers publish study on reducing plastic waste in cities. The development has attracted public attention, while further details are expected from relevant authorities and organizations.",REAL,Entertainment,Official/Reported,Author_61,2026-03-01,UK,English,29,True,0.94,35975,11216,4094
1286,Health department releases updated vaccination schedule,"According to an update shared by relevant organizations, health department releases updated vaccination schedule. The report focuses on the available information and encourages readers to verify details through reliable sources.",REAL,Health,Official/Reported,Author_87,2026-07-02,Australia,English,30,True,0.82,35235,32840,12819
1287,National bank introduces updated digital payment security guidelines,"According to an update shared by relevant organizations, national bank introduces updated digital payment security guidelines. The report focuses on the available information and encourages readers to verify details through reliable sources.",REAL,Politics,Official/Reported,Author_32,2026-05-19,UK,English,32,True,0.95,23443,58175,7581
1288,Weather department issues rainfall advisory for several regions,Officials and researchers have reported an update related to weather department issues rainfall advisory for several regions. The information is being discussed through formal announcements and available reports. Readers are advised to check the original source for complete details.,REAL,Entertainment,Official/Reported,Author_3,2026-08-02,UK,English,39,True,0.87,72965,28558,6694
1289,University launches internship program for engineering students,Officials and researchers have reported an update related to university launches internship program for engineering students. The information is being discussed through formal announcements and available reports. Readers are advised to check the original source for complete details.,REAL,Technology,Official/Reported,Author_71,2026-06-03,Canada,English,38,True,0.79,36204,34023,14238
1290,Technology company releases a software update with security fixes,"A recent report discusses technology company releases a software update with security fixes. The development has attracted public attention, while further details are expected from relevant authorities and organizations.",REAL,Science,Official/Reported,Author_59,2026-03-05,Australia,English,29,True,0.91,30506,15005,10724
1291,Celebrity secretly becomes president of the country overnight,A viral online claim says that celebrity secretly becomes president of the country overnight. The post provides dramatic details but does not identify a reliable official source or independent evidence. Readers should verify the claim before sharing it.,FAKE,Science,Social Media/Unverified,Author_130,2026-08-19,UK,English,38,False,0.06,94035,29883,996
1292,Scientists confirm that drinking one glass of water gives superpowers,"An unverified internet post claims that scientists confirm that drinking one glass of water gives superpowers. No dependable evidence is provided in the message, so the information should not be treated as confirmed without further verification.",FAKE,Health,Social Media/Unverified,Author_66,2026-01-22,UK,English,36,False,0.24,5873,78724,3845
1293,Government announces free smartphones for every citizen tomorrow,Social media users are circulating a story claiming that government announces free smartphones for every citizen tomorrow. The claim appears sensational and should be checked against trustworthy news organizations and official statements.,FAKE,Technology,Social Media/Unverified,Author_20,2026-08-04,Australia,English,32,False,0.08,26754,42706,9344
1294,New app claims it can predict every person's future with 100 percent accuracy,Social media users are circulating a story claiming that new app claims it can predict every person's future with 100 percent accuracy. The claim appears sensational and should be checked against trustworthy news organizations and official statements.,FAKE,Weather,Social Media/Unverified,Author_19,2026-07-10,USA,English,37,False,0.06,79566,47228,5488
1295,Internet users discover a hidden button that makes phones charge instantly,Social media users are circulating a story claiming that internet users discover a hidden button that makes phones charge instantly. The claim appears sensational and should be checked against trustworthy news organizations and official statements.,FAKE,Business,Social Media/Unverified,Author_121,2026-05-20,India,English,35,False,0.11,5857,38130,2458
1296,Researchers prove that humans can survive without sleep for one year,"An unverified internet post claims that researchers prove that humans can survive without sleep for one year. No dependable evidence is provided in the message, so the information should not be treated as confirmed without further verification.",FAKE,Politics,Social Media/Unverified,Author_28,2026-04-26,UK,English,37,False,0.23,97271,66613,12836
1297,Company announces that its laptop can run for ten years without charging,"An unverified internet post claims that company announces that its laptop can run for ten years without charging. No dependable evidence is provided in the message, so the information should not be treated as confirmed without further verification.",FAKE,Business,Social Media/Unverified,Author_56,2026-07-27,Australia,English,38,False,0.06,95202,19675,6243
1298,Social media post claims the moon will disappear for seven days,"An unverified internet post claims that social media post claims the moon will disappear for seven days. No dependable evidence is provided in the message, so the information should not be treated as confirmed without further verification.",FAKE,Technology,Social Media/Unverified,Author_20,2026-04-19,Australia,English,37,False,0.4,82627,71862,12025
1299,Online message says students can receive guaranteed jobs by sharing one post,Social media users are circulating a story claiming that online message says students can receive guaranteed jobs by sharing one post. The claim appears sensational and should be checked against trustworthy news organizations and official statements.,FAKE,Technology,Social Media/Unverified,Author_136,2026-01-20,Canada,English,36,False,0.28,68211,57810,5192
1300,Viral post claims a common household item can completely cure every disease,Social media users are circulating a story claiming that viral post claims a common household item can completely cure every disease. The claim appears sensational and should be checked against trustworthy news organizations and official statements.,FAKE,Education,Social Media/Unverified,Author_148,2026-05-08,UK,English,36,False,0.14,47453,30268,7468
1301,Government announces new scholarship program for college students,"A recent report discusses government announces new scholarship program for college students. The development has attracted public attention, while further details are expected from relevant authorities and organizations.",REAL,Technology,Official/Reported,Author_62,2026-08-24,Canada,English,28,True,0.84,46145,73465,8284
1302,Scientists discover a new method to improve solar panel efficiency,Officials and researchers have reported an update related to scientists discover a new method to improve solar panel efficiency. The information is being discussed through formal announcements and available reports. Readers are advised to check the original source for complete details.,REAL,Business,Official/Reported,Author_124,2026-04-15,Canada,English,41,True,0.81,16430,70471,4013
1303,Local university opens a new artificial intelligence research center,"A recent report discusses local university opens a new artificial intelligence research center. The development has attracted public attention, while further details are expected from relevant authorities and organizations.",REAL,Science,Official/Reported,Author_67,2026-05-11,UK,English,29,True,0.78,53553,55189,8274
1304,New public transport route launched to connect rural areas,Officials and researchers have reported an update related to new public transport route launched to connect rural areas. The information is being discussed through formal announcements and available reports. Readers are advised to check the original source for complete details.,REAL,Entertainment,Official/Reported,Author_51,2026-03-15,India,English,40,True,0.79,54880,34526,12542
1305,Researchers publish study on reducing plastic waste in cities,"According to an update shared by relevant organizations, researchers publish study on reducing plastic waste in cities. The report focuses on the available information and encourages readers to verify details through reliable sources.",REAL,Entertainment,Official/Reported,Author_26,2026-03-28,India,English,33,True,0.95,3146,21885,1196
1306,Health department releases updated vaccination schedule,Officials and researchers have reported an update related to health department releases updated vaccination schedule. The information is being discussed through formal announcements and available reports. Readers are advised to check the original source for complete details.,REAL,Weather,Official/Reported,Author_109,2026-06-05,Canada,English,37,True,0.92,31655,38460,1950
1307,National bank introduces updated digital payment security guidelines,"A recent report discusses national bank introduces updated digital payment security guidelines. The development has attracted public attention, while further details are expected from relevant authorities and organizations.",REAL,Business,Official/Reported,Author_28,2026-01-03,UK,English,28,True,0.98,53602,58955,12135
1308,Weather department issues rainfall advisory for several regions,"A recent report discusses weather department issues rainfall advisory for several regions. The development has attracted public attention, while further details are expected from relevant authorities and organizations.",REAL,Health,Official/Reported,Author_123,2026-03-24,USA,English,28,True,0.92,77284,66769,1372
1309,University launches internship program for engineering students,Officials and researchers have reported an update related to university launches internship program for engineering students. The information is being discussed through formal announcements and available reports. Readers are advised to check the original source for complete details.,REAL,Politics,Official/Reported,Author_95,2026-08-13,UK,English,38,True,0.86,66682,77085,4576
1310,Technology company releases a software update with security fixes,Officials and researchers have reported an update related to technology company releases a software update with security fixes. The information is being discussed through formal announcements and available reports. Readers are advised to check the original source for complete details.,REAL,Education,Official/Reported,Author_77,2026-08-11,India,English,40,True,0.89,68848,76004,8326
1311,Celebrity secretly becomes president of the country overnight,Social media users are circulating a story claiming that celebrity secretly becomes president of the country overnight. The claim appears sensational and should be checked against trustworthy news organizations and official statements.,FAKE,Health,Social Media/Unverified,Author_83,2026-07-11,USA,English,32,False,0.38,5506,27619,7053
1312,Scientists confirm that drinking one glass of water gives superpowers,"An unverified internet post claims that scientists confirm that drinking one glass of water gives superpowers. No dependable evidence is provided in the message, so the information should not be treated as confirmed without further verification.",FAKE,Health,Social Media/Unverified,Author_148,2026-06-04,UK,English,36,False,0.15,15548,37733,4486
1313,Government announces free smartphones for every citizen tomorrow,Social media users are circulating a story claiming that government announces free smartphones for every citizen tomorrow. The claim appears sensational and should be checked against trustworthy news organizations and official statements.,FAKE,Entertainment,Social Media/Unverified,Author_58,2026-03-10,UK,English,32,False,0.4,98768,13914,3795
1314,New app claims it can predict every person's future with 100 percent accuracy,"An unverified internet post claims that new app claims it can predict every person's future with 100 percent accuracy. No dependable evidence is provided in the message, so the information should not be treated as confirmed without further verification.",FAKE,Health,Social Media/Unverified,Author_37,2026-02-07,Australia,English,39,False,0.34,98951,22136,448
1315,Internet users discover a hidden button that makes phones charge instantly,"An unverified internet post claims that internet users discover a hidden button that makes phones charge instantly. No dependable evidence is provided in the message, so the information should not be treated as confirmed without further verification.",FAKE,Politics,Social Media/Unverified,Author_139,2026-04-01,Canada,English,37,False,0.34,3388,48441,3328
1316,Researchers prove that humans can survive without sleep for one year,Social media users are circulating a story claiming that researchers prove that humans can survive without sleep for one year. The claim appears sensational and should be checked against trustworthy news organizations and official statements.,FAKE,Weather,Social Media/Unverified,Author_114,2026-03-27,Canada,English,35,False,0.15,14377,15725,7281
1317,Company announces that its laptop can run for ten years without charging,Social media users are circulating a story claiming that company announces that its laptop can run for ten years without charging. The claim appears sensational and should be checked against trustworthy news organizations and official statements.,FAKE,Entertainment,Social Media/Unverified,Author_68,2026-02-28,USA,English,36,False,0.4,95906,15269,5795
1318,Social media post claims the moon will disappear for seven days,A viral online claim says that social media post claims the moon will disappear for seven days. The post provides dramatic details but does not identify a reliable official source or independent evidence. Readers should verify the claim before sharing it.,FAKE,Education,Social Media/Unverified,Author_20,2026-06-06,Australia,English,41,False,0.17,59446,67224,11011
1319,Online message says students can receive guaranteed jobs by sharing one post,A viral online claim says that online message says students can receive guaranteed jobs by sharing one post. The post provides dramatic details but does not identify a reliable official source or independent evidence. Readers should verify the claim before sharing it.,FAKE,Business,Social Media/Unverified,Author_10,2026-07-04,Australia,English,42,False,0.16,73170,4675,10395
1320,Viral post claims a common household item can completely cure every disease,"An unverified internet post claims that viral post claims a common household item can completely cure every disease. No dependable evidence is provided in the message, so the information should not be treated as confirmed without further verification.",FAKE,Politics,Social Media/Unverified,Author_63,2026-03-19,Canada,English,38,False,0.36,28873,25652,4346
1321,Government announces new scholarship program for college students,"A recent report discusses government announces new scholarship program for college students. The development has attracted public attention, while further details are expected from relevant authorities and organizations.",REAL,Science,Official/Reported,Author_125,2026-03-24,Canada,English,28,True,0.82,26037,11632,8459
1322,Scientists discover a new method to improve solar panel efficiency,"According to an update shared by relevant organizations, scientists discover a new method to improve solar panel efficiency. The report focuses on the available information and encourages readers to verify details through reliable sources.",REAL,Education,Official/Reported,Author_1,2026-07-03,Canada,English,34,True,0.88,27344,23350,635
1323,Local university opens a new artificial intelligence research center,"A recent report discusses local university opens a new artificial intelligence research center. The development has attracted public attention, while further details are expected from relevant authorities and organizations.",REAL,Health,Official/Reported,Author_98,2026-04-21,UK,English,29,True,0.87,86116,23606,14383
1324,New public transport route launched to connect rural areas,"A recent report discusses new public transport route launched to connect rural areas. The development has attracted public attention, while further details are expected from relevant authorities and organizations.",REAL,Education,Official/Reported,Author_75,2026-08-16,Canada,English,29,True,0.89,71236,63045,4840
1325,Researchers publish study on reducing plastic waste in cities,Officials and researchers have reported an update related to researchers publish study on reducing plastic waste in cities. The information is being discussed through formal announcements and available reports. Readers are advised to check the original source for complete details.,REAL,Education,Official/Reported,Author_29,2026-05-14,Canada,English,40,True,0.83,86834,55692,1897
1326,Health department releases updated vaccination schedule,Officials and researchers have reported an update related to health department releases updated vaccination schedule. The information is being discussed through formal announcements and available reports. Readers are advised to check the original source for complete details.,REAL,Entertainment,Official/Reported,Author_82,2026-02-12,Canada,English,37,True,0.92,63414,64122,9847
1327,National bank introduces updated digital payment security guidelines,"A recent report discusses national bank introduces updated digital payment security guidelines. The development has attracted public attention, while further details are expected from relevant authorities and organizations.",REAL,Education,Official/Reported,Author_8,2026-05-09,Australia,English,28,True,0.8,53619,7974,9212
1328,Weather department issues rainfall advisory for several regions,"A recent report discusses weather department issues rainfall advisory for several regions. The development has attracted public attention, while further details are expected from relevant authorities and organizations.",REAL,Health,Official/Reported,Author_82,2026-07-13,Canada,English,28,True,0.85,34180,7165,4396
1329,University launches internship program for engineering students,"A recent report discusses university launches internship program for engineering students. The development has attracted public attention, while further details are expected from relevant authorities and organizations.",REAL,Education,Official/Reported,Author_87,2026-01-10,Canada,English,27,True,0.85,75049,21833,8782
1330,Technology company releases a software update with security fixes,Officials and researchers have reported an update related to technology company releases a software update with security fixes. The information is being discussed through formal announcements and available reports. Readers are advised to check the original source for complete details.,REAL,Technology,Official/Reported,Author_85,2026-03-20,Australia,English,40,True,0.75,94673,2772,13146
1331,Celebrity secretly becomes president of the country overnight,Social media users are circulating a story claiming that celebrity secretly becomes president of the country overnight. The claim appears sensational and should be checked against trustworthy news organizations and official statements.,FAKE,Technology,Social Media/Unverified,Author_86,2026-06-25,Australia,English,32,False,0.07,6460,67985,3448
1332,Scientists confirm that drinking one glass of water gives superpowers,Social media users are circulating a story claiming that scientists confirm that drinking one glass of water gives superpowers. The claim appears sensational and should be checked against trustworthy news organizations and official statements.,FAKE,Education,Social Media/Unverified,Author_41,2026-07-28,USA,English,34,False,0.15,21165,49010,5431
1333,Government announces free smartphones for every citizen tomorrow,Social media users are circulating a story claiming that government announces free smartphones for every citizen tomorrow. The claim appears sensational and should be checked against trustworthy news organizations and official statements.,FAKE,Education,Social Media/Unverified,Author_142,2026-04-01,India,English,32,False,0.35,98985,69021,1679
1334,New app claims it can predict every person's future with 100 percent accuracy,"An unverified internet post claims that new app claims it can predict every person's future with 100 percent accuracy. No dependable evidence is provided in the message, so the information should not be treated as confirmed without further verification.",FAKE,Weather,Social Media/Unverified,Author_125,2026-01-06,UK,English,39,False,0.16,30157,32420,553
1335,Internet users discover a hidden button that makes phones charge instantly,Social media users are circulating a story claiming that internet users discover a hidden button that makes phones charge instantly. The claim appears sensational and should be checked against trustworthy news organizations and official statements.,FAKE,Technology,Social Media/Unverified,Author_97,2026-07-05,UK,English,35,False,0.35,10040,9689,8265
1336,Researchers prove that humans can survive without sleep for one year,"An unverified internet post claims that researchers prove that humans can survive without sleep for one year. No dependable evidence is provided in the message, so the information should not be treated as confirmed without further verification.",FAKE,Weather,Social Media/Unverified,Author_6,2026-01-24,Australia,English,37,False,0.26,19912,12529,12056
1337,Company announces that its laptop can run for ten years without charging,"An unverified internet post claims that company announces that its laptop can run for ten years without charging. No dependable evidence is provided in the message, so the information should not be treated as confirmed without further verification.",FAKE,Weather,Social Media/Unverified,Author_50,2026-05-26,UK,English,38,False,0.2,97459,3076,4950
1338,Social media post claims the moon will disappear for seven days,Social media users are circulating a story claiming that social media post claims the moon will disappear for seven days. The claim appears sensational and should be checked against trustworthy news organizations and official statements.,FAKE,Entertainment,Social Media/Unverified,Author_52,2026-02-09,Australia,English,35,False,0.21,38183,56304,1524
1339,Online message says students can receive guaranteed jobs by sharing one post,A viral online claim says that online message says students can receive guaranteed jobs by sharing one post. The post provides dramatic details but does not identify a reliable official source or independent evidence. Readers should verify the claim before sharing it.,FAKE,Weather,Social Media/Unverified,Author_144,2026-05-16,UK,English,42,False,0.37,69898,66405,4007
1340,Viral post claims a common household item can completely cure every disease,Social media users are circulating a story claiming that viral post claims a common household item can completely cure every disease. The claim appears sensational and should be checked against trustworthy news organizations and official statements.,FAKE,Politics,Social Media/Unverified,Author_128,2026-07-12,Australia,English,36,False,0.3,59289,29373,9467
1341,Government announces new scholarship program for college students,Officials and researchers have reported an update related to government announces new scholarship program for college students. The information is being discussed through formal announcements and available reports. Readers are advised to check the original source for complete details.,REAL,Weather,Official/Reported,Author_60,2026-08-12,Canada,English,39,True,0.89,84265,40717,5446
1342,Scientists discover a new method to improve solar panel efficiency,Officials and researchers have reported an update related to scientists discover a new method to improve solar panel efficiency. The information is being discussed through formal announcements and available reports. Readers are advised to check the original source for complete details.,REAL,Technology,Official/Reported,Author_25,2026-03-07,Canada,English,41,True,0.89,11005,18529,6605
1343,Local university opens a new artificial intelligence research center,"According to an update shared by relevant organizations, local university opens a new artificial intelligence research center. The report focuses on the available information and encourages readers to verify details through reliable sources.",REAL,Entertainment,Official/Reported,Author_134,2026-04-02,Canada,English,33,True,0.81,40833,44290,13669
1344,New public transport route launched to connect rural areas,Officials and researchers have reported an update related to new public transport route launched to connect rural areas. The information is being discussed through formal announcements and available reports. Readers are advised to check the original source for complete details.,REAL,Politics,Official/Reported,Author_83,2026-07-28,India,English,40,True,0.81,27433,73721,13020
1345,Researchers publish study on reducing plastic waste in cities,"A recent report discusses researchers publish study on reducing plastic waste in cities. The development has attracted public attention, while further details are expected from relevant authorities and organizations.",REAL,Entertainment,Official/Reported,Author_81,2026-04-11,Canada,English,29,True,0.92,67437,72724,14068
1346,Health department releases updated vaccination schedule,"According to an update shared by relevant organizations, health department releases updated vaccination schedule. The report focuses on the available information and encourages readers to verify details through reliable sources.",REAL,Technology,Official/Reported,Author_27,2026-07-23,India,English,30,True,0.84,99216,1790,2655
1347,National bank introduces updated digital payment security guidelines,"According to an update shared by relevant organizations, national bank introduces updated digital payment security guidelines. The report focuses on the available information and encourages readers to verify details through reliable sources.",REAL,Technology,Official/Reported,Author_43,2026-04-15,India,English,32,True,0.76,55608,64909,2797
1348,Weather department issues rainfall advisory for several regions,"According to an update shared by relevant organizations, weather department issues rainfall advisory for several regions. The report focuses on the available information and encourages readers to verify details through reliable sources.",REAL,Entertainment,Official/Reported,Author_36,2026-07-13,India,English,32,True,0.82,57089,38569,11795
1349,University launches internship program for engineering students,"According to an update shared by relevant organizations, university launches internship program for engineering students. The report focuses on the available information and encourages readers to verify details through reliable sources.",REAL,Health,Official/Reported,Author_134,2026-06-20,UK,English,31,True,0.89,21760,18553,4754
1350,Technology company releases a software update with security fixes,"According to an update shared by relevant organizations, technology company releases a software update with security fixes. The report focuses on the available information and encourages readers to verify details through reliable sources.",REAL,Education,Official/Reported,Author_96,2026-05-16,Canada,English,33,True,0.8,43286,17744,2690
1351,Celebrity secretly becomes president of the country overnight,"An unverified internet post claims that celebrity secretly becomes president of the country overnight. No dependable evidence is provided in the message, so the information should not be treated as confirmed without further verification.",FAKE,Entertainment,Social Media/Unverified,Author_3,2026-06-14,USA,English,34,False,0.1,8798,739,5109
1352,Scientists confirm that drinking one glass of water gives superpowers,"An unverified internet post claims that scientists confirm that drinking one glass of water gives superpowers. No dependable evidence is provided in the message, so the information should not be treated as confirmed without further verification.",FAKE,Education,Social Media/Unverified,Author_52,2026-02-18,Canada,English,36,False,0.17,8019,61437,9739
1353,Government announces free smartphones for every citizen tomorrow,A viral online claim says that government announces free smartphones for every citizen tomorrow. The post provides dramatic details but does not identify a reliable official source or independent evidence. Readers should verify the claim before sharing it.,FAKE,Technology,Social Media/Unverified,Author_90,2026-04-12,India,English,38,False,0.37,35999,37254,13447
1354,New app claims it can predict every person's future with 100 percent accuracy,Social media users are circulating a story claiming that new app claims it can predict every person's future with 100 percent accuracy. The claim appears sensational and should be checked against trustworthy news organizations and official statements.,FAKE,Health,Social Media/Unverified,Author_95,2026-07-09,Australia,English,37,False,0.24,86434,26558,1269
1355,Internet users discover a hidden button that makes phones charge instantly,"An unverified internet post claims that internet users discover a hidden button that makes phones charge instantly. No dependable evidence is provided in the message, so the information should not be treated as confirmed without further verification.",FAKE,Science,Social Media/Unverified,Author_27,2026-04-09,USA,English,37,False,0.14,13421,16612,13056
1356,Researchers prove that humans can survive without sleep for one year,"An unverified internet post claims that researchers prove that humans can survive without sleep for one year. No dependable evidence is provided in the message, so the information should not be treated as confirmed without further verification.",FAKE,Weather,Social Media/Unverified,Author_85,2026-05-26,Australia,English,37,False,0.28,62060,27439,2754
1357,Company announces that its laptop can run for ten years without charging,A viral online claim says that company announces that its laptop can run for ten years without charging. The post provides dramatic details but does not identify a reliable official source or independent evidence. Readers should verify the claim before sharing it.,FAKE,Education,Social Media/Unverified,Author_56,2026-02-26,Australia,English,42,False,0.1,21613,62325,14329
1358,Social media post claims the moon will disappear for seven days,A viral online claim says that social media post claims the moon will disappear for seven days. The post provides dramatic details but does not identify a reliable official source or independent evidence. Readers should verify the claim before sharing it.,FAKE,Business,Social Media/Unverified,Author_20,2026-01-05,Australia,English,41,False,0.33,55768,61830,5359
1359,Online message says students can receive guaranteed jobs by sharing one post,Social media users are circulating a story claiming that online message says students can receive guaranteed jobs by sharing one post. The claim appears sensational and should be checked against trustworthy news organizations and official statements.,FAKE,Technology,Social Media/Unverified,Author_62,2026-07-13,Canada,English,36,False,0.3,46539,40868,13740
1360,Viral post claims a common household item can completely cure every disease,"An unverified internet post claims that viral post claims a common household item can completely cure every disease. No dependable evidence is provided in the message, so the information should not be treated as confirmed without further verification.",FAKE,Business,Social Media/Unverified,Author_136,2026-02-20,USA,English,38,False,0.38,83079,36408,11654
1361,Government announces new scholarship program for college students,Officials and researchers have reported an update related to government announces new scholarship program for college students. The information is being discussed through formal announcements and available reports. Readers are advised to check the original source for complete details.,REAL,Weather,Official/Reported,Author_144,2026-08-16,UK,English,39,True,0.91,73135,57075,10683
1362,Scientists discover a new method to improve solar panel efficiency,"A recent report discusses scientists discover a new method to improve solar panel efficiency. The development has attracted public attention, while further details are expected from relevant authorities and organizations.",REAL,Science,Official/Reported,Author_7,2026-06-28,Canada,English,30,True,0.93,45359,55589,3502
1363,Local university opens a new artificial intelligence research center,"According to an update shared by relevant organizations, local university opens a new artificial intelligence research center. The report focuses on the available information and encourages readers to verify details through reliable sources.",REAL,Education,Official/Reported,Author_98,2026-06-06,India,English,33,True,0.8,47325,68949,3193
1364,New public transport route launched to connect rural areas,Officials and researchers have reported an update related to new public transport route launched to connect rural areas. The information is being discussed through formal announcements and available reports. Readers are advised to check the original source for complete details.,REAL,Health,Official/Reported,Author_85,2026-02-12,UK,English,40,True,0.87,1713,79536,4473
1365,Researchers publish study on reducing plastic waste in cities,Officials and researchers have reported an update related to researchers publish study on reducing plastic waste in cities. The information is being discussed through formal announcements and available reports. Readers are advised to check the original source for complete details.,REAL,Health,Official/Reported,Author_123,2026-07-02,UK,English,40,True,0.82,7510,75001,13489
1366,Health department releases updated vaccination schedule,Officials and researchers have reported an update related to health department releases updated vaccination schedule. The information is being discussed through formal announcements and available reports. Readers are advised to check the original source for complete details.,REAL,Entertainment,Official/Reported,Author_117,2026-08-06,Canada,English,37,True,0.93,84885,71516,13228
1367,National bank introduces updated digital payment security guidelines,Officials and researchers have reported an update related to national bank introduces updated digital payment security guidelines. The information is being discussed through formal announcements and available reports. Readers are advised to check the original source for complete details.,REAL,Politics,Official/Reported,Author_95,2026-01-20,USA,English,39,True,0.92,23197,17260,1356
1368,Weather department issues rainfall advisory for several regions,"A recent report discusses weather department issues rainfall advisory for several regions. The development has attracted public attention, while further details are expected from relevant authorities and organizations.",REAL,Technology,Official/Reported,Author_15,2026-08-21,India,English,28,True,0.83,71324,36374,13968
1369,University launches internship program for engineering students,Officials and researchers have reported an update related to university launches internship program for engineering students. The information is being discussed through formal announcements and available reports. Readers are advised to check the original source for complete details.,REAL,Politics,Official/Reported,Author_86,2026-06-23,USA,English,38,True,0.97,76929,48010,8459
1370,Technology company releases a software update with security fixes,Officials and researchers have reported an update related to technology company releases a software update with security fixes. The information is being discussed through formal announcements and available reports. Readers are advised to check the original source for complete details.,REAL,Weather,Official/Reported,Author_107,2026-01-03,USA,English,40,True,0.95,65745,19339,11943
1371,Celebrity secretly becomes president of the country overnight,Social media users are circulating a story claiming that celebrity secretly becomes president of the country overnight. The claim appears sensational and should be checked against trustworthy news organizations and official statements.,FAKE,Technology,Social Media/Unverified,Author_45,2026-08-02,UK,English,32,False,0.26,90281,66257,6705
1372,Scientists confirm that drinking one glass of water gives superpowers,A viral online claim says that scientists confirm that drinking one glass of water gives superpowers. The post provides dramatic details but does not identify a reliable official source or independent evidence. Readers should verify the claim before sharing it.,FAKE,Politics,Social Media/Unverified,Author_80,2026-05-18,UK,English,40,False,0.09,61122,74476,13698
1373,Government announces free smartphones for every citizen tomorrow,"An unverified internet post claims that government announces free smartphones for every citizen tomorrow. No dependable evidence is provided in the message, so the information should not be treated as confirmed without further verification.",FAKE,Technology,Social Media/Unverified,Author_145,2026-08-03,India,English,34,False,0.37,23930,11331,3041
1374,New app claims it can predict every person's future with 100 percent accuracy,Social media users are circulating a story claiming that new app claims it can predict every person's future with 100 percent accuracy. The claim appears sensational and should be checked against trustworthy news organizations and official statements.,FAKE,Politics,Social Media/Unverified,Author_44,2026-01-07,UK,English,37,False,0.21,94942,32344,5042
1375,Internet users discover a hidden button that makes phones charge instantly,"An unverified internet post claims that internet users discover a hidden button that makes phones charge instantly. No dependable evidence is provided in the message, so the information should not be treated as confirmed without further verification.",FAKE,Education,Social Media/Unverified,Author_34,2026-05-02,Canada,English,37,False,0.3,23341,36569,2300
1376,Researchers prove that humans can survive without sleep for one year,"An unverified internet post claims that researchers prove that humans can survive without sleep for one year. No dependable evidence is provided in the message, so the information should not be treated as confirmed without further verification.",FAKE,Business,Social Media/Unverified,Author_106,2026-04-27,USA,English,37,False,0.15,26122,23219,4832
1377,Company announces that its laptop can run for ten years without charging,Social media users are circulating a story claiming that company announces that its laptop can run for ten years without charging. The claim appears sensational and should be checked against trustworthy news organizations and official statements.,FAKE,Entertainment,Social Media/Unverified,Author_68,2026-02-16,UK,English,36,False,0.25,45735,68561,7367
1378,Social media post claims the moon will disappear for seven days,"An unverified internet post claims that social media post claims the moon will disappear for seven days. No dependable evidence is provided in the message, so the information should not be treated as confirmed without further verification.",FAKE,Science,Social Media/Unverified,Author_10,2026-07-05,Australia,English,37,False,0.25,92047,56871,5683
1379,Online message says students can receive guaranteed jobs by sharing one post,"An unverified internet post claims that online message says students can receive guaranteed jobs by sharing one post. No dependable evidence is provided in the message, so the information should not be treated as confirmed without further verification.",FAKE,Health,Social Media/Unverified,Author_54,2026-06-23,Australia,English,38,False,0.24,97413,35256,1486
1380,Viral post claims a common household item can completely cure every disease,"An unverified internet post claims that viral post claims a common household item can completely cure every disease. No dependable evidence is provided in the message, so the information should not be treated as confirmed without further verification.",FAKE,Education,Social Media/Unverified,Author_67,2026-04-15,UK,English,38,False,0.06,15122,67773,10786
1381,Government announces new scholarship program for college students,"According to an update shared by relevant organizations, government announces new scholarship program for college students. The report focuses on the available information and encourages readers to verify details through reliable sources.",REAL,Science,Official/Reported,Author_122,2026-03-15,Australia,English,32,True,0.83,73904,49538,10785
1382,Scientists discover a new method to improve solar panel efficiency,"According to an update shared by relevant organizations, scientists discover a new method to improve solar panel efficiency. The report focuses on the available information and encourages readers to verify details through reliable sources.",REAL,Politics,Official/Reported,Author_83,2026-02-21,UK,English,34,True,0.96,1045,20812,6904
1383,Local university opens a new artificial intelligence research center,"A recent report discusses local university opens a new artificial intelligence research center. The development has attracted public attention, while further details are expected from relevant authorities and organizations.",REAL,Business,Official/Reported,Author_87,2026-02-06,UK,English,29,True,0.82,61199,71672,3050
1384,New public transport route launched to connect rural areas,Officials and researchers have reported an update related to new public transport route launched to connect rural areas. The information is being discussed through formal announcements and available reports. Readers are advised to check the original source for complete details.,REAL,Entertainment,Official/Reported,Author_117,2026-07-24,Canada,English,40,True,0.86,31937,33110,11851
1385,Researchers publish study on reducing plastic waste in cities,"A recent report discusses researchers publish study on reducing plastic waste in cities. The development has attracted public attention, while further details are expected from relevant authorities and organizations.",REAL,Business,Official/Reported,Author_124,2026-07-10,India,English,29,True,0.98,30720,66453,1767
1386,Health department releases updated vaccination schedule,"A recent report discusses health department releases updated vaccination schedule. The development has attracted public attention, while further details are expected from relevant authorities and organizations.",REAL,Weather,Official/Reported,Author_69,2026-07-19,India,English,26,True,0.79,21818,39402,14525
1387,National bank introduces updated digital payment security guidelines,"According to an update shared by relevant organizations, national bank introduces updated digital payment security guidelines. The report focuses on the available information and encourages readers to verify details through reliable sources.",REAL,Education,Official/Reported,Author_146,2026-03-05,UK,English,32,True,0.94,7061,11853,5067
1388,Weather department issues rainfall advisory for several regions,Officials and researchers have reported an update related to weather department issues rainfall advisory for several regions. The information is being discussed through formal announcements and available reports. Readers are advised to check the original source for complete details.,REAL,Business,Official/Reported,Author_118,2026-07-06,Canada,English,39,True,0.75,19341,26272,14466
1389,University launches internship program for engineering students,Officials and researchers have reported an update related to university launches internship program for engineering students. The information is being discussed through formal announcements and available reports. Readers are advised to check the original source for complete details.,REAL,Health,Official/Reported,Author_79,2026-02-06,USA,English,38,True,0.96,57229,11823,11864
1390,Technology company releases a software update with security fixes,Officials and researchers have reported an update related to technology company releases a software update with security fixes. The information is being discussed through formal announcements and available reports. Readers are advised to check the original source for complete details.,REAL,Science,Official/Reported,Author_143,2026-06-01,Canada,English,40,True,0.79,13105,61713,9008
1391,Celebrity secretly becomes president of the country overnight,"An unverified internet post claims that celebrity secretly becomes president of the country overnight. No dependable evidence is provided in the message, so the information should not be treated as confirmed without further verification.",FAKE,Weather,Social Media/Unverified,Author_55,2026-08-22,Canada,English,34,False,0.34,92576,31821,12501
1392,Scientists confirm that drinking one glass of water gives superpowers,A viral online claim says that scientists confirm that drinking one glass of water gives superpowers. The post provides dramatic details but does not identify a reliable official source or independent evidence. Readers should verify the claim before sharing it.,FAKE,Weather,Social Media/Unverified,Author_33,2026-06-25,USA,English,40,False,0.19,42885,37123,13431
1393,Government announces free smartphones for every citizen tomorrow,"An unverified internet post claims that government announces free smartphones for every citizen tomorrow. No dependable evidence is provided in the message, so the information should not be treated as confirmed without further verification.",FAKE,Weather,Social Media/Unverified,Author_101,2026-02-12,Canada,English,34,False,0.28,76874,3530,3632
1394,New app claims it can predict every person's future with 100 percent accuracy,"An unverified internet post claims that new app claims it can predict every person's future with 100 percent accuracy. No dependable evidence is provided in the message, so the information should not be treated as confirmed without further verification.",FAKE,Science,Social Media/Unverified,Author_61,2026-06-12,UK,English,39,False,0.23,218,78539,12315
1395,Internet users discover a hidden button that makes phones charge instantly,Social media users are circulating a story claiming that internet users discover a hidden button that makes phones charge instantly. The claim appears sensational and should be checked against trustworthy news organizations and official statements.,FAKE,Technology,Social Media/Unverified,Author_59,2026-03-16,USA,English,35,False,0.07,39585,57073,1521
1396,Researchers prove that humans can survive without sleep for one year,Social media users are circulating a story claiming that researchers prove that humans can survive without sleep for one year. The claim appears sensational and should be checked against trustworthy news organizations and official statements.,FAKE,Weather,Social Media/Unverified,Author_47,2026-07-05,UK,English,35,False,0.16,88519,63005,570
1397,Company announces that its laptop can run for ten years without charging,Social media users are circulating a story claiming that company announces that its laptop can run for ten years without charging. The claim appears sensational and should be checked against trustworthy news organizations and official statements.,FAKE,Weather,Social Media/Unverified,Author_46,2026-03-13,Australia,English,36,False,0.34,60948,10836,5673
1398,Social media post claims the moon will disappear for seven days,"An unverified internet post claims that social media post claims the moon will disappear for seven days. No dependable evidence is provided in the message, so the information should not be treated as confirmed without further verification.",FAKE,Technology,Social Media/Unverified,Author_104,2026-01-06,UK,English,37,False,0.1,66459,50335,11244
1399,Online message says students can receive guaranteed jobs by sharing one post,Social media users are circulating a story claiming that online message says students can receive guaranteed jobs by sharing one post. The claim appears sensational and should be checked against trustworthy news organizations and official statements.,FAKE,Politics,Social Media/Unverified,Author_125,2026-07-14,India,English,36,False,0.16,33911,15203,9889
1400,Viral post claims a common household item can completely cure every disease,Social media users are circulating a story claiming that viral post claims a common household item can completely cure every disease. The claim appears sensational and should be checked against trustworthy news organizations and official statements.,FAKE,Business,Social Media/Unverified,Author_122,2026-06-28,Australia,English,36,False,0.39,14647,23445,6947
1401,Government announces new scholarship program for college students,"According to an update shared by relevant organizations, government announces new scholarship program for college students. The report focuses on the available information and encourages readers to verify details through reliable sources.",REAL,Weather,Official/Reported,Author_21,2026-03-01,UK,English,32,True,0.98,92751,77357,4224
1402,Scientists discover a new method to improve solar panel efficiency,Officials and researchers have reported an update related to scientists discover a new method to improve solar panel efficiency. The information is being discussed through formal announcements and available reports. Readers are advised to check the original source for complete details.,REAL,Entertainment,Official/Reported,Author_112,2026-01-15,UK,English,41,True,0.76,64185,60330,6014
1403,Local university opens a new artificial intelligence research center,Officials and researchers have reported an update related to local university opens a new artificial intelligence research center. The information is being discussed through formal announcements and available reports. Readers are advised to check the original source for complete details.,REAL,Business,Official/Reported,Author_65,2026-07-11,UK,English,40,True,0.93,3094,71144,4378
1404,New public transport route launched to connect rural areas,Officials and researchers have reported an update related to new public transport route launched to connect rural areas. The information is being discussed through formal announcements and available reports. Readers are advised to check the original source for complete details.,REAL,Health,Official/Reported,Author_92,2026-07-01,Canada,English,40,True,0.83,83369,4673,9761
1405,Researchers publish study on reducing plastic waste in cities,Officials and researchers have reported an update related to researchers publish study on reducing plastic waste in cities. The information is being discussed through formal announcements and available reports. Readers are advised to check the original source for complete details.,REAL,Business,Official/Reported,Author_10,2026-07-08,USA,English,40,True,0.77,12405,16527,11907
1406,Health department releases updated vaccination schedule,Officials and researchers have reported an update related to health department releases updated vaccination schedule. The information is being discussed through formal announcements and available reports. Readers are advised to check the original source for complete details.,REAL,Entertainment,Official/Reported,Author_111,2026-05-12,Canada,English,37,True,0.92,32004,68628,9323
1407,National bank introduces updated digital payment security guidelines,"A recent report discusses national bank introduces updated digital payment security guidelines. The development has attracted public attention, while further details are expected from relevant authorities and organizations.",REAL,Politics,Official/Reported,Author_20,2026-06-12,India,English,28,True,0.79,94881,13259,6257
1408,Weather department issues rainfall advisory for several regions,"According to an update shared by relevant organizations, weather department issues rainfall advisory for several regions. The report focuses on the available information and encourages readers to verify details through reliable sources.",REAL,Technology,Official/Reported,Author_87,2026-05-14,Canada,English,32,True,0.76,97890,33671,11822
1409,University launches internship program for engineering students,"According to an update shared by relevant organizations, university launches internship program for engineering students. The report focuses on the available information and encourages readers to verify details through reliable sources.",REAL,Technology,Official/Reported,Author_111,2026-02-26,USA,English,31,True,0.89,39751,67381,8833
1410,Technology company releases a software update with security fixes,Officials and researchers have reported an update related to technology company releases a software update with security fixes. The information is being discussed through formal announcements and available reports. Readers are advised to check the original source for complete details.,REAL,Politics,Official/Reported,Author_96,2026-08-07,Canada,English,40,True,0.82,90300,24346,4535
1411,Celebrity secretly becomes president of the country overnight,"An unverified internet post claims that celebrity secretly becomes president of the country overnight. No dependable evidence is provided in the message, so the information should not be treated as confirmed without further verification.",FAKE,Politics,Social Media/Unverified,Author_103,2026-03-22,UK,English,34,False,0.15,53380,27154,306
1412,Scientists confirm that drinking one glass of water gives superpowers,Social media users are circulating a story claiming that scientists confirm that drinking one glass of water gives superpowers. The claim appears sensational and should be checked against trustworthy news organizations and official statements.,FAKE,Science,Social Media/Unverified,Author_71,2026-05-15,Australia,English,34,False,0.33,83221,41706,1591
1413,Government announces free smartphones for every citizen tomorrow,A viral online claim says that government announces free smartphones for every citizen tomorrow. The post provides dramatic details but does not identify a reliable official source or independent evidence. Readers should verify the claim before sharing it.,FAKE,Education,Social Media/Unverified,Author_5,2026-06-08,India,English,38,False,0.26,95451,79869,13549
1414,New app claims it can predict every person's future with 100 percent accuracy,Social media users are circulating a story claiming that new app claims it can predict every person's future with 100 percent accuracy. The claim appears sensational and should be checked against trustworthy news organizations and official statements.,FAKE,Weather,Social Media/Unverified,Author_85,2026-07-16,Australia,English,37,False,0.05,44652,41901,5674
1415,Internet users discover a hidden button that makes phones charge instantly,Social media users are circulating a story claiming that internet users discover a hidden button that makes phones charge instantly. The claim appears sensational and should be checked against trustworthy news organizations and official statements.,FAKE,Science,Social Media/Unverified,Author_119,2026-08-07,Australia,English,35,False,0.29,88219,51131,4189
1416,Researchers prove that humans can survive without sleep for one year,Social media users are circulating a story claiming that researchers prove that humans can survive without sleep for one year. The claim appears sensational and should be checked against trustworthy news organizations and official statements.,FAKE,Politics,Social Media/Unverified,Author_147,2026-02-21,Canada,English,35,False,0.25,45269,10896,3400
1417,Company announces that its laptop can run for ten years without charging,"An unverified internet post claims that company announces that its laptop can run for ten years without charging. No dependable evidence is provided in the message, so the information should not be treated as confirmed without further verification.",FAKE,Business,Social Media/Unverified,Author_78,2026-05-25,UK,English,38,False,0.21,61270,3880,2554
1418,Social media post claims the moon will disappear for seven days,"An unverified internet post claims that social media post claims the moon will disappear for seven days. No dependable evidence is provided in the message, so the information should not be treated as confirmed without further verification.",FAKE,Science,Social Media/Unverified,Author_91,2026-07-14,India,English,37,False,0.31,37219,72938,12190
1419,Online message says students can receive guaranteed jobs by sharing one post,Social media users are circulating a story claiming that online message says students can receive guaranteed jobs by sharing one post. The claim appears sensational and should be checked against trustworthy news organizations and official statements.,FAKE,Education,Social Media/Unverified,Author_97,2026-03-13,Australia,English,36,False,0.38,16196,12716,6483
1420,Viral post claims a common household item can completely cure every disease,A viral online claim says that viral post claims a common household item can completely cure every disease. The post provides dramatic details but does not identify a reliable official source or independent evidence. Readers should verify the claim before sharing it.,FAKE,Education,Social Media/Unverified,Author_29,2026-05-06,USA,English,42,False,0.32,96277,52580,9012
1421,Government announces new scholarship program for college students,"A recent report discusses government announces new scholarship program for college students. The development has attracted public attention, while further details are expected from relevant authorities and organizations.",REAL,Business,Official/Reported,Author_56,2026-07-20,UK,English,28,True,0.83,47612,13851,10882
1422,Scientists discover a new method to improve solar panel efficiency,"According to an update shared by relevant organizations, scientists discover a new method to improve solar panel efficiency. The report focuses on the available information and encourages readers to verify details through reliable sources.",REAL,Business,Official/Reported,Author_129,2026-07-08,Canada,English,34,True,0.87,60816,37528,13535
1423,Local university opens a new artificial intelligence research center,"A recent report discusses local university opens a new artificial intelligence research center. The development has attracted public attention, while further details are expected from relevant authorities and organizations.",REAL,Science,Official/Reported,Author_46,2026-07-10,India,English,29,True,0.88,43795,60825,10751
1424,New public transport route launched to connect rural areas,Officials and researchers have reported an update related to new public transport route launched to connect rural areas. The information is being discussed through formal announcements and available reports. Readers are advised to check the original source for complete details.,REAL,Technology,Official/Reported,Author_99,2026-07-14,Canada,English,40,True,0.8,3816,29390,2270
1425,Researchers publish study on reducing plastic waste in cities,"According to an update shared by relevant organizations, researchers publish study on reducing plastic waste in cities. The report focuses on the available information and encourages readers to verify details through reliable sources.",REAL,Technology,Official/Reported,Author_147,2026-07-01,UK,English,33,True,0.9,21828,74625,10248
1426,Health department releases updated vaccination schedule,"A recent report discusses health department releases updated vaccination schedule. The development has attracted public attention, while further details are expected from relevant authorities and organizations.",REAL,Technology,Official/Reported,Author_95,2026-01-24,Australia,English,26,True,0.96,85746,51036,9044
1427,National bank introduces updated digital payment security guidelines,"According to an update shared by relevant organizations, national bank introduces updated digital payment security guidelines. The report focuses on the available information and encourages readers to verify details through reliable sources.",REAL,Education,Official/Reported,Author_42,2026-08-12,USA,English,32,True,0.79,93437,26191,5287
1428,Weather department issues rainfall advisory for several regions,Officials and researchers have reported an update related to weather department issues rainfall advisory for several regions. The information is being discussed through formal announcements and available reports. Readers are advised to check the original source for complete details.,REAL,Health,Official/Reported,Author_17,2026-01-07,Australia,English,39,True,0.86,32128,79074,7268
1429,University launches internship program for engineering students,Officials and researchers have reported an update related to university launches internship program for engineering students. The information is being discussed through formal announcements and available reports. Readers are advised to check the original source for complete details.,REAL,Science,Official/Reported,Author_119,2026-02-26,Australia,English,38,True,0.95,20885,32099,7572
1430,Technology company releases a software update with security fixes,"According to an update shared by relevant organizations, technology company releases a software update with security fixes. The report focuses on the available information and encourages readers to verify details through reliable sources.",REAL,Technology,Official/Reported,Author_2,2026-01-22,Canada,English,33,True,0.96,61641,50509,1152
1431,Celebrity secretly becomes president of the country overnight,Social media users are circulating a story claiming that celebrity secretly becomes president of the country overnight. The claim appears sensational and should be checked against trustworthy news organizations and official statements.,FAKE,Health,Social Media/Unverified,Author_138,2026-02-23,Australia,English,32,False,0.28,70024,3114,7184
1432,Scientists confirm that drinking one glass of water gives superpowers,Social media users are circulating a story claiming that scientists confirm that drinking one glass of water gives superpowers. The claim appears sensational and should be checked against trustworthy news organizations and official statements.,FAKE,Politics,Social Media/Unverified,Author_75,2026-07-27,India,English,34,False,0.18,93939,67056,10309
1433,Government announces free smartphones for every citizen tomorrow,"An unverified internet post claims that government announces free smartphones for every citizen tomorrow. No dependable evidence is provided in the message, so the information should not be treated as confirmed without further verification.",FAKE,Entertainment,Social Media/Unverified,Author_110,2026-02-04,USA,English,34,False,0.35,99354,76002,12346
1434,New app claims it can predict every person's future with 100 percent accuracy,A viral online claim says that new app claims it can predict every person's future with 100 percent accuracy. The post provides dramatic details but does not identify a reliable official source or independent evidence. Readers should verify the claim before sharing it.,FAKE,Science,Social Media/Unverified,Author_94,2026-07-22,UK,English,43,False,0.1,31869,63259,3442
1435,Internet users discover a hidden button that makes phones charge instantly,Social media users are circulating a story claiming that internet users discover a hidden button that makes phones charge instantly. The claim appears sensational and should be checked against trustworthy news organizations and official statements.,FAKE,Technology,Social Media/Unverified,Author_85,2026-02-15,Canada,English,35,False,0.31,99228,34083,5610
1436,Researchers prove that humans can survive without sleep for one year,Social media users are circulating a story claiming that researchers prove that humans can survive without sleep for one year. The claim appears sensational and should be checked against trustworthy news organizations and official statements.,FAKE,Entertainment,Social Media/Unverified,Author_85,2026-08-23,UK,English,35,False,0.25,77922,4690,12473
1437,Company announces that its laptop can run for ten years without charging,A viral online claim says that company announces that its laptop can run for ten years without charging. The post provides dramatic details but does not identify a reliable official source or independent evidence. Readers should verify the claim before sharing it.,FAKE,Science,Social Media/Unverified,Author_134,2026-05-01,USA,English,42,False,0.36,73874,47547,11694
1438,Social media post claims the moon will disappear for seven days,Social media users are circulating a story claiming that social media post claims the moon will disappear for seven days. The claim appears sensational and should be checked against trustworthy news organizations and official statements.,FAKE,Health,Social Media/Unverified,Author_41,2026-05-16,Canada,English,35,False,0.29,20252,16854,2400
1439,Online message says students can receive guaranteed jobs by sharing one post,"An unverified internet post claims that online message says students can receive guaranteed jobs by sharing one post. No dependable evidence is provided in the message, so the information should not be treated as confirmed without further verification.",FAKE,Health,Social Media/Unverified,Author_99,2026-05-21,USA,English,38,False,0.06,27752,76450,4963
1440,Viral post claims a common household item can completely cure every disease,A viral online claim says that viral post claims a common household item can completely cure every disease. The post provides dramatic details but does not identify a reliable official source or independent evidence. Readers should verify the claim before sharing it.,FAKE,Politics,Social Media/Unverified,Author_67,2026-06-24,Australia,English,42,False,0.31,67750,53199,7814
1441,Government announces new scholarship program for college students,"According to an update shared by relevant organizations, government announces new scholarship program for college students. The report focuses on the available information and encourages readers to verify details through reliable sources.",REAL,Science,Official/Reported,Author_89,2026-03-19,Australia,English,32,True,0.83,49078,49547,14178
1442,Scientists discover a new method to improve solar panel efficiency,"A recent report discusses scientists discover a new method to improve solar panel efficiency. The development has attracted public attention, while further details are expected from relevant authorities and organizations.",REAL,Science,Official/Reported,Author_135,2026-08-06,Canada,English,30,True,0.97,1875,8492,5609
1443,Local university opens a new artificial intelligence research center,Officials and researchers have reported an update related to local university opens a new artificial intelligence research center. The information is being discussed through formal announcements and available reports. Readers are advised to check the original source for complete details.,REAL,Health,Official/Reported,Author_53,2026-04-05,UK,English,40,True,0.9,95530,15680,10649
1444,New public transport route launched to connect rural areas,Officials and researchers have reported an update related to new public transport route launched to connect rural areas. The information is being discussed through formal announcements and available reports. Readers are advised to check the original source for complete details.,REAL,Business,Official/Reported,Author_128,2026-08-19,India,English,40,True,0.95,68707,29938,12146
1445,Researchers publish study on reducing plastic waste in cities,Officials and researchers have reported an update related to researchers publish study on reducing plastic waste in cities. The information is being discussed through formal announcements and available reports. Readers are advised to check the original source for complete details.,REAL,Business,Official/Reported,Author_9,2026-07-21,India,English,40,True,0.98,66518,8812,4447
1446,Health department releases updated vaccination schedule,"According to an update shared by relevant organizations, health department releases updated vaccination schedule. The report focuses on the available information and encourages readers to verify details through reliable sources.",REAL,Technology,Official/Reported,Author_15,2026-08-19,Australia,English,30,True,0.81,33573,23949,11300
1447,National bank introduces updated digital payment security guidelines,"According to an update shared by relevant organizations, national bank introduces updated digital payment security guidelines. The report focuses on the available information and encourages readers to verify details through reliable sources.",REAL,Education,Official/Reported,Author_59,2026-08-06,India,English,32,True,0.99,34844,72353,4546
1448,Weather department issues rainfall advisory for several regions,Officials and researchers have reported an update related to weather department issues rainfall advisory for several regions. The information is being discussed through formal announcements and available reports. Readers are advised to check the original source for complete details.,REAL,Education,Official/Reported,Author_17,2026-03-17,UK,English,39,True,0.76,29840,31978,9595
1449,University launches internship program for engineering students,"According to an update shared by relevant organizations, university launches internship program for engineering students. The report focuses on the available information and encourages readers to verify details through reliable sources.",REAL,Entertainment,Official/Reported,Author_119,2026-02-18,India,English,31,True,0.83,83097,9580,3218
1450,Technology company releases a software update with security fixes,"A recent report discusses technology company releases a software update with security fixes. The development has attracted public attention, while further details are expected from relevant authorities and organizations.",REAL,Technology,Official/Reported,Author_114,2026-02-16,USA,English,29,True,0.77,77260,28184,9802
1451,Celebrity secretly becomes president of the country overnight,Social media users are circulating a story claiming that celebrity secretly becomes president of the country overnight. The claim appears sensational and should be checked against trustworthy news organizations and official statements.,FAKE,Health,Social Media/Unverified,Author_146,2026-01-19,Canada,English,32,False,0.35,14627,58022,12736
1452,Scientists confirm that drinking one glass of water gives superpowers,"An unverified internet post claims that scientists confirm that drinking one glass of water gives superpowers. No dependable evidence is provided in the message, so the information should not be treated as confirmed without further verification.",FAKE,Education,Social Media/Unverified,Author_117,2026-01-09,Canada,English,36,False,0.26,64576,23143,5384
1453,Government announces free smartphones for every citizen tomorrow,"An unverified internet post claims that government announces free smartphones for every citizen tomorrow. No dependable evidence is provided in the message, so the information should not be treated as confirmed without further verification.",FAKE,Entertainment,Social Media/Unverified,Author_132,2026-05-21,UK,English,34,False,0.14,69765,32644,5589
1454,New app claims it can predict every person's future with 100 percent accuracy,Social media users are circulating a story claiming that new app claims it can predict every person's future with 100 percent accuracy. The claim appears sensational and should be checked against trustworthy news organizations and official statements.,FAKE,Health,Social Media/Unverified,Author_113,2026-02-25,USA,English,37,False,0.22,41849,66792,7708
1455,Internet users discover a hidden button that makes phones charge instantly,Social media users are circulating a story claiming that internet users discover a hidden button that makes phones charge instantly. The claim appears sensational and should be checked against trustworthy news organizations and official statements.,FAKE,Science,Social Media/Unverified,Author_46,2026-02-25,Canada,English,35,False,0.29,12405,58095,5610
1456,Researchers prove that humans can survive without sleep for one year,"An unverified internet post claims that researchers prove that humans can survive without sleep for one year. No dependable evidence is provided in the message, so the information should not be treated as confirmed without further verification.",FAKE,Science,Social Media/Unverified,Author_50,2026-02-25,USA,English,37,False,0.12,65779,40032,5243
1457,Company announces that its laptop can run for ten years without charging,"An unverified internet post claims that company announces that its laptop can run for ten years without charging. No dependable evidence is provided in the message, so the information should not be treated as confirmed without further verification.",FAKE,Entertainment,Social Media/Unverified,Author_27,2026-05-20,USA,English,38,False,0.25,20273,42441,2562
1458,Social media post claims the moon will disappear for seven days,A viral online claim says that social media post claims the moon will disappear for seven days. The post provides dramatic details but does not identify a reliable official source or independent evidence. Readers should verify the claim before sharing it.,FAKE,Weather,Social Media/Unverified,Author_44,2026-03-20,USA,English,41,False,0.16,67704,62103,10706
1459,Online message says students can receive guaranteed jobs by sharing one post,"An unverified internet post claims that online message says students can receive guaranteed jobs by sharing one post. No dependable evidence is provided in the message, so the information should not be treated as confirmed without further verification.",FAKE,Weather,Social Media/Unverified,Author_69,2026-04-09,Canada,English,38,False,0.38,39805,48605,2375
1460,Viral post claims a common household item can completely cure every disease,Social media users are circulating a story claiming that viral post claims a common household item can completely cure every disease. The claim appears sensational and should be checked against trustworthy news organizations and official statements.,FAKE,Business,Social Media/Unverified,Author_91,2026-06-15,UK,English,36,False,0.2,51592,54678,92
1461,Government announces new scholarship program for college students,"A recent report discusses government announces new scholarship program for college students. The development has attracted public attention, while further details are expected from relevant authorities and organizations.",REAL,Politics,Official/Reported,Author_105,2026-06-21,USA,English,28,True,0.98,35950,2558,13410
1462,Scientists discover a new method to improve solar panel efficiency,"According to an update shared by relevant organizations, scientists discover a new method to improve solar panel efficiency. The report focuses on the available information and encourages readers to verify details through reliable sources.",REAL,Education,Official/Reported,Author_54,2026-05-10,UK,English,34,True,0.76,56043,50127,5336
1463,Local university opens a new artificial intelligence research center,"According to an update shared by relevant organizations, local university opens a new artificial intelligence research center. The report focuses on the available information and encourages readers to verify details through reliable sources.",REAL,Education,Official/Reported,Author_56,2026-08-28,UK,English,33,True,0.78,31878,21031,5332
1464,New public transport route launched to connect rural areas,"According to an update shared by relevant organizations, new public transport route launched to connect rural areas. The report focuses on the available information and encourages readers to verify details through reliable sources.",REAL,Entertainment,Official/Reported,Author_121,2026-01-25,Canada,English,33,True,0.92,92610,63842,4093
1465,Researchers publish study on reducing plastic waste in cities,"A recent report discusses researchers publish study on reducing plastic waste in cities. The development has attracted public attention, while further details are expected from relevant authorities and organizations.",REAL,Weather,Official/Reported,Author_16,2026-02-02,UK,English,29,True,0.82,48434,57430,4656
1466,Health department releases updated vaccination schedule,Officials and researchers have reported an update related to health department releases updated vaccination schedule. The information is being discussed through formal announcements and available reports. Readers are advised to check the original source for complete details.,REAL,Entertainment,Official/Reported,Author_35,2026-02-11,Canada,English,37,True,0.95,19725,77312,4896
1467,National bank introduces updated digital payment security guidelines,"According to an update shared by relevant organizations, national bank introduces updated digital payment security guidelines. The report focuses on the available information and encourages readers to verify details through reliable sources.",REAL,Education,Official/Reported,Author_144,2026-02-15,USA,English,32,True,0.83,71652,34177,9120
1468,Weather department issues rainfall advisory for several regions,"According to an update shared by relevant organizations, weather department issues rainfall advisory for several regions. The report focuses on the available information and encourages readers to verify details through reliable sources.",REAL,Health,Official/Reported,Author_6,2026-03-25,India,English,32,True,0.96,91662,41156,13982
1469,University launches internship program for engineering students,"A recent report discusses university launches internship program for engineering students. The development has attracted public attention, while further details are expected from relevant authorities and organizations.",REAL,Entertainment,Official/Reported,Author_55,2026-03-11,Canada,English,27,True,0.8,47484,43653,3260
1470,Technology company releases a software update with security fixes,"According to an update shared by relevant organizations, technology company releases a software update with security fixes. The report focuses on the available information and encourages readers to verify details through reliable sources.",REAL,Health,Official/Reported,Author_66,2026-01-05,India,English,33,True,0.9,56021,51949,13206
1471,Celebrity secretly becomes president of the country overnight,Social media users are circulating a story claiming that celebrity secretly becomes president of the country overnight. The claim appears sensational and should be checked against trustworthy news organizations and official statements.,FAKE,Politics,Social Media/Unverified,Author_136,2026-01-17,UK,English,32,False,0.06,57315,4210,8261
1472,Scientists confirm that drinking one glass of water gives superpowers,Social media users are circulating a story claiming that scientists confirm that drinking one glass of water gives superpowers. The claim appears sensational and should be checked against trustworthy news organizations and official statements.,FAKE,Entertainment,Social Media/Unverified,Author_73,2026-06-21,India,English,34,False,0.31,74105,12082,9147
1473,Government announces free smartphones for every citizen tomorrow,A viral online claim says that government announces free smartphones for every citizen tomorrow. The post provides dramatic details but does not identify a reliable official source or independent evidence. Readers should verify the claim before sharing it.,FAKE,Science,Social Media/Unverified,Author_132,2026-02-19,Canada,English,38,False,0.26,25030,9584,12568
1474,New app claims it can predict every person's future with 100 percent accuracy,"An unverified internet post claims that new app claims it can predict every person's future with 100 percent accuracy. No dependable evidence is provided in the message, so the information should not be treated as confirmed without further verification.",FAKE,Weather,Social Media/Unverified,Author_71,2026-08-15,USA,English,39,False,0.28,9581,23817,10614
1475,Internet users discover a hidden button that makes phones charge instantly,"An unverified internet post claims that internet users discover a hidden button that makes phones charge instantly. No dependable evidence is provided in the message, so the information should not be treated as confirmed without further verification.",FAKE,Business,Social Media/Unverified,Author_117,2026-07-01,Canada,English,37,False,0.25,842,51116,309
1476,Researchers prove that humans can survive without sleep for one year,A viral online claim says that researchers prove that humans can survive without sleep for one year. The post provides dramatic details but does not identify a reliable official source or independent evidence. Readers should verify the claim before sharing it.,FAKE,Education,Social Media/Unverified,Author_83,2026-07-05,UK,English,41,False,0.35,76605,42815,8722
1477,Company announces that its laptop can run for ten years without charging,Social media users are circulating a story claiming that company announces that its laptop can run for ten years without charging. The claim appears sensational and should be checked against trustworthy news organizations and official statements.,FAKE,Education,Social Media/Unverified,Author_148,2026-06-23,Australia,English,36,False,0.1,19445,27024,5054
1478,Social media post claims the moon will disappear for seven days,A viral online claim says that social media post claims the moon will disappear for seven days. The post provides dramatic details but does not identify a reliable official source or independent evidence. Readers should verify the claim before sharing it.,FAKE,Technology,Social Media/Unverified,Author_7,2026-01-25,USA,English,41,False,0.24,9088,42925,14263
1479,Online message says students can receive guaranteed jobs by sharing one post,Social media users are circulating a story claiming that online message says students can receive guaranteed jobs by sharing one post. The claim appears sensational and should be checked against trustworthy news organizations and official statements.,FAKE,Education,Social Media/Unverified,Author_54,2026-04-10,USA,English,36,False,0.2,35540,30542,3559
1480,Viral post claims a common household item can completely cure every disease,Social media users are circulating a story claiming that viral post claims a common household item can completely cure every disease. The claim appears sensational and should be checked against trustworthy news organizations and official statements.,FAKE,Politics,Social Media/Unverified,Author_36,2026-08-04,Canada,English,36,False,0.06,97520,27344,6232
1481,Government announces new scholarship program for college students,Officials and researchers have reported an update related to government announces new scholarship program for college students. The information is being discussed through formal announcements and available reports. Readers are advised to check the original source for complete details.,REAL,Entertainment,Official/Reported,Author_113,2026-07-07,USA,English,39,True,0.94,77370,16343,1521
1482,Scientists discover a new method to improve solar panel efficiency,Officials and researchers have reported an update related to scientists discover a new method to improve solar panel efficiency. The information is being discussed through formal announcements and available reports. Readers are advised to check the original source for complete details.,REAL,Technology,Official/Reported,Author_42,2026-04-04,Canada,English,41,True,0.93,46984,41539,6801
1483,Local university opens a new artificial intelligence research center,Officials and researchers have reported an update related to local university opens a new artificial intelligence research center. The information is being discussed through formal announcements and available reports. Readers are advised to check the original source for complete details.,REAL,Education,Official/Reported,Author_24,2026-06-16,UK,English,40,True,0.87,59903,2121,118
1484,New public transport route launched to connect rural areas,"A recent report discusses new public transport route launched to connect rural areas. The development has attracted public attention, while further details are expected from relevant authorities and organizations.",REAL,Weather,Official/Reported,Author_103,2026-02-12,UK,English,29,True,0.98,8569,56909,13890
1485,Researchers publish study on reducing plastic waste in cities,"According to an update shared by relevant organizations, researchers publish study on reducing plastic waste in cities. The report focuses on the available information and encourages readers to verify details through reliable sources.",REAL,Health,Official/Reported,Author_59,2026-02-21,Canada,English,33,True,0.96,2087,36012,11954
1486,Health department releases updated vaccination schedule,"According to an update shared by relevant organizations, health department releases updated vaccination schedule. The report focuses on the available information and encourages readers to verify details through reliable sources.",REAL,Business,Official/Reported,Author_12,2026-03-28,USA,English,30,True,0.79,1225,16775,8497
1487,National bank introduces updated digital payment security guidelines,Officials and researchers have reported an update related to national bank introduces updated digital payment security guidelines. The information is being discussed through formal announcements and available reports. Readers are advised to check the original source for complete details.,REAL,Science,Official/Reported,Author_121,2026-01-02,Australia,English,39,True,0.94,96983,38420,6089
1488,Weather department issues rainfall advisory for several regions,"According to an update shared by relevant organizations, weather department issues rainfall advisory for several regions. The report focuses on the available information and encourages readers to verify details through reliable sources.",REAL,Weather,Official/Reported,Author_41,2026-07-06,USA,English,32,True,0.97,19851,23809,5981
1489,University launches internship program for engineering students,Officials and researchers have reported an update related to university launches internship program for engineering students. The information is being discussed through formal announcements and available reports. Readers are advised to check the original source for complete details.,REAL,Science,Official/Reported,Author_8,2026-08-07,UK,English,38,True,0.85,48923,34762,10189
1490,Technology company releases a software update with security fixes,"A recent report discusses technology company releases a software update with security fixes. The development has attracted public attention, while further details are expected from relevant authorities and organizations.",REAL,Politics,Official/Reported,Author_7,2026-06-01,Canada,English,29,True,0.76,18929,53437,761
1491,Celebrity secretly becomes president of the country overnight,"An unverified internet post claims that celebrity secretly becomes president of the country overnight. No dependable evidence is provided in the message, so the information should not be treated as confirmed without further verification.",FAKE,Weather,Social Media/Unverified,Author_135,2026-03-06,India,English,34,False,0.06,29199,12079,6879
1492,Scientists confirm that drinking one glass of water gives superpowers,A viral online claim says that scientists confirm that drinking one glass of water gives superpowers. The post provides dramatic details but does not identify a reliable official source or independent evidence. Readers should verify the claim before sharing it.,FAKE,Technology,Social Media/Unverified,Author_122,2026-08-14,Australia,English,40,False,0.2,79081,99,5102
1493,Government announces free smartphones for every citizen tomorrow,Social media users are circulating a story claiming that government announces free smartphones for every citizen tomorrow. The claim appears sensational and should be checked against trustworthy news organizations and official statements.,FAKE,Entertainment,Social Media/Unverified,Author_66,2026-03-11,Australia,English,32,False,0.18,80437,12640,7828
1494,New app claims it can predict every person's future with 100 percent accuracy,Social media users are circulating a story claiming that new app claims it can predict every person's future with 100 percent accuracy. The claim appears sensational and should be checked against trustworthy news organizations and official statements.,FAKE,Education,Social Media/Unverified,Author_33,2026-04-17,USA,English,37,False,0.33,18700,29568,10800
1495,Internet users discover a hidden button that makes phones charge instantly,A viral online claim says that internet users discover a hidden button that makes phones charge instantly. The post provides dramatic details but does not identify a reliable official source or independent evidence. Readers should verify the claim before sharing it.,FAKE,Technology,Social Media/Unverified,Author_104,2026-05-20,India,English,41,False,0.14,32865,24204,11960
1496,Researchers prove that humans can survive without sleep for one year,"An unverified internet post claims that researchers prove that humans can survive without sleep for one year. No dependable evidence is provided in the message, so the information should not be treated as confirmed without further verification.",FAKE,Health,Social Media/Unverified,Author_85,2026-08-22,Australia,English,37,False,0.23,75660,34965,12450
1497,Company announces that its laptop can run for ten years without charging,A viral online claim says that company announces that its laptop can run for ten years without charging. The post provides dramatic details but does not identify a reliable official source or independent evidence. Readers should verify the claim before sharing it.,FAKE,Business,Social Media/Unverified,Author_109,2026-06-22,USA,English,42,False,0.25,4495,50471,10352
1498,Social media post claims the moon will disappear for seven days,A viral online claim says that social media post claims the moon will disappear for seven days. The post provides dramatic details but does not identify a reliable official source or independent evidence. Readers should verify the claim before sharing it.,FAKE,Education,Social Media/Unverified,Author_47,2026-01-05,India,English,41,False,0.34,31182,21223,6500
1499,Online message says students can receive guaranteed jobs by sharing one post,Social media users are circulating a story claiming that online message says students can receive guaranteed jobs by sharing one post. The claim appears sensational and should be checked against trustworthy news organizations and official statements.,FAKE,Politics,Social Media/Unverified,Author_147,2026-08-16,UK,English,36,False,0.12,75664,53175,7407
1500,Viral post claims a common household item can completely cure every disease,A viral online claim says that viral post claims a common household item can completely cure every disease. The post provides dramatic details but does not identify a reliable official source or independent evidence. Readers should verify the claim before sharing it.,FAKE,Entertainment,Social Media/Unverified,Author_68,2026-08-04,UK,English,42,False,0.28,67445,44222,5525
1501,Government announces new scholarship program for college students,Officials and researchers have reported an update related to government announces new scholarship program for college students. The information is being discussed through formal announcements and available reports. Readers are advised to check the original source for complete details.,REAL,Health,Official/Reported,Author_88,2026-08-25,Australia,English,39,True,0.86,12658,44880,12505
1502,Scientists discover a new method to improve solar panel efficiency,"According to an update shared by relevant organizations, scientists discover a new method to improve solar panel efficiency. The report focuses on the available information and encourages readers to verify details through reliable sources.",REAL,Health,Official/Reported,Author_17,2026-06-14,India,English,34,True,0.98,16554,12402,3721
1503,Local university opens a new artificial intelligence research center,"A recent report discusses local university opens a new artificial intelligence research center. The development has attracted public attention, while further details are expected from relevant authorities and organizations.",REAL,Technology,Official/Reported,Author_31,2026-05-05,UK,English,29,True,0.82,57178,72526,1359
1504,New public transport route launched to connect rural areas,"According to an update shared by relevant organizations, new public transport route launched to connect rural areas. The report focuses on the available information and encourages readers to verify details through reliable sources.",REAL,Science,Official/Reported,Author_102,2026-04-05,USA,English,33,True,0.94,26051,46396,8611
1505,Researchers publish study on reducing plastic waste in cities,"According to an update shared by relevant organizations, researchers publish study on reducing plastic waste in cities. The report focuses on the available information and encourages readers to verify details through reliable sources.",REAL,Science,Official/Reported,Author_145,2026-01-26,Australia,English,33,True,0.84,30212,69587,2732
1506,Health department releases updated vaccination schedule,"A recent report discusses health department releases updated vaccination schedule. The development has attracted public attention, while further details are expected from relevant authorities and organizations.",REAL,Science,Official/Reported,Author_26,2026-03-21,Australia,English,26,True,0.8,98458,19934,8860
1507,National bank introduces updated digital payment security guidelines,"According to an update shared by relevant organizations, national bank introduces updated digital payment security guidelines. The report focuses on the available information and encourages readers to verify details through reliable sources.",REAL,Weather,Official/Reported,Author_52,2026-05-02,Canada,English,32,True,0.82,68396,55220,14643
1508,Weather department issues rainfall advisory for several regions,"A recent report discusses weather department issues rainfall advisory for several regions. The development has attracted public attention, while further details are expected from relevant authorities and organizations.",REAL,Entertainment,Official/Reported,Author_83,2026-03-24,UK,English,28,True,0.75,32952,72849,10946
1509,University launches internship program for engineering students,"A recent report discusses university launches internship program for engineering students. The development has attracted public attention, while further details are expected from relevant authorities and organizations.",REAL,Education,Official/Reported,Author_18,2026-01-25,Canada,English,27,True,0.78,63046,21009,12527
1510,Technology company releases a software update with security fixes,Officials and researchers have reported an update related to technology company releases a software update with security fixes. The information is being discussed through formal announcements and available reports. Readers are advised to check the original source for complete details.,REAL,Weather,Official/Reported,Author_41,2026-07-13,Australia,English,40,True,0.8,45938,9249,3707
1511,Celebrity secretly becomes president of the country overnight,Social media users are circulating a story claiming that celebrity secretly becomes president of the country overnight. The claim appears sensational and should be checked against trustworthy news organizations and official statements.,FAKE,Science,Social Media/Unverified,Author_103,2026-02-24,Australia,English,32,False,0.38,19912,26983,7264
1512,Scientists confirm that drinking one glass of water gives superpowers,A viral online claim says that scientists confirm that drinking one glass of water gives superpowers. The post provides dramatic details but does not identify a reliable official source or independent evidence. Readers should verify the claim before sharing it.,FAKE,Health,Social Media/Unverified,Author_84,2026-01-21,India,English,40,False,0.23,68723,13454,12642
1513,Government announces free smartphones for every citizen tomorrow,"An unverified internet post claims that government announces free smartphones for every citizen tomorrow. No dependable evidence is provided in the message, so the information should not be treated as confirmed without further verification.",FAKE,Entertainment,Social Media/Unverified,Author_60,2026-08-10,India,English,34,False,0.24,79968,59559,2517
1514,New app claims it can predict every person's future with 100 percent accuracy,A viral online claim says that new app claims it can predict every person's future with 100 percent accuracy. The post provides dramatic details but does not identify a reliable official source or independent evidence. Readers should verify the claim before sharing it.,FAKE,Business,Social Media/Unverified,Author_70,2026-01-13,UK,English,43,False,0.09,61158,55829,9584
1515,Internet users discover a hidden button that makes phones charge instantly,A viral online claim says that internet users discover a hidden button that makes phones charge instantly. The post provides dramatic details but does not identify a reliable official source or independent evidence. Readers should verify the claim before sharing it.,FAKE,Entertainment,Social Media/Unverified,Author_75,2026-04-17,India,English,41,False,0.08,95923,79082,9814
1516,Researchers prove that humans can survive without sleep for one year,Social media users are circulating a story claiming that researchers prove that humans can survive without sleep for one year. The claim appears sensational and should be checked against trustworthy news organizations and official statements.,FAKE,Education,Social Media/Unverified,Author_127,2026-07-14,India,English,35,False,0.27,36736,36163,14823
1517,Company announces that its laptop can run for ten years without charging,Social media users are circulating a story claiming that company announces that its laptop can run for ten years without charging. The claim appears sensational and should be checked against trustworthy news organizations and official statements.,FAKE,Business,Social Media/Unverified,Author_108,2026-05-12,India,English,36,False,0.05,93476,63646,3977
1518,Social media post claims the moon will disappear for seven days,"An unverified internet post claims that social media post claims the moon will disappear for seven days. No dependable evidence is provided in the message, so the information should not be treated as confirmed without further verification.",FAKE,Entertainment,Social Media/Unverified,Author_57,2026-07-22,UK,English,37,False,0.09,92878,63950,9186
1519,Online message says students can receive guaranteed jobs by sharing one post,"An unverified internet post claims that online message says students can receive guaranteed jobs by sharing one post. No dependable evidence is provided in the message, so the information should not be treated as confirmed without further verification.",FAKE,Weather,Social Media/Unverified,Author_133,2026-07-02,Australia,English,38,False,0.09,84247,12925,9431
1520,Viral post claims a common household item can completely cure every disease,A viral online claim says that viral post claims a common household item can completely cure every disease. The post provides dramatic details but does not identify a reliable official source or independent evidence. Readers should verify the claim before sharing it.,FAKE,Technology,Social Media/Unverified,Author_62,2026-06-19,Australia,English,42,False,0.2,51618,5230,5690
1521,Government announces new scholarship program for college students,"According to an update shared by relevant organizations, government announces new scholarship program for college students. The report focuses on the available information and encourages readers to verify details through reliable sources.",REAL,Entertainment,Official/Reported,Author_118,2026-01-13,Canada,English,32,True,0.91,3370,28321,9288
1522,Scientists discover a new method to improve solar panel efficiency,Officials and researchers have reported an update related to scientists discover a new method to improve solar panel efficiency. The information is being discussed through formal announcements and available reports. Readers are advised to check the original source for complete details.,REAL,Politics,Official/Reported,Author_85,2026-02-10,Canada,English,41,True,0.94,95569,59855,13917
1523,Local university opens a new artificial intelligence research center,"A recent report discusses local university opens a new artificial intelligence research center. The development has attracted public attention, while further details are expected from relevant authorities and organizations.",REAL,Business,Official/Reported,Author_89,2026-06-08,UK,English,29,True,0.86,6275,42539,7507
1524,New public transport route launched to connect rural areas,"According to an update shared by relevant organizations, new public transport route launched to connect rural areas. The report focuses on the available information and encourages readers to verify details through reliable sources.",REAL,Health,Official/Reported,Author_42,2026-04-18,Australia,English,33,True,0.91,97095,52606,12342
1525,Researchers publish study on reducing plastic waste in cities,"A recent report discusses researchers publish study on reducing plastic waste in cities. The development has attracted public attention, while further details are expected from relevant authorities and organizations.",REAL,Science,Official/Reported,Author_128,2026-02-11,UK,English,29,True,0.9,96984,29833,5186
1526,Health department releases updated vaccination schedule,"A recent report discusses health department releases updated vaccination schedule. The development has attracted public attention, while further details are expected from relevant authorities and organizations.",REAL,Technology,Official/Reported,Author_24,2026-07-11,Australia,English,26,True,0.87,24414,50165,3312
1527,National bank introduces updated digital payment security guidelines,"A recent report discusses national bank introduces updated digital payment security guidelines. The development has attracted public attention, while further details are expected from relevant authorities and organizations.",REAL,Entertainment,Official/Reported,Author_90,2026-06-26,Canada,English,28,True,0.96,98939,20873,2761
1528,Weather department issues rainfall advisory for several regions,"A recent report discusses weather department issues rainfall advisory for several regions. The development has attracted public attention, while further details are expected from relevant authorities and organizations.",REAL,Politics,Official/Reported,Author_29,2026-04-19,UK,English,28,True,0.97,91790,73468,4853
1529,University launches internship program for engineering students,"According to an update shared by relevant organizations, university launches internship program for engineering students. The report focuses on the available information and encourages readers to verify details through reliable sources.",REAL,Science,Official/Reported,Author_102,2026-02-07,India,English,31,True,0.77,78387,53041,13962
1530,Technology company releases a software update with security fixes,"A recent report discusses technology company releases a software update with security fixes. The development has attracted public attention, while further details are expected from relevant authorities and organizations.",REAL,Science,Official/Reported,Author_88,2026-06-13,USA,English,29,True,0.97,13592,38528,10050
1531,Celebrity secretly becomes president of the country overnight,"An unverified internet post claims that celebrity secretly becomes president of the country overnight. No dependable evidence is provided in the message, so the information should not be treated as confirmed without further verification.",FAKE,Technology,Social Media/Unverified,Author_83,2026-04-15,India,English,34,False,0.14,20327,35890,431
1532,Scientists confirm that drinking one glass of water gives superpowers,Social media users are circulating a story claiming that scientists confirm that drinking one glass of water gives superpowers. The claim appears sensational and should be checked against trustworthy news organizations and official statements.,FAKE,Education,Social Media/Unverified,Author_57,2026-04-08,Canada,English,34,False,0.28,28317,19059,203
1533,Government announces free smartphones for every citizen tomorrow,Social media users are circulating a story claiming that government announces free smartphones for every citizen tomorrow. The claim appears sensational and should be checked against trustworthy news organizations and official statements.,FAKE,Education,Social Media/Unverified,Author_6,2026-08-27,Canada,English,32,False,0.2,72260,74465,3149
1534,New app claims it can predict every person's future with 100 percent accuracy,Social media users are circulating a story claiming that new app claims it can predict every person's future with 100 percent accuracy. The claim appears sensational and should be checked against trustworthy news organizations and official statements.,FAKE,Science,Social Media/Unverified,Author_133,2026-07-21,Australia,English,37,False,0.36,50748,34279,11579
1535,Internet users discover a hidden button that makes phones charge instantly,Social media users are circulating a story claiming that internet users discover a hidden button that makes phones charge instantly. The claim appears sensational and should be checked against trustworthy news organizations and official statements.,FAKE,Health,Social Media/Unverified,Author_111,2026-06-12,USA,English,35,False,0.16,46812,10102,11357
1536,Researchers prove that humans can survive without sleep for one year,A viral online claim says that researchers prove that humans can survive without sleep for one year. The post provides dramatic details but does not identify a reliable official source or independent evidence. Readers should verify the claim before sharing it.,FAKE,Business,Social Media/Unverified,Author_64,2026-03-04,Australia,English,41,False,0.3,70180,41094,1717
1537,Company announces that its laptop can run for ten years without charging,"An unverified internet post claims that company announces that its laptop can run for ten years without charging. No dependable evidence is provided in the message, so the information should not be treated as confirmed without further verification.",FAKE,Education,Social Media/Unverified,Author_90,2026-04-15,UK,English,38,False,0.25,6983,60329,10138
1538,Social media post claims the moon will disappear for seven days,Social media users are circulating a story claiming that social media post claims the moon will disappear for seven days. The claim appears sensational and should be checked against trustworthy news organizations and official statements.,FAKE,Entertainment,Social Media/Unverified,Author_112,2026-02-06,India,English,35,False,0.25,73278,7547,14677
1539,Online message says students can receive guaranteed jobs by sharing one post,Social media users are circulating a story claiming that online message says students can receive guaranteed jobs by sharing one post. The claim appears sensational and should be checked against trustworthy news organizations and official statements.,FAKE,Entertainment,Social Media/Unverified,Author_38,2026-02-22,UK,English,36,False,0.07,94233,36192,9334
1540,Viral post claims a common household item can completely cure every disease,Social media users are circulating a story claiming that viral post claims a common household item can completely cure every disease. The claim appears sensational and should be checked against trustworthy news organizations and official statements.,FAKE,Politics,Social Media/Unverified,Author_126,2026-07-23,USA,English,36,False,0.4,28217,59264,5076
1541,Government announces new scholarship program for college students,"According to an update shared by relevant organizations, government announces new scholarship program for college students. The report focuses on the available information and encourages readers to verify details through reliable sources.",REAL,Health,Official/Reported,Author_85,2026-04-19,Australia,English,32,True,0.98,18914,70733,11162
1542,Scientists discover a new method to improve solar panel efficiency,"According to an update shared by relevant organizations, scientists discover a new method to improve solar panel efficiency. The report focuses on the available information and encourages readers to verify details through reliable sources.",REAL,Business,Official/Reported,Author_2,2026-01-23,UK,English,34,True,0.89,9317,8344,8679
1543,Local university opens a new artificial intelligence research center,"A recent report discusses local university opens a new artificial intelligence research center. The development has attracted public attention, while further details are expected from relevant authorities and organizations.",REAL,Science,Official/Reported,Author_50,2026-04-20,USA,English,29,True,0.95,3874,64882,11938
1544,New public transport route launched to connect rural areas,Officials and researchers have reported an update related to new public transport route launched to connect rural areas. The information is being discussed through formal announcements and available reports. Readers are advised to check the original source for complete details.,REAL,Business,Official/Reported,Author_23,2026-02-13,Australia,English,40,True,0.92,89840,50788,13187
1545,Researchers publish study on reducing plastic waste in cities,"A recent report discusses researchers publish study on reducing plastic waste in cities. The development has attracted public attention, while further details are expected from relevant authorities and organizations.",REAL,Weather,Official/Reported,Author_122,2026-03-28,UK,English,29,True,0.79,40799,46556,2906
1546,Health department releases updated vaccination schedule,"According to an update shared by relevant organizations, health department releases updated vaccination schedule. The report focuses on the available information and encourages readers to verify details through reliable sources.",REAL,Weather,Official/Reported,Author_65,2026-08-03,USA,English,30,True,0.81,26303,29711,5754
1547,National bank introduces updated digital payment security guidelines,"According to an update shared by relevant organizations, national bank introduces updated digital payment security guidelines. The report focuses on the available information and encourages readers to verify details through reliable sources.",REAL,Technology,Official/Reported,Author_87,2026-08-25,India,English,32,True,0.88,2683,79455,997
1548,Weather department issues rainfall advisory for several regions,"According to an update shared by relevant organizations, weather department issues rainfall advisory for several regions. The report focuses on the available information and encourages readers to verify details through reliable sources.",REAL,Politics,Official/Reported,Author_96,2026-02-06,India,English,32,True,0.98,69362,1653,76
1549,University launches internship program for engineering students,"A recent report discusses university launches internship program for engineering students. The development has attracted public attention, while further details are expected from relevant authorities and organizations.",REAL,Weather,Official/Reported,Author_79,2026-01-26,Australia,English,27,True,0.89,9104,22600,3088
1550,Technology company releases a software update with security fixes,"According to an update shared by relevant organizations, technology company releases a software update with security fixes. The report focuses on the available information and encourages readers to verify details through reliable sources.",REAL,Entertainment,Official/Reported,Author_47,2026-04-12,India,English,33,True,0.96,20283,78611,6130
1551,Celebrity secretly becomes president of the country overnight,"An unverified internet post claims that celebrity secretly becomes president of the country overnight. No dependable evidence is provided in the message, so the information should not be treated as confirmed without further verification.",FAKE,Science,Social Media/Unverified,Author_113,2026-03-17,USA,English,34,False,0.34,58350,3981,10192
1552,Scientists confirm that drinking one glass of water gives superpowers,A viral online claim says that scientists confirm that drinking one glass of water gives superpowers. The post provides dramatic details but does not identify a reliable official source or independent evidence. Readers should verify the claim before sharing it.,FAKE,Technology,Social Media/Unverified,Author_80,2026-05-04,UK,English,40,False,0.29,77356,67964,2742
1553,Government announces free smartphones for every citizen tomorrow,A viral online claim says that government announces free smartphones for every citizen tomorrow. The post provides dramatic details but does not identify a reliable official source or independent evidence. Readers should verify the claim before sharing it.,FAKE,Entertainment,Social Media/Unverified,Author_50,2026-03-20,UK,English,38,False,0.38,86319,71829,13627
1554,New app claims it can predict every person's future with 100 percent accuracy,Social media users are circulating a story claiming that new app claims it can predict every person's future with 100 percent accuracy. The claim appears sensational and should be checked against trustworthy news organizations and official statements.,FAKE,Entertainment,Social Media/Unverified,Author_30,2026-02-11,USA,English,37,False,0.18,31395,64330,3085
1555,Internet users discover a hidden button that makes phones charge instantly,Social media users are circulating a story claiming that internet users discover a hidden button that makes phones charge instantly. The claim appears sensational and should be checked against trustworthy news organizations and official statements.,FAKE,Politics,Social Media/Unverified,Author_92,2026-01-16,Australia,English,35,False,0.08,68146,11926,10870
1556,Researchers prove that humans can survive without sleep for one year,"An unverified internet post claims that researchers prove that humans can survive without sleep for one year. No dependable evidence is provided in the message, so the information should not be treated as confirmed without further verification.",FAKE,Business,Social Media/Unverified,Author_135,2026-07-25,Australia,English,37,False,0.28,37045,41989,2219
1557,Company announces that its laptop can run for ten years without charging,Social media users are circulating a story claiming that company announces that its laptop can run for ten years without charging. The claim appears sensational and should be checked against trustworthy news organizations and official statements.,FAKE,Education,Social Media/Unverified,Author_75,2026-07-13,Canada,English,36,False,0.18,64296,3128,8048
1558,Social media post claims the moon will disappear for seven days,A viral online claim says that social media post claims the moon will disappear for seven days. The post provides dramatic details but does not identify a reliable official source or independent evidence. Readers should verify the claim before sharing it.,FAKE,Business,Social Media/Unverified,Author_144,2026-08-20,Canada,English,41,False,0.16,37653,7229,8643
1559,Online message says students can receive guaranteed jobs by sharing one post,A viral online claim says that online message says students can receive guaranteed jobs by sharing one post. The post provides dramatic details but does not identify a reliable official source or independent evidence. Readers should verify the claim before sharing it.,FAKE,Education,Social Media/Unverified,Author_23,2026-05-19,Australia,English,42,False,0.24,84018,41116,12111
1560,Viral post claims a common household item can completely cure every disease,A viral online claim says that viral post claims a common household item can completely cure every disease. The post provides dramatic details but does not identify a reliable official source or independent evidence. Readers should verify the claim before sharing it.,FAKE,Politics,Social Media/Unverified,Author_13,2026-05-13,USA,English,42,False,0.17,70495,6877,13496
1561,Government announces new scholarship program for college students,"According to an update shared by relevant organizations, government announces new scholarship program for college students. The report focuses on the available information and encourages readers to verify details through reliable sources.",REAL,Weather,Official/Reported,Author_131,2026-03-17,UK,English,32,True,0.91,5871,28119,1616
1562,Scientists discover a new method to improve solar panel efficiency,"A recent report discusses scientists discover a new method to improve solar panel efficiency. The development has attracted public attention, while further details are expected from relevant authorities and organizations.",REAL,Science,Official/Reported,Author_57,2026-06-03,USA,English,30,True,0.87,74871,2048,741
1563,Local university opens a new artificial intelligence research center,"A recent report discusses local university opens a new artificial intelligence research center. The development has attracted public attention, while further details are expected from relevant authorities and organizations.",REAL,Education,Official/Reported,Author_30,2026-05-01,USA,English,29,True,0.91,43362,23212,6388
1564,New public transport route launched to connect rural areas,Officials and researchers have reported an update related to new public transport route launched to connect rural areas. The information is being discussed through formal announcements and available reports. Readers are advised to check the original source for complete details.,REAL,Business,Official/Reported,Author_103,2026-01-05,USA,English,40,True,0.89,81505,33845,14449
1565,Researchers publish study on reducing plastic waste in cities,"A recent report discusses researchers publish study on reducing plastic waste in cities. The development has attracted public attention, while further details are expected from relevant authorities and organizations.",REAL,Health,Official/Reported,Author_53,2026-05-14,India,English,29,True,0.85,54226,49436,4556
1566,Health department releases updated vaccination schedule,Officials and researchers have reported an update related to health department releases updated vaccination schedule. The information is being discussed through formal announcements and available reports. Readers are advised to check the original source for complete details.,REAL,Entertainment,Official/Reported,Author_65,2026-01-21,Canada,English,37,True,0.76,58878,16898,10861
1567,National bank introduces updated digital payment security guidelines,"According to an update shared by relevant organizations, national bank introduces updated digital payment security guidelines. The report focuses on the available information and encourages readers to verify details through reliable sources.",REAL,Education,Official/Reported,Author_19,2026-02-04,USA,English,32,True,0.97,64043,8721,3004
1568,Weather department issues rainfall advisory for several regions,"According to an update shared by relevant organizations, weather department issues rainfall advisory for several regions. The report focuses on the available information and encourages readers to verify details through reliable sources.",REAL,Business,Official/Reported,Author_43,2026-05-22,Canada,English,32,True,0.82,37554,37321,14016
1569,University launches internship program for engineering students,"According to an update shared by relevant organizations, university launches internship program for engineering students. The report focuses on the available information and encourages readers to verify details through reliable sources.",REAL,Health,Official/Reported,Author_28,2026-02-13,USA,English,31,True,0.98,72722,65274,3289
1570,Technology company releases a software update with security fixes,Officials and researchers have reported an update related to technology company releases a software update with security fixes. The information is being discussed through formal announcements and available reports. Readers are advised to check the original source for complete details.,REAL,Politics,Official/Reported,Author_121,2026-08-04,India,English,40,True,0.8,50874,24184,1369
1571,Celebrity secretly becomes president of the country overnight,"An unverified internet post claims that celebrity secretly becomes president of the country overnight. No dependable evidence is provided in the message, so the information should not be treated as confirmed without further verification.",FAKE,Technology,Social Media/Unverified,Author_62,2026-07-20,UK,English,34,False,0.2,18721,57941,9781
1572,Scientists confirm that drinking one glass of water gives superpowers,A viral online claim says that scientists confirm that drinking one glass of water gives superpowers. The post provides dramatic details but does not identify a reliable official source or independent evidence. Readers should verify the claim before sharing it.,FAKE,Education,Social Media/Unverified,Author_54,2026-06-02,Australia,English,40,False,0.05,20026,44746,14081
1573,Government announces free smartphones for every citizen tomorrow,Social media users are circulating a story claiming that government announces free smartphones for every citizen tomorrow. The claim appears sensational and should be checked against trustworthy news organizations and official statements.,FAKE,Science,Social Media/Unverified,Author_90,2026-08-07,India,English,32,False,0.19,20076,38252,8283
1574,New app claims it can predict every person's future with 100 percent accuracy,A viral online claim says that new app claims it can predict every person's future with 100 percent accuracy. The post provides dramatic details but does not identify a reliable official source or independent evidence. Readers should verify the claim before sharing it.,FAKE,Education,Social Media/Unverified,Author_48,2026-04-11,Canada,English,43,False,0.06,57751,9099,13818
1575,Internet users discover a hidden button that makes phones charge instantly,A viral online claim says that internet users discover a hidden button that makes phones charge instantly. The post provides dramatic details but does not identify a reliable official source or independent evidence. Readers should verify the claim before sharing it.,FAKE,Health,Social Media/Unverified,Author_143,2026-03-05,Australia,English,41,False,0.39,7443,14601,11219
1576,Researchers prove that humans can survive without sleep for one year,A viral online claim says that researchers prove that humans can survive without sleep for one year. The post provides dramatic details but does not identify a reliable official source or independent evidence. Readers should verify the claim before sharing it.,FAKE,Weather,Social Media/Unverified,Author_133,2026-01-20,USA,English,41,False,0.3,42170,48550,629
1577,Company announces that its laptop can run for ten years without charging,A viral online claim says that company announces that its laptop can run for ten years without charging. The post provides dramatic details but does not identify a reliable official source or independent evidence. Readers should verify the claim before sharing it.,FAKE,Technology,Social Media/Unverified,Author_60,2026-01-13,India,English,42,False,0.25,50803,74316,1960
1578,Social media post claims the moon will disappear for seven days,A viral online claim says that social media post claims the moon will disappear for seven days. The post provides dramatic details but does not identify a reliable official source or independent evidence. Readers should verify the claim before sharing it.,FAKE,Politics,Social Media/Unverified,Author_145,2026-02-01,Canada,English,41,False,0.38,84523,50605,4627
1579,Online message says students can receive guaranteed jobs by sharing one post,"An unverified internet post claims that online message says students can receive guaranteed jobs by sharing one post. No dependable evidence is provided in the message, so the information should not be treated as confirmed without further verification.",FAKE,Weather,Social Media/Unverified,Author_116,2026-04-22,Canada,English,38,False,0.26,45249,59640,7850
1580,Viral post claims a common household item can completely cure every disease,A viral online claim says that viral post claims a common household item can completely cure every disease. The post provides dramatic details but does not identify a reliable official source or independent evidence. Readers should verify the claim before sharing it.,FAKE,Entertainment,Social Media/Unverified,Author_138,2026-06-08,USA,English,42,False,0.15,95820,22857,6364
1581,Government announces new scholarship program for college students,"A recent report discusses government announces new scholarship program for college students. The development has attracted public attention, while further details are expected from relevant authorities and organizations.",REAL,Science,Official/Reported,Author_95,2026-01-14,UK,English,28,True,0.78,60294,53793,11643
1582,Scientists discover a new method to improve solar panel efficiency,"According to an update shared by relevant organizations, scientists discover a new method to improve solar panel efficiency. The report focuses on the available information and encourages readers to verify details through reliable sources.",REAL,Education,Official/Reported,Author_103,2026-03-27,UK,English,34,True,0.8,53198,55204,14477
1583,Local university opens a new artificial intelligence research center,"A recent report discusses local university opens a new artificial intelligence research center. The development has attracted public attention, while further details are expected from relevant authorities and organizations.",REAL,Entertainment,Official/Reported,Author_116,2026-08-13,Canada,English,29,True,0.84,42740,52287,2180
1584,New public transport route launched to connect rural areas,"According to an update shared by relevant organizations, new public transport route launched to connect rural areas. The report focuses on the available information and encourages readers to verify details through reliable sources.",REAL,Education,Official/Reported,Author_63,2026-04-23,USA,English,33,True,0.89,95601,47638,14751
1585,Researchers publish study on reducing plastic waste in cities,"A recent report discusses researchers publish study on reducing plastic waste in cities. The development has attracted public attention, while further details are expected from relevant authorities and organizations.",REAL,Weather,Official/Reported,Author_96,2026-05-07,Canada,English,29,True,0.78,14250,71154,10686
1586,Health department releases updated vaccination schedule,"A recent report discusses health department releases updated vaccination schedule. The development has attracted public attention, while further details are expected from relevant authorities and organizations.",REAL,Health,Official/Reported,Author_106,2026-01-07,USA,English,26,True,0.83,20551,50374,8478
1587,National bank introduces updated digital payment security guidelines,"A recent report discusses national bank introduces updated digital payment security guidelines. The development has attracted public attention, while further details are expected from relevant authorities and organizations.",REAL,Science,Official/Reported,Author_114,2026-01-23,USA,English,28,True,0.84,87434,22594,4478
1588,Weather department issues rainfall advisory for several regions,"According to an update shared by relevant organizations, weather department issues rainfall advisory for several regions. The report focuses on the available information and encourages readers to verify details through reliable sources.",REAL,Science,Official/Reported,Author_103,2026-04-05,Canada,English,32,True,0.83,32214,17117,12494
1589,University launches internship program for engineering students,"A recent report discusses university launches internship program for engineering students. The development has attracted public attention, while further details are expected from relevant authorities and organizations.",REAL,Business,Official/Reported,Author_136,2026-01-22,India,English,27,True,0.94,11249,2818,142
1590,Technology company releases a software update with security fixes,Officials and researchers have reported an update related to technology company releases a software update with security fixes. The information is being discussed through formal announcements and available reports. Readers are advised to check the original source for complete details.,REAL,Business,Official/Reported,Author_24,2026-06-12,USA,English,40,True,0.93,27929,40317,13773
1591,Celebrity secretly becomes president of the country overnight,A viral online claim says that celebrity secretly becomes president of the country overnight. The post provides dramatic details but does not identify a reliable official source or independent evidence. Readers should verify the claim before sharing it.,FAKE,Business,Social Media/Unverified,Author_81,2026-08-16,UK,English,38,False,0.3,37986,39751,1662
1592,Scientists confirm that drinking one glass of water gives superpowers,"An unverified internet post claims that scientists confirm that drinking one glass of water gives superpowers. No dependable evidence is provided in the message, so the information should not be treated as confirmed without further verification.",FAKE,Science,Social Media/Unverified,Author_39,2026-03-14,India,English,36,False,0.24,81050,53702,2593
1593,Government announces free smartphones for every citizen tomorrow,"An unverified internet post claims that government announces free smartphones for every citizen tomorrow. No dependable evidence is provided in the message, so the information should not be treated as confirmed without further verification.",FAKE,Entertainment,Social Media/Unverified,Author_72,2026-04-04,USA,English,34,False,0.37,12733,5166,2221
1594,New app claims it can predict every person's future with 100 percent accuracy,Social media users are circulating a story claiming that new app claims it can predict every person's future with 100 percent accuracy. The claim appears sensational and should be checked against trustworthy news organizations and official statements.,FAKE,Entertainment,Social Media/Unverified,Author_98,2026-08-06,India,English,37,False,0.26,47508,57799,9582
1595,Internet users discover a hidden button that makes phones charge instantly,"An unverified internet post claims that internet users discover a hidden button that makes phones charge instantly. No dependable evidence is provided in the message, so the information should not be treated as confirmed without further verification.",FAKE,Science,Social Media/Unverified,Author_115,2026-01-16,Australia,English,37,False,0.17,44545,11147,14524
1596,Researchers prove that humans can survive without sleep for one year,Social media users are circulating a story claiming that researchers prove that humans can survive without sleep for one year. The claim appears sensational and should be checked against trustworthy news organizations and official statements.,FAKE,Technology,Social Media/Unverified,Author_46,2026-03-20,UK,English,35,False,0.29,19603,14550,12959
1597,Company announces that its laptop can run for ten years without charging,"An unverified internet post claims that company announces that its laptop can run for ten years without charging. No dependable evidence is provided in the message, so the information should not be treated as confirmed without further verification.",FAKE,Education,Social Media/Unverified,Author_83,2026-05-23,India,English,38,False,0.17,64857,2096,10188
1598,Social media post claims the moon will disappear for seven days,"An unverified internet post claims that social media post claims the moon will disappear for seven days. No dependable evidence is provided in the message, so the information should not be treated as confirmed without further verification.",FAKE,Weather,Social Media/Unverified,Author_44,2026-06-28,UK,English,37,False,0.12,36742,68219,14815
1599,Online message says students can receive guaranteed jobs by sharing one post,A viral online claim says that online message says students can receive guaranteed jobs by sharing one post. The post provides dramatic details but does not identify a reliable official source or independent evidence. Readers should verify the claim before sharing it.,FAKE,Entertainment,Social Media/Unverified,Author_82,2026-03-02,USA,English,42,False,0.3,34496,58847,7093
1600,Viral post claims a common household item can completely cure every disease,Social media users are circulating a story claiming that viral post claims a common household item can completely cure every disease. The claim appears sensational and should be checked against trustworthy news organizations and official statements.,FAKE,Politics,Social Media/Unverified,Author_70,2026-08-22,India,English,36,False,0.17,4122,17129,14287
1601,Government announces new scholarship program for college students,"According to an update shared by relevant organizations, government announces new scholarship program for college students. The report focuses on the available information and encourages readers to verify details through reliable sources.",REAL,Politics,Official/Reported,Author_147,2026-01-10,Canada,English,32,True,0.8,61629,49814,6363
1602,Scientists discover a new method to improve solar panel efficiency,Officials and researchers have reported an update related to scientists discover a new method to improve solar panel efficiency. The information is being discussed through formal announcements and available reports. Readers are advised to check the original source for complete details.,REAL,Health,Official/Reported,Author_97,2026-06-12,Australia,English,41,True,0.95,55651,53376,11588
1603,Local university opens a new artificial intelligence research center,"A recent report discusses local university opens a new artificial intelligence research center. The development has attracted public attention, while further details are expected from relevant authorities and organizations.",REAL,Science,Official/Reported,Author_89,2026-05-18,USA,English,29,True,0.87,34963,10924,14964
1604,New public transport route launched to connect rural areas,"A recent report discusses new public transport route launched to connect rural areas. The development has attracted public attention, while further details are expected from relevant authorities and organizations.",REAL,Technology,Official/Reported,Author_82,2026-02-01,USA,English,29,True,0.94,14041,31850,1219
1605,Researchers publish study on reducing plastic waste in cities,Officials and researchers have reported an update related to researchers publish study on reducing plastic waste in cities. The information is being discussed through formal announcements and available reports. Readers are advised to check the original source for complete details.,REAL,Business,Official/Reported,Author_17,2026-03-19,USA,English,40,True,0.94,9894,1269,11847
1606,Health department releases updated vaccination schedule,Officials and researchers have reported an update related to health department releases updated vaccination schedule. The information is being discussed through formal announcements and available reports. Readers are advised to check the original source for complete details.,REAL,Business,Official/Reported,Author_19,2026-03-19,Canada,English,37,True,0.9,43381,13876,10036
1607,National bank introduces updated digital payment security guidelines,Officials and researchers have reported an update related to national bank introduces updated digital payment security guidelines. The information is being discussed through formal announcements and available reports. Readers are advised to check the original source for complete details.,REAL,Politics,Official/Reported,Author_36,2026-04-24,India,English,39,True,0.79,94153,12009,62
1608,Weather department issues rainfall advisory for several regions,"A recent report discusses weather department issues rainfall advisory for several regions. The development has attracted public attention, while further details are expected from relevant authorities and organizations.",REAL,Education,Official/Reported,Author_54,2026-01-23,India,English,28,True,0.84,81989,69385,3156
1609,University launches internship program for engineering students,"A recent report discusses university launches internship program for engineering students. The development has attracted public attention, while further details are expected from relevant authorities and organizations.",REAL,Education,Official/Reported,Author_127,2026-03-16,UK,English,27,True,0.93,77579,8035,7250
1610,Technology company releases a software update with security fixes,Officials and researchers have reported an update related to technology company releases a software update with security fixes. The information is being discussed through formal announcements and available reports. Readers are advised to check the original source for complete details.,REAL,Politics,Official/Reported,Author_21,2026-03-07,UK,English,40,True,0.78,71050,75428,3102
1611,Celebrity secretly becomes president of the country overnight,"An unverified internet post claims that celebrity secretly becomes president of the country overnight. No dependable evidence is provided in the message, so the information should not be treated as confirmed without further verification.",FAKE,Technology,Social Media/Unverified,Author_20,2026-04-06,UK,English,34,False,0.31,29857,21294,6466
1612,Scientists confirm that drinking one glass of water gives superpowers,"An unverified internet post claims that scientists confirm that drinking one glass of water gives superpowers. No dependable evidence is provided in the message, so the information should not be treated as confirmed without further verification.",FAKE,Health,Social Media/Unverified,Author_106,2026-05-07,Canada,English,36,False,0.14,45198,31563,8692
1613,Government announces free smartphones for every citizen tomorrow,A viral online claim says that government announces free smartphones for every citizen tomorrow. The post provides dramatic details but does not identify a reliable official source or independent evidence. Readers should verify the claim before sharing it.,FAKE,Health,Social Media/Unverified,Author_73,2026-03-03,India,English,38,False,0.07,45128,7922,10155
1614,New app claims it can predict every person's future with 100 percent accuracy,Social media users are circulating a story claiming that new app claims it can predict every person's future with 100 percent accuracy. The claim appears sensational and should be checked against trustworthy news organizations and official statements.,FAKE,Technology,Social Media/Unverified,Author_115,2026-01-24,India,English,37,False,0.16,47389,79369,11111
1615,Internet users discover a hidden button that makes phones charge instantly,A viral online claim says that internet users discover a hidden button that makes phones charge instantly. The post provides dramatic details but does not identify a reliable official source or independent evidence. Readers should verify the claim before sharing it.,FAKE,Health,Social Media/Unverified,Author_82,2026-08-12,Canada,English,41,False,0.18,39363,64110,5135
1616,Researchers prove that humans can survive without sleep for one year,"An unverified internet post claims that researchers prove that humans can survive without sleep for one year. No dependable evidence is provided in the message, so the information should not be treated as confirmed without further verification.",FAKE,Education,Social Media/Unverified,Author_59,2026-03-02,UK,English,37,False,0.19,60518,42520,13045
1617,Company announces that its laptop can run for ten years without charging,Social media users are circulating a story claiming that company announces that its laptop can run for ten years without charging. The claim appears sensational and should be checked against trustworthy news organizations and official statements.,FAKE,Entertainment,Social Media/Unverified,Author_119,2026-08-05,USA,English,36,False,0.31,50546,55002,401
1618,Social media post claims the moon will disappear for seven days,A viral online claim says that social media post claims the moon will disappear for seven days. The post provides dramatic details but does not identify a reliable official source or independent evidence. Readers should verify the claim before sharing it.,FAKE,Business,Social Media/Unverified,Author_98,2026-03-13,UK,English,41,False,0.05,86749,22651,2474
1619,Online message says students can receive guaranteed jobs by sharing one post,"An unverified internet post claims that online message says students can receive guaranteed jobs by sharing one post. No dependable evidence is provided in the message, so the information should not be treated as confirmed without further verification.",FAKE,Science,Social Media/Unverified,Author_56,2026-02-01,Canada,English,38,False,0.22,35516,44217,3240
1620,Viral post claims a common household item can completely cure every disease,A viral online claim says that viral post claims a common household item can completely cure every disease. The post provides dramatic details but does not identify a reliable official source or independent evidence. Readers should verify the claim before sharing it.,FAKE,Entertainment,Social Media/Unverified,Author_101,2026-03-10,Australia,English,42,False,0.15,24906,63776,9942
1621,Government announces new scholarship program for college students,"According to an update shared by relevant organizations, government announces new scholarship program for college students. The report focuses on the available information and encourages readers to verify details through reliable sources.",REAL,Entertainment,Official/Reported,Author_111,2026-07-28,USA,English,32,True,0.87,87276,7837,5789
1622,Scientists discover a new method to improve solar panel efficiency,Officials and researchers have reported an update related to scientists discover a new method to improve solar panel efficiency. The information is being discussed through formal announcements and available reports. Readers are advised to check the original source for complete details.,REAL,Technology,Official/Reported,Author_83,2026-08-20,UK,English,41,True,0.78,68005,64784,13166
1623,Local university opens a new artificial intelligence research center,Officials and researchers have reported an update related to local university opens a new artificial intelligence research center. The information is being discussed through formal announcements and available reports. Readers are advised to check the original source for complete details.,REAL,Weather,Official/Reported,Author_126,2026-01-10,USA,English,40,True,0.83,40722,56234,10020
1624,New public transport route launched to connect rural areas,Officials and researchers have reported an update related to new public transport route launched to connect rural areas. The information is being discussed through formal announcements and available reports. Readers are advised to check the original source for complete details.,REAL,Science,Official/Reported,Author_136,2026-05-11,UK,English,40,True,0.94,16804,48444,9262
1625,Researchers publish study on reducing plastic waste in cities,"A recent report discusses researchers publish study on reducing plastic waste in cities. The development has attracted public attention, while further details are expected from relevant authorities and organizations.",REAL,Technology,Official/Reported,Author_5,2026-08-12,Canada,English,29,True,0.81,42765,30602,14911
1626,Health department releases updated vaccination schedule,"A recent report discusses health department releases updated vaccination schedule. The development has attracted public attention, while further details are expected from relevant authorities and organizations.",REAL,Entertainment,Official/Reported,Author_72,2026-06-19,UK,English,26,True,0.92,16673,42188,12805
1627,National bank introduces updated digital payment security guidelines,"According to an update shared by relevant organizations, national bank introduces updated digital payment security guidelines. The report focuses on the available information and encourages readers to verify details through reliable sources.",REAL,Education,Official/Reported,Author_61,2026-04-16,Australia,English,32,True,0.86,2552,41090,8371
1628,Weather department issues rainfall advisory for several regions,Officials and researchers have reported an update related to weather department issues rainfall advisory for several regions. The information is being discussed through formal announcements and available reports. Readers are advised to check the original source for complete details.,REAL,Weather,Official/Reported,Author_38,2026-06-03,Australia,English,39,True,0.87,78993,34871,1096
1629,University launches internship program for engineering students,"A recent report discusses university launches internship program for engineering students. The development has attracted public attention, while further details are expected from relevant authorities and organizations.",REAL,Weather,Official/Reported,Author_50,2026-05-23,USA,English,27,True,0.84,7746,62099,4040
1630,Technology company releases a software update with security fixes,Officials and researchers have reported an update related to technology company releases a software update with security fixes. The information is being discussed through formal announcements and available reports. Readers are advised to check the original source for complete details.,REAL,Politics,Official/Reported,Author_84,2026-06-27,Australia,English,40,True,0.87,19162,35755,5243
1631,Celebrity secretly becomes president of the country overnight,Social media users are circulating a story claiming that celebrity secretly becomes president of the country overnight. The claim appears sensational and should be checked against trustworthy news organizations and official statements.,FAKE,Business,Social Media/Unverified,Author_138,2026-04-27,USA,English,32,False,0.39,78336,79314,1972
1632,Scientists confirm that drinking one glass of water gives superpowers,Social media users are circulating a story claiming that scientists confirm that drinking one glass of water gives superpowers. The claim appears sensational and should be checked against trustworthy news organizations and official statements.,FAKE,Politics,Social Media/Unverified,Author_50,2026-05-08,Canada,English,34,False,0.2,1440,39087,4276
1633,Government announces free smartphones for every citizen tomorrow,A viral online claim says that government announces free smartphones for every citizen tomorrow. The post provides dramatic details but does not identify a reliable official source or independent evidence. Readers should verify the claim before sharing it.,FAKE,Science,Social Media/Unverified,Author_76,2026-01-01,Canada,English,38,False,0.08,60950,19353,7318
1634,New app claims it can predict every person's future with 100 percent accuracy,"An unverified internet post claims that new app claims it can predict every person's future with 100 percent accuracy. No dependable evidence is provided in the message, so the information should not be treated as confirmed without further verification.",FAKE,Weather,Social Media/Unverified,Author_143,2026-03-20,Canada,English,39,False,0.32,14132,35860,7470
1635,Internet users discover a hidden button that makes phones charge instantly,Social media users are circulating a story claiming that internet users discover a hidden button that makes phones charge instantly. The claim appears sensational and should be checked against trustworthy news organizations and official statements.,FAKE,Education,Social Media/Unverified,Author_117,2026-05-06,Australia,English,35,False,0.09,2232,16246,858
1636,Researchers prove that humans can survive without sleep for one year,Social media users are circulating a story claiming that researchers prove that humans can survive without sleep for one year. The claim appears sensational and should be checked against trustworthy news organizations and official statements.,FAKE,Entertainment,Social Media/Unverified,Author_95,2026-03-11,Canada,English,35,False,0.24,82439,56924,10589
1637,Company announces that its laptop can run for ten years without charging,Social media users are circulating a story claiming that company announces that its laptop can run for ten years without charging. The claim appears sensational and should be checked against trustworthy news organizations and official statements.,FAKE,Weather,Social Media/Unverified,Author_46,2026-06-20,India,English,36,False,0.28,42479,74141,12394
1638,Social media post claims the moon will disappear for seven days,"An unverified internet post claims that social media post claims the moon will disappear for seven days. No dependable evidence is provided in the message, so the information should not be treated as confirmed without further verification.",FAKE,Politics,Social Media/Unverified,Author_131,2026-01-24,USA,English,37,False,0.22,8909,18343,2483
1639,Online message says students can receive guaranteed jobs by sharing one post,A viral online claim says that online message says students can receive guaranteed jobs by sharing one post. The post provides dramatic details but does not identify a reliable official source or independent evidence. Readers should verify the claim before sharing it.,FAKE,Science,Social Media/Unverified,Author_61,2026-02-25,UK,English,42,False,0.39,44333,10642,6760
1640,Viral post claims a common household item can completely cure every disease,Social media users are circulating a story claiming that viral post claims a common household item can completely cure every disease. The claim appears sensational and should be checked against trustworthy news organizations and official statements.,FAKE,Technology,Social Media/Unverified,Author_127,2026-07-18,India,English,36,False,0.23,84134,51908,11380
1641,Government announces new scholarship program for college students,Officials and researchers have reported an update related to government announces new scholarship program for college students. The information is being discussed through formal announcements and available reports. Readers are advised to check the original source for complete details.,REAL,Technology,Official/Reported,Author_54,2026-08-06,India,English,39,True,0.93,34187,29810,3920
1642,Scientists discover a new method to improve solar panel efficiency,Officials and researchers have reported an update related to scientists discover a new method to improve solar panel efficiency. The information is being discussed through formal announcements and available reports. Readers are advised to check the original source for complete details.,REAL,Politics,Official/Reported,Author_14,2026-04-16,India,English,41,True,0.76,99431,30500,2500
1643,Local university opens a new artificial intelligence research center,Officials and researchers have reported an update related to local university opens a new artificial intelligence research center. The information is being discussed through formal announcements and available reports. Readers are advised to check the original source for complete details.,REAL,Business,Official/Reported,Author_83,2026-07-25,Canada,English,40,True,0.75,37973,64522,385
1644,New public transport route launched to connect rural areas,"According to an update shared by relevant organizations, new public transport route launched to connect rural areas. The report focuses on the available information and encourages readers to verify details through reliable sources.",REAL,Weather,Official/Reported,Author_141,2026-02-02,USA,English,33,True,0.89,27382,30086,9547
1645,Researchers publish study on reducing plastic waste in cities,"A recent report discusses researchers publish study on reducing plastic waste in cities. The development has attracted public attention, while further details are expected from relevant authorities and organizations.",REAL,Politics,Official/Reported,Author_90,2026-02-19,UK,English,29,True,0.87,21529,52064,3486
1646,Health department releases updated vaccination schedule,Officials and researchers have reported an update related to health department releases updated vaccination schedule. The information is being discussed through formal announcements and available reports. Readers are advised to check the original source for complete details.,REAL,Politics,Official/Reported,Author_73,2026-05-18,UK,English,37,True,0.87,20963,26427,12356
1647,National bank introduces updated digital payment security guidelines,"According to an update shared by relevant organizations, national bank introduces updated digital payment security guidelines. The report focuses on the available information and encourages readers to verify details through reliable sources.",REAL,Health,Official/Reported,Author_86,2026-04-11,UK,English,32,True,0.84,85267,37410,7399
1648,Weather department issues rainfall advisory for several regions,Officials and researchers have reported an update related to weather department issues rainfall advisory for several regions. The information is being discussed through formal announcements and available reports. Readers are advised to check the original source for complete details.,REAL,Entertainment,Official/Reported,Author_132,2026-07-07,USA,English,39,True,0.78,50794,13994,12170
1649,University launches internship program for engineering students,Officials and researchers have reported an update related to university launches internship program for engineering students. The information is being discussed through formal announcements and available reports. Readers are advised to check the original source for complete details.,REAL,Education,Official/Reported,Author_146,2026-05-27,USA,English,38,True,0.96,39773,47313,7598
1650,Technology company releases a software update with security fixes,Officials and researchers have reported an update related to technology company releases a software update with security fixes. The information is being discussed through formal announcements and available reports. Readers are advised to check the original source for complete details.,REAL,Education,Official/Reported,Author_146,2026-05-07,Australia,English,40,True,0.76,1630,28372,13591
1651,Celebrity secretly becomes president of the country overnight,A viral online claim says that celebrity secretly becomes president of the country overnight. The post provides dramatic details but does not identify a reliable official source or independent evidence. Readers should verify the claim before sharing it.,FAKE,Business,Social Media/Unverified,Author_53,2026-08-24,Canada,English,38,False,0.3,60025,51221,9860
1652,Scientists confirm that drinking one glass of water gives superpowers,A viral online claim says that scientists confirm that drinking one glass of water gives superpowers. The post provides dramatic details but does not identify a reliable official source or independent evidence. Readers should verify the claim before sharing it.,FAKE,Entertainment,Social Media/Unverified,Author_123,2026-05-26,USA,English,40,False,0.08,14068,40,13970
1653,Government announces free smartphones for every citizen tomorrow,A viral online claim says that government announces free smartphones for every citizen tomorrow. The post provides dramatic details but does not identify a reliable official source or independent evidence. Readers should verify the claim before sharing it.,FAKE,Politics,Social Media/Unverified,Author_3,2026-05-01,UK,English,38,False,0.21,95528,74468,2613
1654,New app claims it can predict every person's future with 100 percent accuracy,A viral online claim says that new app claims it can predict every person's future with 100 percent accuracy. The post provides dramatic details but does not identify a reliable official source or independent evidence. Readers should verify the claim before sharing it.,FAKE,Politics,Social Media/Unverified,Author_95,2026-04-21,USA,English,43,False,0.39,97245,48871,1246
1655,Internet users discover a hidden button that makes phones charge instantly,Social media users are circulating a story claiming that internet users discover a hidden button that makes phones charge instantly. The claim appears sensational and should be checked against trustworthy news organizations and official statements.,FAKE,Weather,Social Media/Unverified,Author_6,2026-05-25,India,English,35,False,0.36,39600,18596,4304
1656,Researchers prove that humans can survive without sleep for one year,Social media users are circulating a story claiming that researchers prove that humans can survive without sleep for one year. The claim appears sensational and should be checked against trustworthy news organizations and official statements.,FAKE,Education,Social Media/Unverified,Author_31,2026-01-16,USA,English,35,False,0.06,11294,30781,7458
1657,Company announces that its laptop can run for ten years without charging,"An unverified internet post claims that company announces that its laptop can run for ten years without charging. No dependable evidence is provided in the message, so the information should not be treated as confirmed without further verification.",FAKE,Health,Social Media/Unverified,Author_70,2026-01-23,Australia,English,38,False,0.22,95880,20097,3530
1658,Social media post claims the moon will disappear for seven days,A viral online claim says that social media post claims the moon will disappear for seven days. The post provides dramatic details but does not identify a reliable official source or independent evidence. Readers should verify the claim before sharing it.,FAKE,Weather,Social Media/Unverified,Author_97,2026-01-02,Canada,English,41,False,0.2,61050,54062,2867
1659,Online message says students can receive guaranteed jobs by sharing one post,A viral online claim says that online message says students can receive guaranteed jobs by sharing one post. The post provides dramatic details but does not identify a reliable official source or independent evidence. Readers should verify the claim before sharing it.,FAKE,Politics,Social Media/Unverified,Author_17,2026-05-23,UK,English,42,False,0.3,26578,35038,399
1660,Viral post claims a common household item can completely cure every disease,"An unverified internet post claims that viral post claims a common household item can completely cure every disease. No dependable evidence is provided in the message, so the information should not be treated as confirmed without further verification.",FAKE,Health,Social Media/Unverified,Author_49,2026-04-23,Canada,English,38,False,0.33,85230,5788,14311
1661,Government announces new scholarship program for college students,"According to an update shared by relevant organizations, government announces new scholarship program for college students. The report focuses on the available information and encourages readers to verify details through reliable sources.",REAL,Weather,Official/Reported,Author_144,2026-08-26,USA,English,32,True,0.92,97334,6203,4694
1662,Scientists discover a new method to improve solar panel efficiency,"A recent report discusses scientists discover a new method to improve solar panel efficiency. The development has attracted public attention, while further details are expected from relevant authorities and organizations.",REAL,Technology,Official/Reported,Author_95,2026-08-27,Canada,English,30,True,0.88,48934,48668,11898
1663,Local university opens a new artificial intelligence research center,"According to an update shared by relevant organizations, local university opens a new artificial intelligence research center. The report focuses on the available information and encourages readers to verify details through reliable sources.",REAL,Science,Official/Reported,Author_83,2026-06-14,USA,English,33,True,0.89,48783,61279,5692
1664,New public transport route launched to connect rural areas,"A recent report discusses new public transport route launched to connect rural areas. The development has attracted public attention, while further details are expected from relevant authorities and organizations.",REAL,Science,Official/Reported,Author_127,2026-07-12,Canada,English,29,True,0.77,33197,18045,5452
1665,Researchers publish study on reducing plastic waste in cities,"A recent report discusses researchers publish study on reducing plastic waste in cities. The development has attracted public attention, while further details are expected from relevant authorities and organizations.",REAL,Entertainment,Official/Reported,Author_116,2026-03-02,UK,English,29,True,0.87,81938,19017,9810
1666,Health department releases updated vaccination schedule,"A recent report discusses health department releases updated vaccination schedule. The development has attracted public attention, while further details are expected from relevant authorities and organizations.",REAL,Science,Official/Reported,Author_147,2026-03-27,USA,English,26,True,0.95,51960,10719,13491
1667,National bank introduces updated digital payment security guidelines,"A recent report discusses national bank introduces updated digital payment security guidelines. The development has attracted public attention, while further details are expected from relevant authorities and organizations.",REAL,Technology,Official/Reported,Author_129,2026-01-17,India,English,28,True,0.89,33396,72153,10889
1668,Weather department issues rainfall advisory for several regions,Officials and researchers have reported an update related to weather department issues rainfall advisory for several regions. The information is being discussed through formal announcements and available reports. Readers are advised to check the original source for complete details.,REAL,Education,Official/Reported,Author_86,2026-08-04,UK,English,39,True,0.93,48942,71891,6471
1669,University launches internship program for engineering students,"According to an update shared by relevant organizations, university launches internship program for engineering students. The report focuses on the available information and encourages readers to verify details through reliable sources.",REAL,Weather,Official/Reported,Author_57,2026-06-24,Canada,English,31,True,0.92,13959,29602,10493
1670,Technology company releases a software update with security fixes,"According to an update shared by relevant organizations, technology company releases a software update with security fixes. The report focuses on the available information and encourages readers to verify details through reliable sources.",REAL,Entertainment,Official/Reported,Author_40,2026-04-23,India,English,33,True,0.96,66137,14134,8113
1671,Celebrity secretly becomes president of the country overnight,A viral online claim says that celebrity secretly becomes president of the country overnight. The post provides dramatic details but does not identify a reliable official source or independent evidence. Readers should verify the claim before sharing it.,FAKE,Technology,Social Media/Unverified,Author_79,2026-04-25,Canada,English,38,False,0.16,27436,71041,10457
1672,Scientists confirm that drinking one glass of water gives superpowers,A viral online claim says that scientists confirm that drinking one glass of water gives superpowers. The post provides dramatic details but does not identify a reliable official source or independent evidence. Readers should verify the claim before sharing it.,FAKE,Education,Social Media/Unverified,Author_7,2026-01-01,UK,English,40,False,0.09,24351,9355,1098
1673,Government announces free smartphones for every citizen tomorrow,Social media users are circulating a story claiming that government announces free smartphones for every citizen tomorrow. The claim appears sensational and should be checked against trustworthy news organizations and official statements.,FAKE,Entertainment,Social Media/Unverified,Author_31,2026-07-12,Canada,English,32,False,0.05,78333,39354,5622
1674,New app claims it can predict every person's future with 100 percent accuracy,Social media users are circulating a story claiming that new app claims it can predict every person's future with 100 percent accuracy. The claim appears sensational and should be checked against trustworthy news organizations and official statements.,FAKE,Business,Social Media/Unverified,Author_54,2026-05-14,Australia,English,37,False,0.26,62720,77774,686
1675,Internet users discover a hidden button that makes phones charge instantly,"An unverified internet post claims that internet users discover a hidden button that makes phones charge instantly. No dependable evidence is provided in the message, so the information should not be treated as confirmed without further verification.",FAKE,Entertainment,Social Media/Unverified,Author_9,2026-08-11,UK,English,37,False,0.06,91843,62080,14109
1676,Researchers prove that humans can survive without sleep for one year,Social media users are circulating a story claiming that researchers prove that humans can survive without sleep for one year. The claim appears sensational and should be checked against trustworthy news organizations and official statements.,FAKE,Technology,Social Media/Unverified,Author_109,2026-06-22,Canada,English,35,False,0.4,49813,5073,7986
1677,Company announces that its laptop can run for ten years without charging,A viral online claim says that company announces that its laptop can run for ten years without charging. The post provides dramatic details but does not identify a reliable official source or independent evidence. Readers should verify the claim before sharing it.,FAKE,Entertainment,Social Media/Unverified,Author_65,2026-02-03,USA,English,42,False,0.3,93806,12326,7449
1678,Social media post claims the moon will disappear for seven days,Social media users are circulating a story claiming that social media post claims the moon will disappear for seven days. The claim appears sensational and should be checked against trustworthy news organizations and official statements.,FAKE,Business,Social Media/Unverified,Author_62,2026-08-02,UK,English,35,False,0.16,92289,59144,3548
1679,Online message says students can receive guaranteed jobs by sharing one post,"An unverified internet post claims that online message says students can receive guaranteed jobs by sharing one post. No dependable evidence is provided in the message, so the information should not be treated as confirmed without further verification.",FAKE,Weather,Social Media/Unverified,Author_25,2026-01-22,USA,English,38,False,0.26,88515,3705,8295
1680,Viral post claims a common household item can completely cure every disease,Social media users are circulating a story claiming that viral post claims a common household item can completely cure every disease. The claim appears sensational and should be checked against trustworthy news organizations and official statements.,FAKE,Technology,Social Media/Unverified,Author_129,2026-03-15,UK,English,36,False,0.29,50889,70215,10710
1681,Government announces new scholarship program for college students,"According to an update shared by relevant organizations, government announces new scholarship program for college students. The report focuses on the available information and encourages readers to verify details through reliable sources.",REAL,Politics,Official/Reported,Author_65,2026-02-23,Australia,English,32,True,0.87,59218,38460,13984
1682,Scientists discover a new method to improve solar panel efficiency,Officials and researchers have reported an update related to scientists discover a new method to improve solar panel efficiency. The information is being discussed through formal announcements and available reports. Readers are advised to check the original source for complete details.,REAL,Politics,Official/Reported,Author_75,2026-06-14,India,English,41,True,0.91,10079,26104,7899
1683,Local university opens a new artificial intelligence research center,"A recent report discusses local university opens a new artificial intelligence research center. The development has attracted public attention, while further details are expected from relevant authorities and organizations.",REAL,Education,Official/Reported,Author_2,2026-07-25,USA,English,29,True,0.94,5760,39625,2992
1684,New public transport route launched to connect rural areas,Officials and researchers have reported an update related to new public transport route launched to connect rural areas. The information is being discussed through formal announcements and available reports. Readers are advised to check the original source for complete details.,REAL,Business,Official/Reported,Author_150,2026-08-08,Canada,English,40,True,0.94,15226,13313,2694
1685,Researchers publish study on reducing plastic waste in cities,Officials and researchers have reported an update related to researchers publish study on reducing plastic waste in cities. The information is being discussed through formal announcements and available reports. Readers are advised to check the original source for complete details.,REAL,Science,Official/Reported,Author_145,2026-01-15,Canada,English,40,True,0.84,91618,56362,336
1686,Health department releases updated vaccination schedule,"According to an update shared by relevant organizations, health department releases updated vaccination schedule. The report focuses on the available information and encourages readers to verify details through reliable sources.",REAL,Business,Official/Reported,Author_140,2026-02-14,Canada,English,30,True,0.76,57195,73049,11502
1687,National bank introduces updated digital payment security guidelines,"A recent report discusses national bank introduces updated digital payment security guidelines. The development has attracted public attention, while further details are expected from relevant authorities and organizations.",REAL,Technology,Official/Reported,Author_17,2026-02-09,UK,English,28,True,0.86,66478,31885,14854
1688,Weather department issues rainfall advisory for several regions,Officials and researchers have reported an update related to weather department issues rainfall advisory for several regions. The information is being discussed through formal announcements and available reports. Readers are advised to check the original source for complete details.,REAL,Technology,Official/Reported,Author_7,2026-03-03,Australia,English,39,True,0.79,25767,58476,10811
1689,University launches internship program for engineering students,"According to an update shared by relevant organizations, university launches internship program for engineering students. The report focuses on the available information and encourages readers to verify details through reliable sources.",REAL,Business,Official/Reported,Author_143,2026-05-16,India,English,31,True,0.98,86027,24320,9537
1690,Technology company releases a software update with security fixes,"A recent report discusses technology company releases a software update with security fixes. The development has attracted public attention, while further details are expected from relevant authorities and organizations.",REAL,Technology,Official/Reported,Author_144,2026-01-08,USA,English,29,True,0.79,17470,51216,183
1691,Celebrity secretly becomes president of the country overnight,Social media users are circulating a story claiming that celebrity secretly becomes president of the country overnight. The claim appears sensational and should be checked against trustworthy news organizations and official statements.,FAKE,Politics,Social Media/Unverified,Author_131,2026-01-04,Australia,English,32,False,0.28,76762,69541,145
1692,Scientists confirm that drinking one glass of water gives superpowers,Social media users are circulating a story claiming that scientists confirm that drinking one glass of water gives superpowers. The claim appears sensational and should be checked against trustworthy news organizations and official statements.,FAKE,Science,Social Media/Unverified,Author_82,2026-04-28,Canada,English,34,False,0.33,24738,62232,7836
1693,Government announces free smartphones for every citizen tomorrow,Social media users are circulating a story claiming that government announces free smartphones for every citizen tomorrow. The claim appears sensational and should be checked against trustworthy news organizations and official statements.,FAKE,Education,Social Media/Unverified,Author_26,2026-03-13,Australia,English,32,False,0.27,70972,9300,2393
1694,New app claims it can predict every person's future with 100 percent accuracy,"An unverified internet post claims that new app claims it can predict every person's future with 100 percent accuracy. No dependable evidence is provided in the message, so the information should not be treated as confirmed without further verification.",FAKE,Science,Social Media/Unverified,Author_131,2026-03-28,India,English,39,False,0.22,9524,74212,2698
1695,Internet users discover a hidden button that makes phones charge instantly,A viral online claim says that internet users discover a hidden button that makes phones charge instantly. The post provides dramatic details but does not identify a reliable official source or independent evidence. Readers should verify the claim before sharing it.,FAKE,Weather,Social Media/Unverified,Author_93,2026-04-27,UK,English,41,False,0.19,98624,56611,703
1696,Researchers prove that humans can survive without sleep for one year,Social media users are circulating a story claiming that researchers prove that humans can survive without sleep for one year. The claim appears sensational and should be checked against trustworthy news organizations and official statements.,FAKE,Weather,Social Media/Unverified,Author_8,2026-04-22,UK,English,35,False,0.19,79496,29459,12265
1697,Company announces that its laptop can run for ten years without charging,A viral online claim says that company announces that its laptop can run for ten years without charging. The post provides dramatic details but does not identify a reliable official source or independent evidence. Readers should verify the claim before sharing it.,FAKE,Entertainment,Social Media/Unverified,Author_131,2026-07-21,USA,English,42,False,0.13,68332,37704,8145
1698,Social media post claims the moon will disappear for seven days,A viral online claim says that social media post claims the moon will disappear for seven days. The post provides dramatic details but does not identify a reliable official source or independent evidence. Readers should verify the claim before sharing it.,FAKE,Weather,Social Media/Unverified,Author_8,2026-07-03,Australia,English,41,False,0.08,19089,5241,6054
1699,Online message says students can receive guaranteed jobs by sharing one post,Social media users are circulating a story claiming that online message says students can receive guaranteed jobs by sharing one post. The claim appears sensational and should be checked against trustworthy news organizations and official statements.,FAKE,Weather,Social Media/Unverified,Author_72,2026-08-21,UK,English,36,False,0.16,70171,79342,5359
1700,Viral post claims a common household item can completely cure every disease,Social media users are circulating a story claiming that viral post claims a common household item can completely cure every disease. The claim appears sensational and should be checked against trustworthy news organizations and official statements.,FAKE,Entertainment,Social Media/Unverified,Author_131,2026-08-13,Australia,English,36,False,0.29,89425,79330,9819
1701,Government announces new scholarship program for college students,"According to an update shared by relevant organizations, government announces new scholarship program for college students. The report focuses on the available information and encourages readers to verify details through reliable sources.",REAL,Science,Official/Reported,Author_121,2026-06-03,Canada,English,32,True,0.98,69837,67768,10098
1702,Scientists discover a new method to improve solar panel efficiency,"According to an update shared by relevant organizations, scientists discover a new method to improve solar panel efficiency. The report focuses on the available information and encourages readers to verify details through reliable sources.",REAL,Technology,Official/Reported,Author_65,2026-05-09,UK,English,34,True,0.89,29873,41037,14840
1703,Local university opens a new artificial intelligence research center,"A recent report discusses local university opens a new artificial intelligence research center. The development has attracted public attention, while further details are expected from relevant authorities and organizations.",REAL,Education,Official/Reported,Author_145,2026-04-12,UK,English,29,True,0.8,43918,67857,11077
1704,New public transport route launched to connect rural areas,"A recent report discusses new public transport route launched to connect rural areas. The development has attracted public attention, while further details are expected from relevant authorities and organizations.",REAL,Health,Official/Reported,Author_68,2026-07-22,USA,English,29,True,0.93,18265,38673,3112
1705,Researchers publish study on reducing plastic waste in cities,"According to an update shared by relevant organizations, researchers publish study on reducing plastic waste in cities. The report focuses on the available information and encourages readers to verify details through reliable sources.",REAL,Business,Official/Reported,Author_139,2026-06-07,Canada,English,33,True,0.89,22739,15368,11871
1706,Health department releases updated vaccination schedule,"According to an update shared by relevant organizations, health department releases updated vaccination schedule. The report focuses on the available information and encourages readers to verify details through reliable sources.",REAL,Health,Official/Reported,Author_64,2026-04-20,UK,English,30,True,0.79,84876,65141,6143
1707,National bank introduces updated digital payment security guidelines,Officials and researchers have reported an update related to national bank introduces updated digital payment security guidelines. The information is being discussed through formal announcements and available reports. Readers are advised to check the original source for complete details.,REAL,Weather,Official/Reported,Author_124,2026-05-19,Canada,English,39,True,0.88,19191,33392,9928
1708,Weather department issues rainfall advisory for several regions,Officials and researchers have reported an update related to weather department issues rainfall advisory for several regions. The information is being discussed through formal announcements and available reports. Readers are advised to check the original source for complete details.,REAL,Health,Official/Reported,Author_32,2026-07-27,Australia,English,39,True,0.99,438,8727,3095
1709,University launches internship program for engineering students,"A recent report discusses university launches internship program for engineering students. The development has attracted public attention, while further details are expected from relevant authorities and organizations.",REAL,Entertainment,Official/Reported,Author_117,2026-05-17,Australia,English,27,True,0.85,34835,6688,7007
1710,Technology company releases a software update with security fixes,"According to an update shared by relevant organizations, technology company releases a software update with security fixes. The report focuses on the available information and encourages readers to verify details through reliable sources.",REAL,Entertainment,Official/Reported,Author_28,2026-08-14,Canada,English,33,True,0.83,18324,23742,2013
1711,Celebrity secretly becomes president of the country overnight,Social media users are circulating a story claiming that celebrity secretly becomes president of the country overnight. The claim appears sensational and should be checked against trustworthy news organizations and official statements.,FAKE,Politics,Social Media/Unverified,Author_11,2026-02-09,India,English,32,False,0.24,35191,16706,12842
1712,Scientists confirm that drinking one glass of water gives superpowers,A viral online claim says that scientists confirm that drinking one glass of water gives superpowers. The post provides dramatic details but does not identify a reliable official source or independent evidence. Readers should verify the claim before sharing it.,FAKE,Weather,Social Media/Unverified,Author_53,2026-01-22,Australia,English,40,False,0.07,14615,44255,10229
1713,Government announces free smartphones for every citizen tomorrow,"An unverified internet post claims that government announces free smartphones for every citizen tomorrow. No dependable evidence is provided in the message, so the information should not be treated as confirmed without further verification.",FAKE,Health,Social Media/Unverified,Author_73,2026-07-08,USA,English,34,False,0.13,79133,74796,12316
1714,New app claims it can predict every person's future with 100 percent accuracy,Social media users are circulating a story claiming that new app claims it can predict every person's future with 100 percent accuracy. The claim appears sensational and should be checked against trustworthy news organizations and official statements.,FAKE,Business,Social Media/Unverified,Author_61,2026-03-01,Australia,English,37,False,0.25,99932,28824,2815
1715,Internet users discover a hidden button that makes phones charge instantly,Social media users are circulating a story claiming that internet users discover a hidden button that makes phones charge instantly. The claim appears sensational and should be checked against trustworthy news organizations and official statements.,FAKE,Education,Social Media/Unverified,Author_139,2026-01-06,India,English,35,False,0.25,80505,35358,13263
1716,Researchers prove that humans can survive without sleep for one year,Social media users are circulating a story claiming that researchers prove that humans can survive without sleep for one year. The claim appears sensational and should be checked against trustworthy news organizations and official statements.,FAKE,Technology,Social Media/Unverified,Author_25,2026-04-28,Canada,English,35,False,0.13,60238,79907,2713
1717,Company announces that its laptop can run for ten years without charging,A viral online claim says that company announces that its laptop can run for ten years without charging. The post provides dramatic details but does not identify a reliable official source or independent evidence. Readers should verify the claim before sharing it.,FAKE,Education,Social Media/Unverified,Author_72,2026-02-01,USA,English,42,False,0.28,57051,75979,14104
1718,Social media post claims the moon will disappear for seven days,"An unverified internet post claims that social media post claims the moon will disappear for seven days. No dependable evidence is provided in the message, so the information should not be treated as confirmed without further verification.",FAKE,Weather,Social Media/Unverified,Author_115,2026-04-08,India,English,37,False,0.35,53557,58218,7250
1719,Online message says students can receive guaranteed jobs by sharing one post,A viral online claim says that online message says students can receive guaranteed jobs by sharing one post. The post provides dramatic details but does not identify a reliable official source or independent evidence. Readers should verify the claim before sharing it.,FAKE,Weather,Social Media/Unverified,Author_98,2026-01-18,UK,English,42,False,0.12,88262,64429,7154
1720,Viral post claims a common household item can completely cure every disease,"An unverified internet post claims that viral post claims a common household item can completely cure every disease. No dependable evidence is provided in the message, so the information should not be treated as confirmed without further verification.",FAKE,Business,Social Media/Unverified,Author_83,2026-01-16,Australia,English,38,False,0.27,57968,79507,3366
1721,Government announces new scholarship program for college students,"A recent report discusses government announces new scholarship program for college students. The development has attracted public attention, while further details are expected from relevant authorities and organizations.",REAL,Science,Official/Reported,Author_20,2026-07-06,Canada,English,28,True,0.8,41194,46308,6637
1722,Scientists discover a new method to improve solar panel efficiency,"A recent report discusses scientists discover a new method to improve solar panel efficiency. The development has attracted public attention, while further details are expected from relevant authorities and organizations.",REAL,Education,Official/Reported,Author_75,2026-04-13,Australia,English,30,True,0.96,3191,73839,3998
1723,Local university opens a new artificial intelligence research center,"According to an update shared by relevant organizations, local university opens a new artificial intelligence research center. The report focuses on the available information and encourages readers to verify details through reliable sources.",REAL,Technology,Official/Reported,Author_116,2026-01-13,Australia,English,33,True,0.83,49944,2691,8043
1724,New public transport route launched to connect rural areas,"A recent report discusses new public transport route launched to connect rural areas. The development has attracted public attention, while further details are expected from relevant authorities and organizations.",REAL,Entertainment,Official/Reported,Author_109,2026-02-14,UK,English,29,True,0.83,35284,48055,14935
1725,Researchers publish study on reducing plastic waste in cities,"A recent report discusses researchers publish study on reducing plastic waste in cities. The development has attracted public attention, while further details are expected from relevant authorities and organizations.",REAL,Entertainment,Official/Reported,Author_41,2026-03-08,Australia,English,29,True,0.9,78535,69595,13273
1726,Health department releases updated vaccination schedule,Officials and researchers have reported an update related to health department releases updated vaccination schedule. The information is being discussed through formal announcements and available reports. Readers are advised to check the original source for complete details.,REAL,Politics,Official/Reported,Author_98,2026-06-02,USA,English,37,True,0.77,20818,12113,10083
1727,National bank introduces updated digital payment security guidelines,"According to an update shared by relevant organizations, national bank introduces updated digital payment security guidelines. The report focuses on the available information and encourages readers to verify details through reliable sources.",REAL,Politics,Official/Reported,Author_65,2026-02-17,UK,English,32,True,0.86,38434,18569,14065
1728,Weather department issues rainfall advisory for several regions,"A recent report discusses weather department issues rainfall advisory for several regions. The development has attracted public attention, while further details are expected from relevant authorities and organizations.",REAL,Health,Official/Reported,Author_48,2026-04-14,UK,English,28,True,0.79,8762,30389,14283
1729,University launches internship program for engineering students,Officials and researchers have reported an update related to university launches internship program for engineering students. The information is being discussed through formal announcements and available reports. Readers are advised to check the original source for complete details.,REAL,Politics,Official/Reported,Author_147,2026-03-10,Australia,English,38,True,0.86,55488,22015,3870
1730,Technology company releases a software update with security fixes,Officials and researchers have reported an update related to technology company releases a software update with security fixes. The information is being discussed through formal announcements and available reports. Readers are advised to check the original source for complete details.,REAL,Education,Official/Reported,Author_20,2026-02-25,India,English,40,True,0.81,23436,69991,2033
1731,Celebrity secretly becomes president of the country overnight,Social media users are circulating a story claiming that celebrity secretly becomes president of the country overnight. The claim appears sensational and should be checked against trustworthy news organizations and official statements.,FAKE,Business,Social Media/Unverified,Author_46,2026-03-18,USA,English,32,False,0.14,1156,42666,14014
1732,Scientists confirm that drinking one glass of water gives superpowers,A viral online claim says that scientists confirm that drinking one glass of water gives superpowers. The post provides dramatic details but does not identify a reliable official source or independent evidence. Readers should verify the claim before sharing it.,FAKE,Health,Social Media/Unverified,Author_132,2026-01-17,Australia,English,40,False,0.36,51626,17693,2736
1733,Government announces free smartphones for every citizen tomorrow,A viral online claim says that government announces free smartphones for every citizen tomorrow. The post provides dramatic details but does not identify a reliable official source or independent evidence. Readers should verify the claim before sharing it.,FAKE,Entertainment,Social Media/Unverified,Author_40,2026-03-08,Australia,English,38,False,0.34,75227,36610,7576
1734,New app claims it can predict every person's future with 100 percent accuracy,A viral online claim says that new app claims it can predict every person's future with 100 percent accuracy. The post provides dramatic details but does not identify a reliable official source or independent evidence. Readers should verify the claim before sharing it.,FAKE,Entertainment,Social Media/Unverified,Author_45,2026-02-23,USA,English,43,False,0.11,79441,5545,1098
1735,Internet users discover a hidden button that makes phones charge instantly,Social media users are circulating a story claiming that internet users discover a hidden button that makes phones charge instantly. The claim appears sensational and should be checked against trustworthy news organizations and official statements.,FAKE,Science,Social Media/Unverified,Author_1,2026-05-15,Australia,English,35,False,0.33,88814,51780,9016
1736,Researchers prove that humans can survive without sleep for one year,"An unverified internet post claims that researchers prove that humans can survive without sleep for one year. No dependable evidence is provided in the message, so the information should not be treated as confirmed without further verification.",FAKE,Weather,Social Media/Unverified,Author_135,2026-08-21,Australia,English,37,False,0.17,79376,75695,11769
1737,Company announces that its laptop can run for ten years without charging,"An unverified internet post claims that company announces that its laptop can run for ten years without charging. No dependable evidence is provided in the message, so the information should not be treated as confirmed without further verification.",FAKE,Weather,Social Media/Unverified,Author_65,2026-07-06,Australia,English,38,False,0.35,16556,4778,3389
1738,Social media post claims the moon will disappear for seven days,A viral online claim says that social media post claims the moon will disappear for seven days. The post provides dramatic details but does not identify a reliable official source or independent evidence. Readers should verify the claim before sharing it.,FAKE,Business,Social Media/Unverified,Author_77,2026-02-20,Canada,English,41,False,0.18,39268,48976,391
1739,Online message says students can receive guaranteed jobs by sharing one post,Social media users are circulating a story claiming that online message says students can receive guaranteed jobs by sharing one post. The claim appears sensational and should be checked against trustworthy news organizations and official statements.,FAKE,Entertainment,Social Media/Unverified,Author_51,2026-01-07,Canada,English,36,False,0.32,98359,19294,7371
1740,Viral post claims a common household item can completely cure every disease,"An unverified internet post claims that viral post claims a common household item can completely cure every disease. No dependable evidence is provided in the message, so the information should not be treated as confirmed without further verification.",FAKE,Science,Social Media/Unverified,Author_78,2026-07-08,USA,English,38,False,0.06,29772,57549,4143
1741,Government announces new scholarship program for college students,"A recent report discusses government announces new scholarship program for college students. The development has attracted public attention, while further details are expected from relevant authorities and organizations.",REAL,Weather,Official/Reported,Author_120,2026-08-12,USA,English,28,True,0.86,54509,6735,4020
1742,Scientists discover a new method to improve solar panel efficiency,Officials and researchers have reported an update related to scientists discover a new method to improve solar panel efficiency. The information is being discussed through formal announcements and available reports. Readers are advised to check the original source for complete details.,REAL,Technology,Official/Reported,Author_76,2026-06-02,UK,English,41,True,0.86,50676,56809,1279
1743,Local university opens a new artificial intelligence research center,"According to an update shared by relevant organizations, local university opens a new artificial intelligence research center. The report focuses on the available information and encourages readers to verify details through reliable sources.",REAL,Health,Official/Reported,Author_91,2026-08-02,Canada,English,33,True,0.77,43454,25364,5084
1744,New public transport route launched to connect rural areas,"According to an update shared by relevant organizations, new public transport route launched to connect rural areas. The report focuses on the available information and encourages readers to verify details through reliable sources.",REAL,Science,Official/Reported,Author_3,2026-02-05,Australia,English,33,True,0.81,3245,66787,3583
1745,Researchers publish study on reducing plastic waste in cities,"According to an update shared by relevant organizations, researchers publish study on reducing plastic waste in cities. The report focuses on the available information and encourages readers to verify details through reliable sources.",REAL,Business,Official/Reported,Author_7,2026-08-13,UK,English,33,True,0.94,60341,45477,10187
1746,Health department releases updated vaccination schedule,"A recent report discusses health department releases updated vaccination schedule. The development has attracted public attention, while further details are expected from relevant authorities and organizations.",REAL,Health,Official/Reported,Author_95,2026-01-26,Australia,English,26,True,0.89,57471,63904,7100
1747,National bank introduces updated digital payment security guidelines,"According to an update shared by relevant organizations, national bank introduces updated digital payment security guidelines. The report focuses on the available information and encourages readers to verify details through reliable sources.",REAL,Politics,Official/Reported,Author_141,2026-02-05,Canada,English,32,True,0.83,93630,57658,11984
1748,Weather department issues rainfall advisory for several regions,"According to an update shared by relevant organizations, weather department issues rainfall advisory for several regions. The report focuses on the available information and encourages readers to verify details through reliable sources.",REAL,Health,Official/Reported,Author_37,2026-03-25,USA,English,32,True,0.77,50327,36149,6461
1749,University launches internship program for engineering students,Officials and researchers have reported an update related to university launches internship program for engineering students. The information is being discussed through formal announcements and available reports. Readers are advised to check the original source for complete details.,REAL,Politics,Official/Reported,Author_12,2026-05-01,USA,English,38,True,0.8,74628,25388,6841
1750,Technology company releases a software update with security fixes,Officials and researchers have reported an update related to technology company releases a software update with security fixes. The information is being discussed through formal announcements and available reports. Readers are advised to check the original source for complete details.,REAL,Weather,Official/Reported,Author_141,2026-05-07,India,English,40,True,0.99,21426,4915,4350
1751,Celebrity secretly becomes president of the country overnight,"An unverified internet post claims that celebrity secretly becomes president of the country overnight. No dependable evidence is provided in the message, so the information should not be treated as confirmed without further verification.",FAKE,Entertainment,Social Media/Unverified,Author_17,2026-04-15,USA,English,34,False,0.37,64691,14978,1310
1752,Scientists confirm that drinking one glass of water gives superpowers,"An unverified internet post claims that scientists confirm that drinking one glass of water gives superpowers. No dependable evidence is provided in the message, so the information should not be treated as confirmed without further verification.",FAKE,Entertainment,Social Media/Unverified,Author_88,2026-06-28,Canada,English,36,False,0.38,33837,75639,9151
1753,Government announces free smartphones for every citizen tomorrow,"An unverified internet post claims that government announces free smartphones for every citizen tomorrow. No dependable evidence is provided in the message, so the information should not be treated as confirmed without further verification.",FAKE,Business,Social Media/Unverified,Author_84,2026-03-22,Australia,English,34,False,0.23,36574,77842,12751
1754,New app claims it can predict every person's future with 100 percent accuracy,A viral online claim says that new app claims it can predict every person's future with 100 percent accuracy. The post provides dramatic details but does not identify a reliable official source or independent evidence. Readers should verify the claim before sharing it.,FAKE,Education,Social Media/Unverified,Author_6,2026-07-16,UK,English,43,False,0.16,66704,39401,8173
1755,Internet users discover a hidden button that makes phones charge instantly,"An unverified internet post claims that internet users discover a hidden button that makes phones charge instantly. No dependable evidence is provided in the message, so the information should not be treated as confirmed without further verification.",FAKE,Weather,Social Media/Unverified,Author_14,2026-05-26,UK,English,37,False,0.09,19404,72751,3663
1756,Researchers prove that humans can survive without sleep for one year,A viral online claim says that researchers prove that humans can survive without sleep for one year. The post provides dramatic details but does not identify a reliable official source or independent evidence. Readers should verify the claim before sharing it.,FAKE,Education,Social Media/Unverified,Author_119,2026-03-04,Australia,English,41,False,0.23,54096,52414,6869
1757,Company announces that its laptop can run for ten years without charging,"An unverified internet post claims that company announces that its laptop can run for ten years without charging. No dependable evidence is provided in the message, so the information should not be treated as confirmed without further verification.",FAKE,Business,Social Media/Unverified,Author_77,2026-02-08,USA,English,38,False,0.27,86895,8697,12697
1758,Social media post claims the moon will disappear for seven days,Social media users are circulating a story claiming that social media post claims the moon will disappear for seven days. The claim appears sensational and should be checked against trustworthy news organizations and official statements.,FAKE,Politics,Social Media/Unverified,Author_112,2026-07-27,Canada,English,35,False,0.1,62029,4015,5468
1759,Online message says students can receive guaranteed jobs by sharing one post,Social media users are circulating a story claiming that online message says students can receive guaranteed jobs by sharing one post. The claim appears sensational and should be checked against trustworthy news organizations and official statements.,FAKE,Technology,Social Media/Unverified,Author_79,2026-04-16,Canada,English,36,False,0.37,51959,77130,3506
1760,Viral post claims a common household item can completely cure every disease,Social media users are circulating a story claiming that viral post claims a common household item can completely cure every disease. The claim appears sensational and should be checked against trustworthy news organizations and official statements.,FAKE,Weather,Social Media/Unverified,Author_61,2026-05-08,Australia,English,36,False,0.33,44064,20870,9797
1761,Government announces new scholarship program for college students,"A recent report discusses government announces new scholarship program for college students. The development has attracted public attention, while further details are expected from relevant authorities and organizations.",REAL,Weather,Official/Reported,Author_22,2026-02-03,India,English,28,True,0.94,1122,19671,8853
1762,Scientists discover a new method to improve solar panel efficiency,"A recent report discusses scientists discover a new method to improve solar panel efficiency. The development has attracted public attention, while further details are expected from relevant authorities and organizations.",REAL,Entertainment,Official/Reported,Author_24,2026-03-02,India,English,30,True,0.86,4294,17500,4774
1763,Local university opens a new artificial intelligence research center,"A recent report discusses local university opens a new artificial intelligence research center. The development has attracted public attention, while further details are expected from relevant authorities and organizations.",REAL,Business,Official/Reported,Author_147,2026-02-02,USA,English,29,True,0.96,43282,13108,638
1764,New public transport route launched to connect rural areas,"According to an update shared by relevant organizations, new public transport route launched to connect rural areas. The report focuses on the available information and encourages readers to verify details through reliable sources.",REAL,Technology,Official/Reported,Author_11,2026-01-27,USA,English,33,True,0.94,51241,64277,1761
1765,Researchers publish study on reducing plastic waste in cities,"A recent report discusses researchers publish study on reducing plastic waste in cities. The development has attracted public attention, while further details are expected from relevant authorities and organizations.",REAL,Health,Official/Reported,Author_135,2026-02-27,Australia,English,29,True,0.82,8522,60604,9931
1766,Health department releases updated vaccination schedule,"A recent report discusses health department releases updated vaccination schedule. The development has attracted public attention, while further details are expected from relevant authorities and organizations.",REAL,Science,Official/Reported,Author_132,2026-02-16,Australia,English,26,True,0.8,37194,4203,6445
1767,National bank introduces updated digital payment security guidelines,"A recent report discusses national bank introduces updated digital payment security guidelines. The development has attracted public attention, while further details are expected from relevant authorities and organizations.",REAL,Science,Official/Reported,Author_122,2026-08-12,Australia,English,28,True,0.82,85664,52577,6848
1768,Weather department issues rainfall advisory for several regions,Officials and researchers have reported an update related to weather department issues rainfall advisory for several regions. The information is being discussed through formal announcements and available reports. Readers are advised to check the original source for complete details.,REAL,Health,Official/Reported,Author_84,2026-04-08,Canada,English,39,True,0.79,20354,4828,1301
1769,University launches internship program for engineering students,Officials and researchers have reported an update related to university launches internship program for engineering students. The information is being discussed through formal announcements and available reports. Readers are advised to check the original source for complete details.,REAL,Technology,Official/Reported,Author_38,2026-02-15,USA,English,38,True,0.79,9636,37029,12621
1770,Technology company releases a software update with security fixes,"A recent report discusses technology company releases a software update with security fixes. The development has attracted public attention, while further details are expected from relevant authorities and organizations.",REAL,Business,Official/Reported,Author_149,2026-04-23,Canada,English,29,True,0.85,16081,72372,11950
1771,Celebrity secretly becomes president of the country overnight,"An unverified internet post claims that celebrity secretly becomes president of the country overnight. No dependable evidence is provided in the message, so the information should not be treated as confirmed without further verification.",FAKE,Health,Social Media/Unverified,Author_54,2026-08-21,India,English,34,False,0.18,51232,25103,5653
1772,Scientists confirm that drinking one glass of water gives superpowers,A viral online claim says that scientists confirm that drinking one glass of water gives superpowers. The post provides dramatic details but does not identify a reliable official source or independent evidence. Readers should verify the claim before sharing it.,FAKE,Politics,Social Media/Unverified,Author_9,2026-05-13,USA,English,40,False,0.33,60762,52104,12840
1773,Government announces free smartphones for every citizen tomorrow,"An unverified internet post claims that government announces free smartphones for every citizen tomorrow. No dependable evidence is provided in the message, so the information should not be treated as confirmed without further verification.",FAKE,Business,Social Media/Unverified,Author_116,2026-03-27,UK,English,34,False,0.31,92728,55363,10787
1774,New app claims it can predict every person's future with 100 percent accuracy,Social media users are circulating a story claiming that new app claims it can predict every person's future with 100 percent accuracy. The claim appears sensational and should be checked against trustworthy news organizations and official statements.,FAKE,Science,Social Media/Unverified,Author_2,2026-03-09,Canada,English,37,False,0.08,43860,19425,688
1775,Internet users discover a hidden button that makes phones charge instantly,A viral online claim says that internet users discover a hidden button that makes phones charge instantly. The post provides dramatic details but does not identify a reliable official source or independent evidence. Readers should verify the claim before sharing it.,FAKE,Education,Social Media/Unverified,Author_132,2026-08-09,USA,English,41,False,0.3,54781,5044,12629
1776,Researchers prove that humans can survive without sleep for one year,A viral online claim says that researchers prove that humans can survive without sleep for one year. The post provides dramatic details but does not identify a reliable official source or independent evidence. Readers should verify the claim before sharing it.,FAKE,Business,Social Media/Unverified,Author_88,2026-06-11,India,English,41,False,0.09,65687,26443,3458
1777,Company announces that its laptop can run for ten years without charging,A viral online claim says that company announces that its laptop can run for ten years without charging. The post provides dramatic details but does not identify a reliable official source or independent evidence. Readers should verify the claim before sharing it.,FAKE,Business,Social Media/Unverified,Author_130,2026-05-17,Canada,English,42,False,0.36,77406,25781,7126
1778,Social media post claims the moon will disappear for seven days,"An unverified internet post claims that social media post claims the moon will disappear for seven days. No dependable evidence is provided in the message, so the information should not be treated as confirmed without further verification.",FAKE,Politics,Social Media/Unverified,Author_117,2026-05-18,Canada,English,37,False,0.07,43605,2353,6673
1779,Online message says students can receive guaranteed jobs by sharing one post,"An unverified internet post claims that online message says students can receive guaranteed jobs by sharing one post. No dependable evidence is provided in the message, so the information should not be treated as confirmed without further verification.",FAKE,Technology,Social Media/Unverified,Author_122,2026-07-15,Australia,English,38,False,0.25,41321,77454,3651
1780,Viral post claims a common household item can completely cure every disease,Social media users are circulating a story claiming that viral post claims a common household item can completely cure every disease. The claim appears sensational and should be checked against trustworthy news organizations and official statements.,FAKE,Health,Social Media/Unverified,Author_77,2026-01-27,USA,English,36,False,0.28,75974,33315,6468
1781,Government announces new scholarship program for college students,"A recent report discusses government announces new scholarship program for college students. The development has attracted public attention, while further details are expected from relevant authorities and organizations.",REAL,Politics,Official/Reported,Author_136,2026-04-02,USA,English,28,True,0.98,58894,31328,6504
1782,Scientists discover a new method to improve solar panel efficiency,Officials and researchers have reported an update related to scientists discover a new method to improve solar panel efficiency. The information is being discussed through formal announcements and available reports. Readers are advised to check the original source for complete details.,REAL,Weather,Official/Reported,Author_13,2026-02-26,UK,English,41,True,0.88,71646,54629,267
1783,Local university opens a new artificial intelligence research center,"According to an update shared by relevant organizations, local university opens a new artificial intelligence research center. The report focuses on the available information and encourages readers to verify details through reliable sources.",REAL,Health,Official/Reported,Author_14,2026-08-19,USA,English,33,True,0.88,72408,37695,12774
1784,New public transport route launched to connect rural areas,Officials and researchers have reported an update related to new public transport route launched to connect rural areas. The information is being discussed through formal announcements and available reports. Readers are advised to check the original source for complete details.,REAL,Education,Official/Reported,Author_100,2026-06-06,Australia,English,40,True,0.91,1872,56300,1305
1785,Researchers publish study on reducing plastic waste in cities,"A recent report discusses researchers publish study on reducing plastic waste in cities. The development has attracted public attention, while further details are expected from relevant authorities and organizations.",REAL,Education,Official/Reported,Author_123,2026-01-04,USA,English,29,True,0.97,95825,33846,2769
1786,Health department releases updated vaccination schedule,"According to an update shared by relevant organizations, health department releases updated vaccination schedule. The report focuses on the available information and encourages readers to verify details through reliable sources.",REAL,Health,Official/Reported,Author_66,2026-07-06,Canada,English,30,True,0.8,21493,47378,1599
1787,National bank introduces updated digital payment security guidelines,"A recent report discusses national bank introduces updated digital payment security guidelines. The development has attracted public attention, while further details are expected from relevant authorities and organizations.",REAL,Health,Official/Reported,Author_139,2026-02-03,USA,English,28,True,0.96,446,31403,1081
1788,Weather department issues rainfall advisory for several regions,"A recent report discusses weather department issues rainfall advisory for several regions. The development has attracted public attention, while further details are expected from relevant authorities and organizations.",REAL,Science,Official/Reported,Author_30,2026-08-11,India,English,28,True,0.87,70080,60992,8368
1789,University launches internship program for engineering students,Officials and researchers have reported an update related to university launches internship program for engineering students. The information is being discussed through formal announcements and available reports. Readers are advised to check the original source for complete details.,REAL,Entertainment,Official/Reported,Author_72,2026-02-12,India,English,38,True,0.83,50850,24816,8934
1790,Technology company releases a software update with security fixes,"A recent report discusses technology company releases a software update with security fixes. The development has attracted public attention, while further details are expected from relevant authorities and organizations.",REAL,Politics,Official/Reported,Author_23,2026-02-06,USA,English,29,True,0.83,68440,70103,3181
1791,Celebrity secretly becomes president of the country overnight,Social media users are circulating a story claiming that celebrity secretly becomes president of the country overnight. The claim appears sensational and should be checked against trustworthy news organizations and official statements.,FAKE,Business,Social Media/Unverified,Author_8,2026-06-28,Canada,English,32,False,0.33,56685,13580,13226
1792,Scientists confirm that drinking one glass of water gives superpowers,"An unverified internet post claims that scientists confirm that drinking one glass of water gives superpowers. No dependable evidence is provided in the message, so the information should not be treated as confirmed without further verification.",FAKE,Weather,Social Media/Unverified,Author_55,2026-03-07,Australia,English,36,False,0.27,76864,8773,12200
1793,Government announces free smartphones for every citizen tomorrow,A viral online claim says that government announces free smartphones for every citizen tomorrow. The post provides dramatic details but does not identify a reliable official source or independent evidence. Readers should verify the claim before sharing it.,FAKE,Entertainment,Social Media/Unverified,Author_143,2026-08-13,UK,English,38,False,0.27,26108,5505,596
1794,New app claims it can predict every person's future with 100 percent accuracy,Social media users are circulating a story claiming that new app claims it can predict every person's future with 100 percent accuracy. The claim appears sensational and should be checked against trustworthy news organizations and official statements.,FAKE,Education,Social Media/Unverified,Author_1,2026-06-01,UK,English,37,False,0.28,54474,979,5163
1795,Internet users discover a hidden button that makes phones charge instantly,Social media users are circulating a story claiming that internet users discover a hidden button that makes phones charge instantly. The claim appears sensational and should be checked against trustworthy news organizations and official statements.,FAKE,Technology,Social Media/Unverified,Author_35,2026-02-20,Australia,English,35,False,0.25,15279,77715,2224
1796,Researchers prove that humans can survive without sleep for one year,Social media users are circulating a story claiming that researchers prove that humans can survive without sleep for one year. The claim appears sensational and should be checked against trustworthy news organizations and official statements.,FAKE,Entertainment,Social Media/Unverified,Author_142,2026-06-04,Australia,English,35,False,0.33,83644,41563,4031
1797,Company announces that its laptop can run for ten years without charging,Social media users are circulating a story claiming that company announces that its laptop can run for ten years without charging. The claim appears sensational and should be checked against trustworthy news organizations and official statements.,FAKE,Weather,Social Media/Unverified,Author_76,2026-01-28,India,English,36,False,0.07,39358,17951,11401
1798,Social media post claims the moon will disappear for seven days,Social media users are circulating a story claiming that social media post claims the moon will disappear for seven days. The claim appears sensational and should be checked against trustworthy news organizations and official statements.,FAKE,Weather,Social Media/Unverified,Author_40,2026-05-11,Canada,English,35,False,0.39,69604,47687,1230
1799,Online message says students can receive guaranteed jobs by sharing one post,Social media users are circulating a story claiming that online message says students can receive guaranteed jobs by sharing one post. The claim appears sensational and should be checked against trustworthy news organizations and official statements.,FAKE,Health,Social Media/Unverified,Author_77,2026-07-01,India,English,36,False,0.39,42969,24223,11662
1800,Viral post claims a common household item can completely cure every disease,A viral online claim says that viral post claims a common household item can completely cure every disease. The post provides dramatic details but does not identify a reliable official source or independent evidence. Readers should verify the claim before sharing it.,FAKE,Science,Social Media/Unverified,Author_135,2026-02-12,India,English,42,False,0.08,34639,43754,5215
1801,Government announces new scholarship program for college students,Officials and researchers have reported an update related to government announces new scholarship program for college students. The information is being discussed through formal announcements and available reports. Readers are advised to check the original source for complete details.,REAL,Science,Official/Reported,Author_148,2026-04-19,India,English,39,True,0.81,36253,40832,13786
1802,Scientists discover a new method to improve solar panel efficiency,"According to an update shared by relevant organizations, scientists discover a new method to improve solar panel efficiency. The report focuses on the available information and encourages readers to verify details through reliable sources.",REAL,Technology,Official/Reported,Author_141,2026-05-18,UK,English,34,True,0.77,52917,5344,5110
1803,Local university opens a new artificial intelligence research center,"A recent report discusses local university opens a new artificial intelligence research center. The development has attracted public attention, while further details are expected from relevant authorities and organizations.",REAL,Technology,Official/Reported,Author_86,2026-05-24,India,English,29,True,0.78,12372,77115,65
1804,New public transport route launched to connect rural areas,Officials and researchers have reported an update related to new public transport route launched to connect rural areas. The information is being discussed through formal announcements and available reports. Readers are advised to check the original source for complete details.,REAL,Entertainment,Official/Reported,Author_11,2026-08-26,UK,English,40,True,0.85,14020,34645,2601
1805,Researchers publish study on reducing plastic waste in cities,"According to an update shared by relevant organizations, researchers publish study on reducing plastic waste in cities. The report focuses on the available information and encourages readers to verify details through reliable sources.",REAL,Education,Official/Reported,Author_21,2026-06-06,USA,English,33,True,0.91,74591,13619,10335
1806,Health department releases updated vaccination schedule,Officials and researchers have reported an update related to health department releases updated vaccination schedule. The information is being discussed through formal announcements and available reports. Readers are advised to check the original source for complete details.,REAL,Entertainment,Official/Reported,Author_56,2026-03-06,Australia,English,37,True,0.81,53475,697,11164
1807,National bank introduces updated digital payment security guidelines,"According to an update shared by relevant organizations, national bank introduces updated digital payment security guidelines. The report focuses on the available information and encourages readers to verify details through reliable sources.",REAL,Health,Official/Reported,Author_148,2026-04-16,Australia,English,32,True,0.81,56334,27662,10047
1808,Weather department issues rainfall advisory for several regions,"According to an update shared by relevant organizations, weather department issues rainfall advisory for several regions. The report focuses on the available information and encourages readers to verify details through reliable sources.",REAL,Weather,Official/Reported,Author_50,2026-05-12,USA,English,32,True,0.85,77443,53946,14921
1809,University launches internship program for engineering students,"According to an update shared by relevant organizations, university launches internship program for engineering students. The report focuses on the available information and encourages readers to verify details through reliable sources.",REAL,Health,Official/Reported,Author_69,2026-04-20,India,English,31,True,0.92,33433,79337,8153
1810,Technology company releases a software update with security fixes,Officials and researchers have reported an update related to technology company releases a software update with security fixes. The information is being discussed through formal announcements and available reports. Readers are advised to check the original source for complete details.,REAL,Technology,Official/Reported,Author_104,2026-04-24,UK,English,40,True,0.92,75588,24169,13343
1811,Celebrity secretly becomes president of the country overnight,"An unverified internet post claims that celebrity secretly becomes president of the country overnight. No dependable evidence is provided in the message, so the information should not be treated as confirmed without further verification.",FAKE,Technology,Social Media/Unverified,Author_64,2026-03-23,India,English,34,False,0.13,32777,6108,11980
1812,Scientists confirm that drinking one glass of water gives superpowers,A viral online claim says that scientists confirm that drinking one glass of water gives superpowers. The post provides dramatic details but does not identify a reliable official source or independent evidence. Readers should verify the claim before sharing it.,FAKE,Weather,Social Media/Unverified,Author_35,2026-04-09,India,English,40,False,0.25,85449,27556,11751
1813,Government announces free smartphones for every citizen tomorrow,A viral online claim says that government announces free smartphones for every citizen tomorrow. The post provides dramatic details but does not identify a reliable official source or independent evidence. Readers should verify the claim before sharing it.,FAKE,Politics,Social Media/Unverified,Author_106,2026-02-11,USA,English,38,False,0.21,19275,16158,14234
1814,New app claims it can predict every person's future with 100 percent accuracy,Social media users are circulating a story claiming that new app claims it can predict every person's future with 100 percent accuracy. The claim appears sensational and should be checked against trustworthy news organizations and official statements.,FAKE,Business,Social Media/Unverified,Author_106,2026-07-22,Australia,English,37,False,0.29,58128,26422,14053
1815,Internet users discover a hidden button that makes phones charge instantly,"An unverified internet post claims that internet users discover a hidden button that makes phones charge instantly. No dependable evidence is provided in the message, so the information should not be treated as confirmed without further verification.",FAKE,Science,Social Media/Unverified,Author_53,2026-07-12,USA,English,37,False,0.35,86819,31825,8026
1816,Researchers prove that humans can survive without sleep for one year,Social media users are circulating a story claiming that researchers prove that humans can survive without sleep for one year. The claim appears sensational and should be checked against trustworthy news organizations and official statements.,FAKE,Health,Social Media/Unverified,Author_112,2026-01-09,India,English,35,False,0.2,20798,8053,12802
1817,Company announces that its laptop can run for ten years without charging,A viral online claim says that company announces that its laptop can run for ten years without charging. The post provides dramatic details but does not identify a reliable official source or independent evidence. Readers should verify the claim before sharing it.,FAKE,Entertainment,Social Media/Unverified,Author_135,2026-05-07,Canada,English,42,False,0.09,37655,18446,4643
1818,Social media post claims the moon will disappear for seven days,Social media users are circulating a story claiming that social media post claims the moon will disappear for seven days. The claim appears sensational and should be checked against trustworthy news organizations and official statements.,FAKE,Science,Social Media/Unverified,Author_110,2026-01-16,Australia,English,35,False,0.07,59572,45597,4967
1819,Online message says students can receive guaranteed jobs by sharing one post,"An unverified internet post claims that online message says students can receive guaranteed jobs by sharing one post. No dependable evidence is provided in the message, so the information should not be treated as confirmed without further verification.",FAKE,Education,Social Media/Unverified,Author_116,2026-04-23,UK,English,38,False,0.34,51206,35347,2628
1820,Viral post claims a common household item can completely cure every disease,Social media users are circulating a story claiming that viral post claims a common household item can completely cure every disease. The claim appears sensational and should be checked against trustworthy news organizations and official statements.,FAKE,Education,Social Media/Unverified,Author_113,2026-03-01,USA,English,36,False,0.28,50417,28693,9039
1821,Government announces new scholarship program for college students,"According to an update shared by relevant organizations, government announces new scholarship program for college students. The report focuses on the available information and encourages readers to verify details through reliable sources.",REAL,Science,Official/Reported,Author_29,2026-05-24,UK,English,32,True,0.88,90437,12959,4453
1822,Scientists discover a new method to improve solar panel efficiency,"According to an update shared by relevant organizations, scientists discover a new method to improve solar panel efficiency. The report focuses on the available information and encourages readers to verify details through reliable sources.",REAL,Health,Official/Reported,Author_104,2026-01-03,Australia,English,34,True,0.98,14050,31622,14725
1823,Local university opens a new artificial intelligence research center,"A recent report discusses local university opens a new artificial intelligence research center. The development has attracted public attention, while further details are expected from relevant authorities and organizations.",REAL,Health,Official/Reported,Author_63,2026-03-21,Canada,English,29,True,0.98,451,19547,320
1824,New public transport route launched to connect rural areas,"A recent report discusses new public transport route launched to connect rural areas. The development has attracted public attention, while further details are expected from relevant authorities and organizations.",REAL,Weather,Official/Reported,Author_146,2026-06-01,Canada,English,29,True,0.8,14226,40157,11810
1825,Researchers publish study on reducing plastic waste in cities,"A recent report discusses researchers publish study on reducing plastic waste in cities. The development has attracted public attention, while further details are expected from relevant authorities and organizations.",REAL,Health,Official/Reported,Author_70,2026-04-21,Canada,English,29,True,0.91,78859,74088,9240
1826,Health department releases updated vaccination schedule,"A recent report discusses health department releases updated vaccination schedule. The development has attracted public attention, while further details are expected from relevant authorities and organizations.",REAL,Technology,Official/Reported,Author_98,2026-08-20,USA,English,26,True,0.96,42571,6008,14054
1827,National bank introduces updated digital payment security guidelines,"A recent report discusses national bank introduces updated digital payment security guidelines. The development has attracted public attention, while further details are expected from relevant authorities and organizations.",REAL,Business,Official/Reported,Author_121,2026-04-18,UK,English,28,True,0.87,56478,73724,269
1828,Weather department issues rainfall advisory for several regions,"According to an update shared by relevant organizations, weather department issues rainfall advisory for several regions. The report focuses on the available information and encourages readers to verify details through reliable sources.",REAL,Technology,Official/Reported,Author_27,2026-03-08,Canada,English,32,True,0.96,26874,61226,6756
1829,University launches internship program for engineering students,"According to an update shared by relevant organizations, university launches internship program for engineering students. The report focuses on the available information and encourages readers to verify details through reliable sources.",REAL,Technology,Official/Reported,Author_27,2026-08-23,USA,English,31,True,0.8,28129,28640,6076
1830,Technology company releases a software update with security fixes,Officials and researchers have reported an update related to technology company releases a software update with security fixes. The information is being discussed through formal announcements and available reports. Readers are advised to check the original source for complete details.,REAL,Politics,Official/Reported,Author_66,2026-01-19,Canada,English,40,True,0.78,36764,77157,14578
1831,Celebrity secretly becomes president of the country overnight,Social media users are circulating a story claiming that celebrity secretly becomes president of the country overnight. The claim appears sensational and should be checked against trustworthy news organizations and official statements.,FAKE,Education,Social Media/Unverified,Author_24,2026-06-08,Australia,English,32,False,0.09,32819,78428,8796
1832,Scientists confirm that drinking one glass of water gives superpowers,"An unverified internet post claims that scientists confirm that drinking one glass of water gives superpowers. No dependable evidence is provided in the message, so the information should not be treated as confirmed without further verification.",FAKE,Education,Social Media/Unverified,Author_12,2026-08-23,UK,English,36,False,0.24,86163,838,13796
1833,Government announces free smartphones for every citizen tomorrow,Social media users are circulating a story claiming that government announces free smartphones for every citizen tomorrow. The claim appears sensational and should be checked against trustworthy news organizations and official statements.,FAKE,Education,Social Media/Unverified,Author_106,2026-06-04,India,English,32,False,0.23,30068,75459,4549
1834,New app claims it can predict every person's future with 100 percent accuracy,A viral online claim says that new app claims it can predict every person's future with 100 percent accuracy. The post provides dramatic details but does not identify a reliable official source or independent evidence. Readers should verify the claim before sharing it.,FAKE,Weather,Social Media/Unverified,Author_90,2026-06-25,Canada,English,43,False,0.24,21544,3530,12106
1835,Internet users discover a hidden button that makes phones charge instantly,A viral online claim says that internet users discover a hidden button that makes phones charge instantly. The post provides dramatic details but does not identify a reliable official source or independent evidence. Readers should verify the claim before sharing it.,FAKE,Politics,Social Media/Unverified,Author_71,2026-04-06,USA,English,41,False,0.13,5935,23518,3208
1836,Researchers prove that humans can survive without sleep for one year,A viral online claim says that researchers prove that humans can survive without sleep for one year. The post provides dramatic details but does not identify a reliable official source or independent evidence. Readers should verify the claim before sharing it.,FAKE,Education,Social Media/Unverified,Author_34,2026-05-15,India,English,41,False,0.28,29583,17636,515
1837,Company announces that its laptop can run for ten years without charging,A viral online claim says that company announces that its laptop can run for ten years without charging. The post provides dramatic details but does not identify a reliable official source or independent evidence. Readers should verify the claim before sharing it.,FAKE,Education,Social Media/Unverified,Author_94,2026-05-27,Canada,English,42,False,0.1,8302,20854,7761
1838,Social media post claims the moon will disappear for seven days,Social media users are circulating a story claiming that social media post claims the moon will disappear for seven days. The claim appears sensational and should be checked against trustworthy news organizations and official statements.,FAKE,Politics,Social Media/Unverified,Author_44,2026-06-02,Australia,English,35,False,0.11,55106,14229,1389
1839,Online message says students can receive guaranteed jobs by sharing one post,A viral online claim says that online message says students can receive guaranteed jobs by sharing one post. The post provides dramatic details but does not identify a reliable official source or independent evidence. Readers should verify the claim before sharing it.,FAKE,Education,Social Media/Unverified,Author_19,2026-03-14,India,English,42,False,0.2,91719,21787,4360
1840,Viral post claims a common household item can completely cure every disease,"An unverified internet post claims that viral post claims a common household item can completely cure every disease. No dependable evidence is provided in the message, so the information should not be treated as confirmed without further verification.",FAKE,Business,Social Media/Unverified,Author_116,2026-03-27,Australia,English,38,False,0.24,74366,28262,7357
1841,Government announces new scholarship program for college students,"A recent report discusses government announces new scholarship program for college students. The development has attracted public attention, while further details are expected from relevant authorities and organizations.",REAL,Science,Official/Reported,Author_114,2026-05-11,UK,English,28,True,0.9,96140,2630,3215
1842,Scientists discover a new method to improve solar panel efficiency,"A recent report discusses scientists discover a new method to improve solar panel efficiency. The development has attracted public attention, while further details are expected from relevant authorities and organizations.",REAL,Health,Official/Reported,Author_97,2026-08-03,Australia,English,30,True,0.78,91041,16622,14759
1843,Local university opens a new artificial intelligence research center,Officials and researchers have reported an update related to local university opens a new artificial intelligence research center. The information is being discussed through formal announcements and available reports. Readers are advised to check the original source for complete details.,REAL,Education,Official/Reported,Author_137,2026-02-18,Canada,English,40,True,0.84,85161,76113,11672
1844,New public transport route launched to connect rural areas,"According to an update shared by relevant organizations, new public transport route launched to connect rural areas. The report focuses on the available information and encourages readers to verify details through reliable sources.",REAL,Science,Official/Reported,Author_14,2026-03-18,USA,English,33,True,0.94,31530,6657,8329
1845,Researchers publish study on reducing plastic waste in cities,"According to an update shared by relevant organizations, researchers publish study on reducing plastic waste in cities. The report focuses on the available information and encourages readers to verify details through reliable sources.",REAL,Technology,Official/Reported,Author_62,2026-02-11,Australia,English,33,True,0.88,34043,34233,5440
1846,Health department releases updated vaccination schedule,"According to an update shared by relevant organizations, health department releases updated vaccination schedule. The report focuses on the available information and encourages readers to verify details through reliable sources.",REAL,Science,Official/Reported,Author_46,2026-01-14,Canada,English,30,True,0.95,26919,18317,13154
1847,National bank introduces updated digital payment security guidelines,Officials and researchers have reported an update related to national bank introduces updated digital payment security guidelines. The information is being discussed through formal announcements and available reports. Readers are advised to check the original source for complete details.,REAL,Technology,Official/Reported,Author_133,2026-03-20,Canada,English,39,True,0.77,94502,71665,1313
1848,Weather department issues rainfall advisory for several regions,"According to an update shared by relevant organizations, weather department issues rainfall advisory for several regions. The report focuses on the available information and encourages readers to verify details through reliable sources.",REAL,Business,Official/Reported,Author_118,2026-03-22,UK,English,32,True,0.99,44270,3931,542
1849,University launches internship program for engineering students,Officials and researchers have reported an update related to university launches internship program for engineering students. The information is being discussed through formal announcements and available reports. Readers are advised to check the original source for complete details.,REAL,Politics,Official/Reported,Author_7,2026-01-03,UK,English,38,True,0.79,97291,76792,1328
1850,Technology company releases a software update with security fixes,Officials and researchers have reported an update related to technology company releases a software update with security fixes. The information is being discussed through formal announcements and available reports. Readers are advised to check the original source for complete details.,REAL,Education,Official/Reported,Author_124,2026-02-15,Australia,English,40,True,0.91,7513,79286,423
1851,Celebrity secretly becomes president of the country overnight,"An unverified internet post claims that celebrity secretly becomes president of the country overnight. No dependable evidence is provided in the message, so the information should not be treated as confirmed without further verification.",FAKE,Science,Social Media/Unverified,Author_91,2026-06-13,India,English,34,False,0.33,66072,37997,12329
1852,Scientists confirm that drinking one glass of water gives superpowers,Social media users are circulating a story claiming that scientists confirm that drinking one glass of water gives superpowers. The claim appears sensational and should be checked against trustworthy news organizations and official statements.,FAKE,Health,Social Media/Unverified,Author_41,2026-02-18,USA,English,34,False,0.26,75557,70785,7811
1853,Government announces free smartphones for every citizen tomorrow,Social media users are circulating a story claiming that government announces free smartphones for every citizen tomorrow. The claim appears sensational and should be checked against trustworthy news organizations and official statements.,FAKE,Entertainment,Social Media/Unverified,Author_134,2026-02-05,USA,English,32,False,0.34,37886,65726,10185
1854,New app claims it can predict every person's future with 100 percent accuracy,A viral online claim says that new app claims it can predict every person's future with 100 percent accuracy. The post provides dramatic details but does not identify a reliable official source or independent evidence. Readers should verify the claim before sharing it.,FAKE,Business,Social Media/Unverified,Author_98,2026-08-02,Australia,English,43,False,0.2,3450,5791,9817
1855,Internet users discover a hidden button that makes phones charge instantly,A viral online claim says that internet users discover a hidden button that makes phones charge instantly. The post provides dramatic details but does not identify a reliable official source or independent evidence. Readers should verify the claim before sharing it.,FAKE,Politics,Social Media/Unverified,Author_67,2026-04-13,UK,English,41,False,0.27,11634,47383,11860
1856,Researchers prove that humans can survive without sleep for one year,"An unverified internet post claims that researchers prove that humans can survive without sleep for one year. No dependable evidence is provided in the message, so the information should not be treated as confirmed without further verification.",FAKE,Health,Social Media/Unverified,Author_136,2026-03-13,Canada,English,37,False,0.25,30917,54134,2445
1857,Company announces that its laptop can run for ten years without charging,Social media users are circulating a story claiming that company announces that its laptop can run for ten years without charging. The claim appears sensational and should be checked against trustworthy news organizations and official statements.,FAKE,Education,Social Media/Unverified,Author_83,2026-06-22,India,English,36,False,0.18,22323,75610,6149
1858,Social media post claims the moon will disappear for seven days,"An unverified internet post claims that social media post claims the moon will disappear for seven days. No dependable evidence is provided in the message, so the information should not be treated as confirmed without further verification.",FAKE,Politics,Social Media/Unverified,Author_142,2026-01-21,Canada,English,37,False,0.07,27262,31513,6720
1859,Online message says students can receive guaranteed jobs by sharing one post,"An unverified internet post claims that online message says students can receive guaranteed jobs by sharing one post. No dependable evidence is provided in the message, so the information should not be treated as confirmed without further verification.",FAKE,Entertainment,Social Media/Unverified,Author_91,2026-01-25,Australia,English,38,False,0.32,68930,24222,2060
1860,Viral post claims a common household item can completely cure every disease,A viral online claim says that viral post claims a common household item can completely cure every disease. The post provides dramatic details but does not identify a reliable official source or independent evidence. Readers should verify the claim before sharing it.,FAKE,Politics,Social Media/Unverified,Author_69,2026-01-04,Canada,English,42,False,0.14,69291,16292,14585
1861,Government announces new scholarship program for college students,"According to an update shared by relevant organizations, government announces new scholarship program for college students. The report focuses on the available information and encourages readers to verify details through reliable sources.",REAL,Politics,Official/Reported,Author_67,2026-05-28,USA,English,32,True,0.88,62091,65337,14425
1862,Scientists discover a new method to improve solar panel efficiency,Officials and researchers have reported an update related to scientists discover a new method to improve solar panel efficiency. The information is being discussed through formal announcements and available reports. Readers are advised to check the original source for complete details.,REAL,Education,Official/Reported,Author_97,2026-04-17,India,English,41,True,0.85,31759,20302,11026
1863,Local university opens a new artificial intelligence research center,Officials and researchers have reported an update related to local university opens a new artificial intelligence research center. The information is being discussed through formal announcements and available reports. Readers are advised to check the original source for complete details.,REAL,Science,Official/Reported,Author_103,2026-05-24,USA,English,40,True,0.88,84575,40309,6678
1864,New public transport route launched to connect rural areas,"A recent report discusses new public transport route launched to connect rural areas. The development has attracted public attention, while further details are expected from relevant authorities and organizations.",REAL,Science,Official/Reported,Author_6,2026-04-14,USA,English,29,True,0.84,95067,69253,7059
1865,Researchers publish study on reducing plastic waste in cities,Officials and researchers have reported an update related to researchers publish study on reducing plastic waste in cities. The information is being discussed through formal announcements and available reports. Readers are advised to check the original source for complete details.,REAL,Technology,Official/Reported,Author_80,2026-05-03,Canada,English,40,True,0.96,51152,38228,10348
1866,Health department releases updated vaccination schedule,"A recent report discusses health department releases updated vaccination schedule. The development has attracted public attention, while further details are expected from relevant authorities and organizations.",REAL,Science,Official/Reported,Author_91,2026-06-25,UK,English,26,True,0.96,5556,24461,6607
1867,National bank introduces updated digital payment security guidelines,Officials and researchers have reported an update related to national bank introduces updated digital payment security guidelines. The information is being discussed through formal announcements and available reports. Readers are advised to check the original source for complete details.,REAL,Business,Official/Reported,Author_88,2026-03-10,USA,English,39,True,0.98,95593,3054,10955
1868,Weather department issues rainfall advisory for several regions,Officials and researchers have reported an update related to weather department issues rainfall advisory for several regions. The information is being discussed through formal announcements and available reports. Readers are advised to check the original source for complete details.,REAL,Entertainment,Official/Reported,Author_97,2026-05-14,UK,English,39,True,0.96,67247,75464,13348
1869,University launches internship program for engineering students,"According to an update shared by relevant organizations, university launches internship program for engineering students. The report focuses on the available information and encourages readers to verify details through reliable sources.",REAL,Politics,Official/Reported,Author_58,2026-02-12,USA,English,31,True,0.88,65673,67998,2923
1870,Technology company releases a software update with security fixes,"A recent report discusses technology company releases a software update with security fixes. The development has attracted public attention, while further details are expected from relevant authorities and organizations.",REAL,Business,Official/Reported,Author_35,2026-08-20,India,English,29,True,0.91,44565,4925,4746
1871,Celebrity secretly becomes president of the country overnight,"An unverified internet post claims that celebrity secretly becomes president of the country overnight. No dependable evidence is provided in the message, so the information should not be treated as confirmed without further verification.",FAKE,Politics,Social Media/Unverified,Author_75,2026-04-07,USA,English,34,False,0.12,46548,25476,13574
1872,Scientists confirm that drinking one glass of water gives superpowers,"An unverified internet post claims that scientists confirm that drinking one glass of water gives superpowers. No dependable evidence is provided in the message, so the information should not be treated as confirmed without further verification.",FAKE,Health,Social Media/Unverified,Author_81,2026-02-13,USA,English,36,False,0.33,13402,11809,1549
1873,Government announces free smartphones for every citizen tomorrow,"An unverified internet post claims that government announces free smartphones for every citizen tomorrow. No dependable evidence is provided in the message, so the information should not be treated as confirmed without further verification.",FAKE,Entertainment,Social Media/Unverified,Author_135,2026-08-24,India,English,34,False,0.24,79499,26038,3950
1874,New app claims it can predict every person's future with 100 percent accuracy,"An unverified internet post claims that new app claims it can predict every person's future with 100 percent accuracy. No dependable evidence is provided in the message, so the information should not be treated as confirmed without further verification.",FAKE,Technology,Social Media/Unverified,Author_51,2026-08-07,USA,English,39,False,0.19,42348,29590,642
1875,Internet users discover a hidden button that makes phones charge instantly,Social media users are circulating a story claiming that internet users discover a hidden button that makes phones charge instantly. The claim appears sensational and should be checked against trustworthy news organizations and official statements.,FAKE,Politics,Social Media/Unverified,Author_20,2026-02-25,Australia,English,35,False,0.32,65109,42923,6378
1876,Researchers prove that humans can survive without sleep for one year,A viral online claim says that researchers prove that humans can survive without sleep for one year. The post provides dramatic details but does not identify a reliable official source or independent evidence. Readers should verify the claim before sharing it.,FAKE,Entertainment,Social Media/Unverified,Author_129,2026-07-25,Australia,English,41,False,0.3,68753,1103,174
1877,Company announces that its laptop can run for ten years without charging,A viral online claim says that company announces that its laptop can run for ten years without charging. The post provides dramatic details but does not identify a reliable official source or independent evidence. Readers should verify the claim before sharing it.,FAKE,Education,Social Media/Unverified,Author_7,2026-01-19,India,English,42,False,0.17,54407,14686,9006
1878,Social media post claims the moon will disappear for seven days,A viral online claim says that social media post claims the moon will disappear for seven days. The post provides dramatic details but does not identify a reliable official source or independent evidence. Readers should verify the claim before sharing it.,FAKE,Politics,Social Media/Unverified,Author_63,2026-07-11,Canada,English,41,False,0.27,65198,34593,11948
1879,Online message says students can receive guaranteed jobs by sharing one post,Social media users are circulating a story claiming that online message says students can receive guaranteed jobs by sharing one post. The claim appears sensational and should be checked against trustworthy news organizations and official statements.,FAKE,Technology,Social Media/Unverified,Author_107,2026-01-20,USA,English,36,False,0.19,79930,45328,2194
1880,Viral post claims a common household item can completely cure every disease,A viral online claim says that viral post claims a common household item can completely cure every disease. The post provides dramatic details but does not identify a reliable official source or independent evidence. Readers should verify the claim before sharing it.,FAKE,Technology,Social Media/Unverified,Author_80,2026-02-26,India,English,42,False,0.35,83802,75375,4699
1881,Government announces new scholarship program for college students,Officials and researchers have reported an update related to government announces new scholarship program for college students. The information is being discussed through formal announcements and available reports. Readers are advised to check the original source for complete details.,REAL,Health,Official/Reported,Author_58,2026-04-13,Australia,English,39,True,0.86,3467,76886,2282
1882,Scientists discover a new method to improve solar panel efficiency,"A recent report discusses scientists discover a new method to improve solar panel efficiency. The development has attracted public attention, while further details are expected from relevant authorities and organizations.",REAL,Education,Official/Reported,Author_44,2026-03-07,Australia,English,30,True,0.89,19393,9638,3934
1883,Local university opens a new artificial intelligence research center,"A recent report discusses local university opens a new artificial intelligence research center. The development has attracted public attention, while further details are expected from relevant authorities and organizations.",REAL,Health,Official/Reported,Author_86,2026-06-14,India,English,29,True,0.77,4791,38533,2130
1884,New public transport route launched to connect rural areas,"According to an update shared by relevant organizations, new public transport route launched to connect rural areas. The report focuses on the available information and encourages readers to verify details through reliable sources.",REAL,Weather,Official/Reported,Author_11,2026-06-21,India,English,33,True,0.94,44245,31154,8067
1885,Researchers publish study on reducing plastic waste in cities,"A recent report discusses researchers publish study on reducing plastic waste in cities. The development has attracted public attention, while further details are expected from relevant authorities and organizations.",REAL,Weather,Official/Reported,Author_112,2026-01-17,India,English,29,True,0.78,16890,55909,12784
1886,Health department releases updated vaccination schedule,Officials and researchers have reported an update related to health department releases updated vaccination schedule. The information is being discussed through formal announcements and available reports. Readers are advised to check the original source for complete details.,REAL,Politics,Official/Reported,Author_50,2026-01-17,USA,English,37,True,0.84,52154,79621,1448
1887,National bank introduces updated digital payment security guidelines,Officials and researchers have reported an update related to national bank introduces updated digital payment security guidelines. The information is being discussed through formal announcements and available reports. Readers are advised to check the original source for complete details.,REAL,Weather,Official/Reported,Author_40,2026-08-03,UK,English,39,True,0.98,27909,13105,2875
1888,Weather department issues rainfall advisory for several regions,Officials and researchers have reported an update related to weather department issues rainfall advisory for several regions. The information is being discussed through formal announcements and available reports. Readers are advised to check the original source for complete details.,REAL,Health,Official/Reported,Author_88,2026-06-02,Canada,English,39,True,0.87,24049,57183,9372
1889,University launches internship program for engineering students,Officials and researchers have reported an update related to university launches internship program for engineering students. The information is being discussed through formal announcements and available reports. Readers are advised to check the original source for complete details.,REAL,Entertainment,Official/Reported,Author_125,2026-07-25,Australia,English,38,True,0.9,18700,27642,8593
1890,Technology company releases a software update with security fixes,"A recent report discusses technology company releases a software update with security fixes. The development has attracted public attention, while further details are expected from relevant authorities and organizations.",REAL,Health,Official/Reported,Author_11,2026-02-08,UK,English,29,True,0.97,659,69186,7330
1891,Celebrity secretly becomes president of the country overnight,A viral online claim says that celebrity secretly becomes president of the country overnight. The post provides dramatic details but does not identify a reliable official source or independent evidence. Readers should verify the claim before sharing it.,FAKE,Business,Social Media/Unverified,Author_77,2026-04-16,Australia,English,38,False,0.31,69295,17895,6675
1892,Scientists confirm that drinking one glass of water gives superpowers,A viral online claim says that scientists confirm that drinking one glass of water gives superpowers. The post provides dramatic details but does not identify a reliable official source or independent evidence. Readers should verify the claim before sharing it.,FAKE,Education,Social Media/Unverified,Author_60,2026-06-20,India,English,40,False,0.07,87438,48575,7397
1893,Government announces free smartphones for every citizen tomorrow,"An unverified internet post claims that government announces free smartphones for every citizen tomorrow. No dependable evidence is provided in the message, so the information should not be treated as confirmed without further verification.",FAKE,Politics,Social Media/Unverified,Author_13,2026-06-19,Australia,English,34,False,0.3,37935,37460,9405
1894,New app claims it can predict every person's future with 100 percent accuracy,A viral online claim says that new app claims it can predict every person's future with 100 percent accuracy. The post provides dramatic details but does not identify a reliable official source or independent evidence. Readers should verify the claim before sharing it.,FAKE,Politics,Social Media/Unverified,Author_116,2026-05-19,USA,English,43,False,0.19,78371,75081,10219
1895,Internet users discover a hidden button that makes phones charge instantly,"An unverified internet post claims that internet users discover a hidden button that makes phones charge instantly. No dependable evidence is provided in the message, so the information should not be treated as confirmed without further verification.",FAKE,Weather,Social Media/Unverified,Author_147,2026-07-28,UK,English,37,False,0.34,84125,79259,12443
1896,Researchers prove that humans can survive without sleep for one year,"An unverified internet post claims that researchers prove that humans can survive without sleep for one year. No dependable evidence is provided in the message, so the information should not be treated as confirmed without further verification.",FAKE,Entertainment,Social Media/Unverified,Author_23,2026-05-05,Australia,English,37,False,0.32,75937,50349,10432
1897,Company announces that its laptop can run for ten years without charging,"An unverified internet post claims that company announces that its laptop can run for ten years without charging. No dependable evidence is provided in the message, so the information should not be treated as confirmed without further verification.",FAKE,Education,Social Media/Unverified,Author_38,2026-06-19,India,English,38,False,0.15,65603,40584,9330
1898,Social media post claims the moon will disappear for seven days,"An unverified internet post claims that social media post claims the moon will disappear for seven days. No dependable evidence is provided in the message, so the information should not be treated as confirmed without further verification.",FAKE,Education,Social Media/Unverified,Author_45,2026-04-04,USA,English,37,False,0.34,29242,38596,12788
1899,Online message says students can receive guaranteed jobs by sharing one post,A viral online claim says that online message says students can receive guaranteed jobs by sharing one post. The post provides dramatic details but does not identify a reliable official source or independent evidence. Readers should verify the claim before sharing it.,FAKE,Weather,Social Media/Unverified,Author_104,2026-01-14,Australia,English,42,False,0.29,73136,61999,2539
1900,Viral post claims a common household item can completely cure every disease,Social media users are circulating a story claiming that viral post claims a common household item can completely cure every disease. The claim appears sensational and should be checked against trustworthy news organizations and official statements.,FAKE,Technology,Social Media/Unverified,Author_118,2026-07-01,Canada,English,36,False,0.11,28309,40572,9202
1901,Government announces new scholarship program for college students,"According to an update shared by relevant organizations, government announces new scholarship program for college students. The report focuses on the available information and encourages readers to verify details through reliable sources.",REAL,Education,Official/Reported,Author_134,2026-04-11,Australia,English,32,True,0.97,85231,31981,14721
1902,Scientists discover a new method to improve solar panel efficiency,"According to an update shared by relevant organizations, scientists discover a new method to improve solar panel efficiency. The report focuses on the available information and encourages readers to verify details through reliable sources.",REAL,Science,Official/Reported,Author_144,2026-01-27,UK,English,34,True,0.95,45188,53413,14537
1903,Local university opens a new artificial intelligence research center,"According to an update shared by relevant organizations, local university opens a new artificial intelligence research center. The report focuses on the available information and encourages readers to verify details through reliable sources.",REAL,Technology,Official/Reported,Author_37,2026-07-11,India,English,33,True,0.88,19309,53250,9674
1904,New public transport route launched to connect rural areas,"A recent report discusses new public transport route launched to connect rural areas. The development has attracted public attention, while further details are expected from relevant authorities and organizations.",REAL,Science,Official/Reported,Author_112,2026-05-03,Australia,English,29,True,0.84,49594,45187,6667
1905,Researchers publish study on reducing plastic waste in cities,"According to an update shared by relevant organizations, researchers publish study on reducing plastic waste in cities. The report focuses on the available information and encourages readers to verify details through reliable sources.",REAL,Technology,Official/Reported,Author_56,2026-01-18,Canada,English,33,True,0.94,12888,19104,12558
1906,Health department releases updated vaccination schedule,Officials and researchers have reported an update related to health department releases updated vaccination schedule. The information is being discussed through formal announcements and available reports. Readers are advised to check the original source for complete details.,REAL,Business,Official/Reported,Author_147,2026-06-25,India,English,37,True,0.81,25181,35007,6531
1907,National bank introduces updated digital payment security guidelines,"According to an update shared by relevant organizations, national bank introduces updated digital payment security guidelines. The report focuses on the available information and encourages readers to verify details through reliable sources.",REAL,Science,Official/Reported,Author_62,2026-05-28,Australia,English,32,True,0.82,5326,3865,13640
1908,Weather department issues rainfall advisory for several regions,Officials and researchers have reported an update related to weather department issues rainfall advisory for several regions. The information is being discussed through formal announcements and available reports. Readers are advised to check the original source for complete details.,REAL,Entertainment,Official/Reported,Author_58,2026-01-01,Australia,English,39,True,0.85,51216,51029,1025
1909,University launches internship program for engineering students,Officials and researchers have reported an update related to university launches internship program for engineering students. The information is being discussed through formal announcements and available reports. Readers are advised to check the original source for complete details.,REAL,Technology,Official/Reported,Author_100,2026-04-03,India,English,38,True,0.91,80211,43893,13493
1910,Technology company releases a software update with security fixes,Officials and researchers have reported an update related to technology company releases a software update with security fixes. The information is being discussed through formal announcements and available reports. Readers are advised to check the original source for complete details.,REAL,Politics,Official/Reported,Author_17,2026-07-17,India,English,40,True,0.9,36611,10504,4801
1911,Celebrity secretly becomes president of the country overnight,"An unverified internet post claims that celebrity secretly becomes president of the country overnight. No dependable evidence is provided in the message, so the information should not be treated as confirmed without further verification.",FAKE,Technology,Social Media/Unverified,Author_83,2026-01-15,Canada,English,34,False,0.32,82524,68399,3209
1912,Scientists confirm that drinking one glass of water gives superpowers,"An unverified internet post claims that scientists confirm that drinking one glass of water gives superpowers. No dependable evidence is provided in the message, so the information should not be treated as confirmed without further verification.",FAKE,Entertainment,Social Media/Unverified,Author_106,2026-03-02,UK,English,36,False,0.13,36683,35410,275
1913,Government announces free smartphones for every citizen tomorrow,Social media users are circulating a story claiming that government announces free smartphones for every citizen tomorrow. The claim appears sensational and should be checked against trustworthy news organizations and official statements.,FAKE,Entertainment,Social Media/Unverified,Author_114,2026-05-13,USA,English,32,False,0.07,58864,18319,11895
1914,New app claims it can predict every person's future with 100 percent accuracy,Social media users are circulating a story claiming that new app claims it can predict every person's future with 100 percent accuracy. The claim appears sensational and should be checked against trustworthy news organizations and official statements.,FAKE,Weather,Social Media/Unverified,Author_34,2026-03-12,India,English,37,False,0.24,12077,64504,11878
1915,Internet users discover a hidden button that makes phones charge instantly,"An unverified internet post claims that internet users discover a hidden button that makes phones charge instantly. No dependable evidence is provided in the message, so the information should not be treated as confirmed without further verification.",FAKE,Entertainment,Social Media/Unverified,Author_99,2026-01-06,Australia,English,37,False,0.29,78888,8759,12601
1916,Researchers prove that humans can survive without sleep for one year,Social media users are circulating a story claiming that researchers prove that humans can survive without sleep for one year. The claim appears sensational and should be checked against trustworthy news organizations and official statements.,FAKE,Politics,Social Media/Unverified,Author_102,2026-05-03,USA,English,35,False,0.12,59499,30428,1461
1917,Company announces that its laptop can run for ten years without charging,A viral online claim says that company announces that its laptop can run for ten years without charging. The post provides dramatic details but does not identify a reliable official source or independent evidence. Readers should verify the claim before sharing it.,FAKE,Business,Social Media/Unverified,Author_92,2026-03-07,UK,English,42,False,0.37,52610,14254,7654
1918,Social media post claims the moon will disappear for seven days,"An unverified internet post claims that social media post claims the moon will disappear for seven days. No dependable evidence is provided in the message, so the information should not be treated as confirmed without further verification.",FAKE,Technology,Social Media/Unverified,Author_119,2026-01-07,USA,English,37,False,0.29,10311,79031,2676
1919,Online message says students can receive guaranteed jobs by sharing one post,A viral online claim says that online message says students can receive guaranteed jobs by sharing one post. The post provides dramatic details but does not identify a reliable official source or independent evidence. Readers should verify the claim before sharing it.,FAKE,Weather,Social Media/Unverified,Author_29,2026-04-25,Canada,English,42,False,0.13,67288,41653,2168
1920,Viral post claims a common household item can completely cure every disease,Social media users are circulating a story claiming that viral post claims a common household item can completely cure every disease. The claim appears sensational and should be checked against trustworthy news organizations and official statements.,FAKE,Entertainment,Social Media/Unverified,Author_140,2026-06-13,India,English,36,False,0.12,58663,9748,14604
1921,Government announces new scholarship program for college students,"According to an update shared by relevant organizations, government announces new scholarship program for college students. The report focuses on the available information and encourages readers to verify details through reliable sources.",REAL,Health,Official/Reported,Author_79,2026-05-19,India,English,32,True,0.92,22121,75870,5292
1922,Scientists discover a new method to improve solar panel efficiency,Officials and researchers have reported an update related to scientists discover a new method to improve solar panel efficiency. The information is being discussed through formal announcements and available reports. Readers are advised to check the original source for complete details.,REAL,Science,Official/Reported,Author_102,2026-05-17,India,English,41,True,0.98,12398,56517,4512
1923,Local university opens a new artificial intelligence research center,"A recent report discusses local university opens a new artificial intelligence research center. The development has attracted public attention, while further details are expected from relevant authorities and organizations.",REAL,Politics,Official/Reported,Author_61,2026-08-07,UK,English,29,True,0.95,52223,61661,8752
1924,New public transport route launched to connect rural areas,Officials and researchers have reported an update related to new public transport route launched to connect rural areas. The information is being discussed through formal announcements and available reports. Readers are advised to check the original source for complete details.,REAL,Science,Official/Reported,Author_119,2026-08-22,Australia,English,40,True,0.79,24474,9858,229
1925,Researchers publish study on reducing plastic waste in cities,Officials and researchers have reported an update related to researchers publish study on reducing plastic waste in cities. The information is being discussed through formal announcements and available reports. Readers are advised to check the original source for complete details.,REAL,Technology,Official/Reported,Author_126,2026-03-04,USA,English,40,True,0.81,55042,22499,9380
1926,Health department releases updated vaccination schedule,"According to an update shared by relevant organizations, health department releases updated vaccination schedule. The report focuses on the available information and encourages readers to verify details through reliable sources.",REAL,Business,Official/Reported,Author_126,2026-08-08,Canada,English,30,True,0.96,30370,70699,3981
1927,National bank introduces updated digital payment security guidelines,Officials and researchers have reported an update related to national bank introduces updated digital payment security guidelines. The information is being discussed through formal announcements and available reports. Readers are advised to check the original source for complete details.,REAL,Science,Official/Reported,Author_140,2026-06-14,India,English,39,True,0.83,75038,58940,12104
1928,Weather department issues rainfall advisory for several regions,Officials and researchers have reported an update related to weather department issues rainfall advisory for several regions. The information is being discussed through formal announcements and available reports. Readers are advised to check the original source for complete details.,REAL,Entertainment,Official/Reported,Author_140,2026-07-13,India,English,39,True,0.86,91775,8012,6597
1929,University launches internship program for engineering students,"A recent report discusses university launches internship program for engineering students. The development has attracted public attention, while further details are expected from relevant authorities and organizations.",REAL,Education,Official/Reported,Author_104,2026-03-28,India,English,27,True,0.84,305,49303,8857
1930,Technology company releases a software update with security fixes,Officials and researchers have reported an update related to technology company releases a software update with security fixes. The information is being discussed through formal announcements and available reports. Readers are advised to check the original source for complete details.,REAL,Technology,Official/Reported,Author_44,2026-03-08,UK,English,40,True,0.83,20878,11301,6444
1931,Celebrity secretly becomes president of the country overnight,"An unverified internet post claims that celebrity secretly becomes president of the country overnight. No dependable evidence is provided in the message, so the information should not be treated as confirmed without further verification.",FAKE,Business,Social Media/Unverified,Author_4,2026-06-18,Canada,English,34,False,0.38,90023,34727,6634
1932,Scientists confirm that drinking one glass of water gives superpowers,"An unverified internet post claims that scientists confirm that drinking one glass of water gives superpowers. No dependable evidence is provided in the message, so the information should not be treated as confirmed without further verification.",FAKE,Science,Social Media/Unverified,Author_19,2026-03-03,Australia,English,36,False,0.1,74441,52162,7482
1933,Government announces free smartphones for every citizen tomorrow,"An unverified internet post claims that government announces free smartphones for every citizen tomorrow. No dependable evidence is provided in the message, so the information should not be treated as confirmed without further verification.",FAKE,Politics,Social Media/Unverified,Author_143,2026-05-08,Canada,English,34,False,0.27,71032,37859,12834
1934,New app claims it can predict every person's future with 100 percent accuracy,"An unverified internet post claims that new app claims it can predict every person's future with 100 percent accuracy. No dependable evidence is provided in the message, so the information should not be treated as confirmed without further verification.",FAKE,Politics,Social Media/Unverified,Author_41,2026-03-02,UK,English,39,False,0.33,79330,30125,10851
1935,Internet users discover a hidden button that makes phones charge instantly,"An unverified internet post claims that internet users discover a hidden button that makes phones charge instantly. No dependable evidence is provided in the message, so the information should not be treated as confirmed without further verification.",FAKE,Weather,Social Media/Unverified,Author_65,2026-05-21,USA,English,37,False,0.15,79386,44270,13863
1936,Researchers prove that humans can survive without sleep for one year,"An unverified internet post claims that researchers prove that humans can survive without sleep for one year. No dependable evidence is provided in the message, so the information should not be treated as confirmed without further verification.",FAKE,Technology,Social Media/Unverified,Author_22,2026-05-12,Canada,English,37,False,0.27,66533,60020,13275
1937,Company announces that its laptop can run for ten years without charging,A viral online claim says that company announces that its laptop can run for ten years without charging. The post provides dramatic details but does not identify a reliable official source or independent evidence. Readers should verify the claim before sharing it.,FAKE,Entertainment,Social Media/Unverified,Author_24,2026-06-06,USA,English,42,False,0.36,52655,58670,6397
1938,Social media post claims the moon will disappear for seven days,Social media users are circulating a story claiming that social media post claims the moon will disappear for seven days. The claim appears sensational and should be checked against trustworthy news organizations and official statements.,FAKE,Education,Social Media/Unverified,Author_139,2026-03-01,Australia,English,35,False,0.21,49876,10227,10060
1939,Online message says students can receive guaranteed jobs by sharing one post,A viral online claim says that online message says students can receive guaranteed jobs by sharing one post. The post provides dramatic details but does not identify a reliable official source or independent evidence. Readers should verify the claim before sharing it.,FAKE,Entertainment,Social Media/Unverified,Author_127,2026-08-13,Australia,English,42,False,0.1,81751,75318,14996
1940,Viral post claims a common household item can completely cure every disease,Social media users are circulating a story claiming that viral post claims a common household item can completely cure every disease. The claim appears sensational and should be checked against trustworthy news organizations and official statements.,FAKE,Entertainment,Social Media/Unverified,Author_40,2026-03-11,Australia,English,36,False,0.25,64747,5009,12952
1941,Government announces new scholarship program for college students,"According to an update shared by relevant organizations, government announces new scholarship program for college students. The report focuses on the available information and encourages readers to verify details through reliable sources.",REAL,Business,Official/Reported,Author_135,2026-01-13,USA,English,32,True,0.91,31137,48328,849
1942,Scientists discover a new method to improve solar panel efficiency,"According to an update shared by relevant organizations, scientists discover a new method to improve solar panel efficiency. The report focuses on the available information and encourages readers to verify details through reliable sources.",REAL,Health,Official/Reported,Author_8,2026-06-25,Canada,English,34,True,0.84,81214,43504,11233
1943,Local university opens a new artificial intelligence research center,"A recent report discusses local university opens a new artificial intelligence research center. The development has attracted public attention, while further details are expected from relevant authorities and organizations.",REAL,Politics,Official/Reported,Author_8,2026-02-06,UK,English,29,True,0.97,23066,44914,13967
1944,New public transport route launched to connect rural areas,"A recent report discusses new public transport route launched to connect rural areas. The development has attracted public attention, while further details are expected from relevant authorities and organizations.",REAL,Health,Official/Reported,Author_65,2026-03-17,Canada,English,29,True,0.86,51661,25709,2299
1945,Researchers publish study on reducing plastic waste in cities,"A recent report discusses researchers publish study on reducing plastic waste in cities. The development has attracted public attention, while further details are expected from relevant authorities and organizations.",REAL,Health,Official/Reported,Author_48,2026-04-21,USA,English,29,True,0.91,96919,75509,13873
1946,Health department releases updated vaccination schedule,"A recent report discusses health department releases updated vaccination schedule. The development has attracted public attention, while further details are expected from relevant authorities and organizations.",REAL,Weather,Official/Reported,Author_57,2026-04-18,Australia,English,26,True,0.97,44598,53076,2693
1947,National bank introduces updated digital payment security guidelines,"A recent report discusses national bank introduces updated digital payment security guidelines. The development has attracted public attention, while further details are expected from relevant authorities and organizations.",REAL,Technology,Official/Reported,Author_84,2026-03-18,UK,English,28,True,0.92,63357,23322,14974
1948,Weather department issues rainfall advisory for several regions,"A recent report discusses weather department issues rainfall advisory for several regions. The development has attracted public attention, while further details are expected from relevant authorities and organizations.",REAL,Weather,Official/Reported,Author_43,2026-03-13,Australia,English,28,True,0.8,91052,29138,5625
1949,University launches internship program for engineering students,"According to an update shared by relevant organizations, university launches internship program for engineering students. The report focuses on the available information and encourages readers to verify details through reliable sources.",REAL,Business,Official/Reported,Author_27,2026-04-28,Australia,English,31,True,0.78,93151,51282,6049
1950,Technology company releases a software update with security fixes,"A recent report discusses technology company releases a software update with security fixes. The development has attracted public attention, while further details are expected from relevant authorities and organizations.",REAL,Politics,Official/Reported,Author_126,2026-05-13,Australia,English,29,True,0.83,79948,42005,12386
1951,Celebrity secretly becomes president of the country overnight,Social media users are circulating a story claiming that celebrity secretly becomes president of the country overnight. The claim appears sensational and should be checked against trustworthy news organizations and official statements.,FAKE,Health,Social Media/Unverified,Author_67,2026-04-01,USA,English,32,False,0.16,81691,15730,14381
1952,Scientists confirm that drinking one glass of water gives superpowers,"An unverified internet post claims that scientists confirm that drinking one glass of water gives superpowers. No dependable evidence is provided in the message, so the information should not be treated as confirmed without further verification.",FAKE,Technology,Social Media/Unverified,Author_29,2026-08-20,Canada,English,36,False,0.11,26112,68364,13648
1953,Government announces free smartphones for every citizen tomorrow,"An unverified internet post claims that government announces free smartphones for every citizen tomorrow. No dependable evidence is provided in the message, so the information should not be treated as confirmed without further verification.",FAKE,Business,Social Media/Unverified,Author_149,2026-04-09,India,English,34,False,0.08,47749,27554,6463
1954,New app claims it can predict every person's future with 100 percent accuracy,Social media users are circulating a story claiming that new app claims it can predict every person's future with 100 percent accuracy. The claim appears sensational and should be checked against trustworthy news organizations and official statements.,FAKE,Technology,Social Media/Unverified,Author_84,2026-05-15,India,English,37,False,0.16,42970,26520,1756
1955,Internet users discover a hidden button that makes phones charge instantly,A viral online claim says that internet users discover a hidden button that makes phones charge instantly. The post provides dramatic details but does not identify a reliable official source or independent evidence. Readers should verify the claim before sharing it.,FAKE,Science,Social Media/Unverified,Author_94,2026-04-27,Canada,English,41,False,0.22,68760,12768,3901
1956,Researchers prove that humans can survive without sleep for one year,Social media users are circulating a story claiming that researchers prove that humans can survive without sleep for one year. The claim appears sensational and should be checked against trustworthy news organizations and official statements.,FAKE,Entertainment,Social Media/Unverified,Author_82,2026-01-01,Australia,English,35,False,0.14,19629,14305,4644
1957,Company announces that its laptop can run for ten years without charging,A viral online claim says that company announces that its laptop can run for ten years without charging. The post provides dramatic details but does not identify a reliable official source or independent evidence. Readers should verify the claim before sharing it.,FAKE,Politics,Social Media/Unverified,Author_91,2026-03-15,Canada,English,42,False,0.27,16002,77564,8580
1958,Social media post claims the moon will disappear for seven days,Social media users are circulating a story claiming that social media post claims the moon will disappear for seven days. The claim appears sensational and should be checked against trustworthy news organizations and official statements.,FAKE,Politics,Social Media/Unverified,Author_34,2026-08-01,UK,English,35,False,0.18,30813,67409,8630
1959,Online message says students can receive guaranteed jobs by sharing one post,"An unverified internet post claims that online message says students can receive guaranteed jobs by sharing one post. No dependable evidence is provided in the message, so the information should not be treated as confirmed without further verification.",FAKE,Business,Social Media/Unverified,Author_103,2026-03-05,UK,English,38,False,0.25,56128,54541,956
1960,Viral post claims a common household item can completely cure every disease,Social media users are circulating a story claiming that viral post claims a common household item can completely cure every disease. The claim appears sensational and should be checked against trustworthy news organizations and official statements.,FAKE,Weather,Social Media/Unverified,Author_116,2026-08-09,UK,English,36,False,0.35,18126,64585,11568
1961,Government announces new scholarship program for college students,"A recent report discusses government announces new scholarship program for college students. The development has attracted public attention, while further details are expected from relevant authorities and organizations.",REAL,Business,Official/Reported,Author_72,2026-06-24,Australia,English,28,True,0.85,47682,41597,12904
1962,Scientists discover a new method to improve solar panel efficiency,"According to an update shared by relevant organizations, scientists discover a new method to improve solar panel efficiency. The report focuses on the available information and encourages readers to verify details through reliable sources.",REAL,Health,Official/Reported,Author_46,2026-03-10,Australia,English,34,True,0.97,10886,56117,5444
1963,Local university opens a new artificial intelligence research center,Officials and researchers have reported an update related to local university opens a new artificial intelligence research center. The information is being discussed through formal announcements and available reports. Readers are advised to check the original source for complete details.,REAL,Science,Official/Reported,Author_2,2026-01-02,USA,English,40,True,0.94,48834,30095,9606
1964,New public transport route launched to connect rural areas,"According to an update shared by relevant organizations, new public transport route launched to connect rural areas. The report focuses on the available information and encourages readers to verify details through reliable sources.",REAL,Education,Official/Reported,Author_19,2026-04-05,India,English,33,True,0.94,41609,9080,3413
1965,Researchers publish study on reducing plastic waste in cities,Officials and researchers have reported an update related to researchers publish study on reducing plastic waste in cities. The information is being discussed through formal announcements and available reports. Readers are advised to check the original source for complete details.,REAL,Business,Official/Reported,Author_88,2026-08-02,Australia,English,40,True,0.8,82979,55800,9102
1966,Health department releases updated vaccination schedule,"According to an update shared by relevant organizations, health department releases updated vaccination schedule. The report focuses on the available information and encourages readers to verify details through reliable sources.",REAL,Science,Official/Reported,Author_26,2026-05-10,UK,English,30,True,0.95,68795,50214,6321
1967,National bank introduces updated digital payment security guidelines,"According to an update shared by relevant organizations, national bank introduces updated digital payment security guidelines. The report focuses on the available information and encourages readers to verify details through reliable sources.",REAL,Entertainment,Official/Reported,Author_37,2026-08-28,USA,English,32,True,0.85,83545,57816,11786
1968,Weather department issues rainfall advisory for several regions,"A recent report discusses weather department issues rainfall advisory for several regions. The development has attracted public attention, while further details are expected from relevant authorities and organizations.",REAL,Weather,Official/Reported,Author_39,2026-01-05,UK,English,28,True,0.95,96839,21986,6042
1969,University launches internship program for engineering students,"A recent report discusses university launches internship program for engineering students. The development has attracted public attention, while further details are expected from relevant authorities and organizations.",REAL,Education,Official/Reported,Author_18,2026-04-26,USA,English,27,True,0.92,13885,17532,3119
1970,Technology company releases a software update with security fixes,Officials and researchers have reported an update related to technology company releases a software update with security fixes. The information is being discussed through formal announcements and available reports. Readers are advised to check the original source for complete details.,REAL,Science,Official/Reported,Author_52,2026-03-27,India,English,40,True,0.9,81807,12142,966
1971,Celebrity secretly becomes president of the country overnight,Social media users are circulating a story claiming that celebrity secretly becomes president of the country overnight. The claim appears sensational and should be checked against trustworthy news organizations and official statements.,FAKE,Politics,Social Media/Unverified,Author_24,2026-04-14,UK,English,32,False,0.22,26743,72454,7588
1972,Scientists confirm that drinking one glass of water gives superpowers,Social media users are circulating a story claiming that scientists confirm that drinking one glass of water gives superpowers. The claim appears sensational and should be checked against trustworthy news organizations and official statements.,FAKE,Politics,Social Media/Unverified,Author_137,2026-03-25,Canada,English,34,False,0.19,92568,11420,10897
1973,Government announces free smartphones for every citizen tomorrow,Social media users are circulating a story claiming that government announces free smartphones for every citizen tomorrow. The claim appears sensational and should be checked against trustworthy news organizations and official statements.,FAKE,Science,Social Media/Unverified,Author_47,2026-06-16,Canada,English,32,False,0.16,97898,47608,9208
1974,New app claims it can predict every person's future with 100 percent accuracy,"An unverified internet post claims that new app claims it can predict every person's future with 100 percent accuracy. No dependable evidence is provided in the message, so the information should not be treated as confirmed without further verification.",FAKE,Health,Social Media/Unverified,Author_124,2026-03-13,USA,English,39,False,0.35,4295,42660,2333
1975,Internet users discover a hidden button that makes phones charge instantly,"An unverified internet post claims that internet users discover a hidden button that makes phones charge instantly. No dependable evidence is provided in the message, so the information should not be treated as confirmed without further verification.",FAKE,Technology,Social Media/Unverified,Author_131,2026-08-13,Australia,English,37,False,0.13,13412,51450,869
1976,Researchers prove that humans can survive without sleep for one year,"An unverified internet post claims that researchers prove that humans can survive without sleep for one year. No dependable evidence is provided in the message, so the information should not be treated as confirmed without further verification.",FAKE,Science,Social Media/Unverified,Author_113,2026-02-21,Canada,English,37,False,0.11,59931,28194,3249
1977,Company announces that its laptop can run for ten years without charging,Social media users are circulating a story claiming that company announces that its laptop can run for ten years without charging. The claim appears sensational and should be checked against trustworthy news organizations and official statements.,FAKE,Education,Social Media/Unverified,Author_145,2026-03-27,India,English,36,False,0.16,22625,20346,9447
1978,Social media post claims the moon will disappear for seven days,"An unverified internet post claims that social media post claims the moon will disappear for seven days. No dependable evidence is provided in the message, so the information should not be treated as confirmed without further verification.",FAKE,Education,Social Media/Unverified,Author_106,2026-03-04,Canada,English,37,False,0.33,86156,76705,1234
1979,Online message says students can receive guaranteed jobs by sharing one post,"An unverified internet post claims that online message says students can receive guaranteed jobs by sharing one post. No dependable evidence is provided in the message, so the information should not be treated as confirmed without further verification.",FAKE,Health,Social Media/Unverified,Author_61,2026-03-08,USA,English,38,False,0.16,47679,32054,12932
1980,Viral post claims a common household item can completely cure every disease,"An unverified internet post claims that viral post claims a common household item can completely cure every disease. No dependable evidence is provided in the message, so the information should not be treated as confirmed without further verification.",FAKE,Education,Social Media/Unverified,Author_82,2026-05-09,Canada,English,38,False,0.09,95009,60694,12076
1981,Government announces new scholarship program for college students,"According to an update shared by relevant organizations, government announces new scholarship program for college students. The report focuses on the available information and encourages readers to verify details through reliable sources.",REAL,Entertainment,Official/Reported,Author_57,2026-03-26,Canada,English,32,True,0.82,2573,74852,5449
1982,Scientists discover a new method to improve solar panel efficiency,"A recent report discusses scientists discover a new method to improve solar panel efficiency. The development has attracted public attention, while further details are expected from relevant authorities and organizations.",REAL,Health,Official/Reported,Author_148,2026-08-20,India,English,30,True,0.79,58576,79121,13514
1983,Local university opens a new artificial intelligence research center,"According to an update shared by relevant organizations, local university opens a new artificial intelligence research center. The report focuses on the available information and encourages readers to verify details through reliable sources.",REAL,Entertainment,Official/Reported,Author_1,2026-03-19,USA,English,33,True,0.86,21255,7271,5424
1984,New public transport route launched to connect rural areas,Officials and researchers have reported an update related to new public transport route launched to connect rural areas. The information is being discussed through formal announcements and available reports. Readers are advised to check the original source for complete details.,REAL,Entertainment,Official/Reported,Author_135,2026-08-24,India,English,40,True,0.8,92798,42849,2265
1985,Researchers publish study on reducing plastic waste in cities,"According to an update shared by relevant organizations, researchers publish study on reducing plastic waste in cities. The report focuses on the available information and encourages readers to verify details through reliable sources.",REAL,Education,Official/Reported,Author_34,2026-03-01,India,English,33,True,0.78,47760,52057,11947
1986,Health department releases updated vaccination schedule,"According to an update shared by relevant organizations, health department releases updated vaccination schedule. The report focuses on the available information and encourages readers to verify details through reliable sources.",REAL,Politics,Official/Reported,Author_141,2026-04-06,India,English,30,True,0.96,34784,72646,8010
1987,National bank introduces updated digital payment security guidelines,"According to an update shared by relevant organizations, national bank introduces updated digital payment security guidelines. The report focuses on the available information and encourages readers to verify details through reliable sources.",REAL,Entertainment,Official/Reported,Author_133,2026-08-12,USA,English,32,True,0.92,94649,48789,10933
1988,Weather department issues rainfall advisory for several regions,"According to an update shared by relevant organizations, weather department issues rainfall advisory for several regions. The report focuses on the available information and encourages readers to verify details through reliable sources.",REAL,Business,Official/Reported,Author_48,2026-04-21,Australia,English,32,True,0.84,7989,5305,3309
1989,University launches internship program for engineering students,Officials and researchers have reported an update related to university launches internship program for engineering students. The information is being discussed through formal announcements and available reports. Readers are advised to check the original source for complete details.,REAL,Health,Official/Reported,Author_78,2026-04-13,India,English,38,True,0.95,75225,42044,1793
1990,Technology company releases a software update with security fixes,"A recent report discusses technology company releases a software update with security fixes. The development has attracted public attention, while further details are expected from relevant authorities and organizations.",REAL,Technology,Official/Reported,Author_89,2026-03-07,Australia,English,29,True,0.97,12274,2998,12762
1991,Celebrity secretly becomes president of the country overnight,A viral online claim says that celebrity secretly becomes president of the country overnight. The post provides dramatic details but does not identify a reliable official source or independent evidence. Readers should verify the claim before sharing it.,FAKE,Science,Social Media/Unverified,Author_90,2026-01-03,UK,English,38,False,0.12,36341,67032,3159
1992,Scientists confirm that drinking one glass of water gives superpowers,A viral online claim says that scientists confirm that drinking one glass of water gives superpowers. The post provides dramatic details but does not identify a reliable official source or independent evidence. Readers should verify the claim before sharing it.,FAKE,Education,Social Media/Unverified,Author_2,2026-07-16,India,English,40,False,0.12,77799,65523,1522
1993,Government announces free smartphones for every citizen tomorrow,"An unverified internet post claims that government announces free smartphones for every citizen tomorrow. No dependable evidence is provided in the message, so the information should not be treated as confirmed without further verification.",FAKE,Technology,Social Media/Unverified,Author_38,2026-07-02,USA,English,34,False,0.31,15156,27169,2578
1994,New app claims it can predict every person's future with 100 percent accuracy,A viral online claim says that new app claims it can predict every person's future with 100 percent accuracy. The post provides dramatic details but does not identify a reliable official source or independent evidence. Readers should verify the claim before sharing it.,FAKE,Entertainment,Social Media/Unverified,Author_105,2026-08-25,USA,English,43,False,0.07,79418,11701,1899
1995,Internet users discover a hidden button that makes phones charge instantly,A viral online claim says that internet users discover a hidden button that makes phones charge instantly. The post provides dramatic details but does not identify a reliable official source or independent evidence. Readers should verify the claim before sharing it.,FAKE,Weather,Social Media/Unverified,Author_104,2026-02-05,USA,English,41,False,0.06,80948,4188,7315
1996,Researchers prove that humans can survive without sleep for one year,A viral online claim says that researchers prove that humans can survive without sleep for one year. The post provides dramatic details but does not identify a reliable official source or independent evidence. Readers should verify the claim before sharing it.,FAKE,Business,Social Media/Unverified,Author_136,2026-08-08,USA,English,41,False,0.37,97891,28066,606
1997,Company announces that its laptop can run for ten years without charging,Social media users are circulating a story claiming that company announces that its laptop can run for ten years without charging. The claim appears sensational and should be checked against trustworthy news organizations and official statements.,FAKE,Education,Social Media/Unverified,Author_111,2026-07-11,USA,English,36,False,0.24,86561,23445,7460
1998,Social media post claims the moon will disappear for seven days,"An unverified internet post claims that social media post claims the moon will disappear for seven days. No dependable evidence is provided in the message, so the information should not be treated as confirmed without further verification.",FAKE,Health,Social Media/Unverified,Author_134,2026-02-05,UK,English,37,False,0.11,11819,37288,372
1999,Online message says students can receive guaranteed jobs by sharing one post,"An unverified internet post claims that online message says students can receive guaranteed jobs by sharing one post. No dependable evidence is provided in the message, so the information should not be treated as confirmed without further verification.",FAKE,Weather,Social Media/Unverified,Author_135,2026-03-11,India,English,38,False,0.25,42823,17651,2459
2000,Viral post claims a common household item can completely cure every disease,"An unverified internet post claims that viral post claims a common household item can completely cure every disease. No dependable evidence is provided in the message, so the information should not be treated as confirmed without further verification.",FAKE,Health,Social Media/Unverified,Author_97,2026-03-01,Australia,English,38,False,0.12,48077,45876,11822
